game_id,season,week,game_type,home_team,away_team,kickoff_utc,lat,lon,rec_wind,total_line,total,under_odds,fc_wind,fc_gust,fc_rule,fc_known,rec_rule,result,units
2015_01_BAL_DEN,2015,1,REG,DEN,BAL,2015-09-13T20:25:00+00:00,39.744,-105.02,13.0,46.5,32.0,-105.0,,,False,False,True,W,0.952381
2015_01_CAR_JAX,2015,1,REG,JAX,CAR,2015-09-13T17:00:00+00:00,30.324,-81.637,7.0,41.0,29.0,-107.0,,,False,False,False,W,0.934579
2015_01_CIN_OAK,2015,1,REG,LV,CIN,2015-09-13T20:25:00+00:00,37.752,-122.201,9.0,43.0,46.0,-110.0,,,False,False,False,L,-1.0
2015_01_CLE_NYJ,2015,1,REG,NYJ,CLE,2015-09-13T17:00:00+00:00,40.813,-74.075,8.0,39.0,41.0,-107.0,,,False,False,False,L,-1.0
2015_01_DET_SD,2015,1,REG,LAC,DET,2015-09-13T20:05:00+00:00,32.783,-117.12,10.0,45.5,61.0,-104.0,,,False,False,True,L,-1.0
2015_01_GB_CHI,2015,1,REG,CHI,GB,2015-09-13T17:00:00+00:00,41.862,-87.617,11.0,48.5,54.0,-107.0,,,False,False,True,L,-1.0
2015_01_IND_BUF,2015,1,REG,BUF,IND,2015-09-13T17:00:00+00:00,42.774,-78.787,15.0,44.5,41.0,102.0,,,False,False,True,W,1.02
2015_01_MIA_WAS,2015,1,REG,WAS,MIA,2015-09-13T17:00:00+00:00,38.908,-76.865,10.0,45.5,27.0,-103.0,,,False,False,True,W,0.970874
2015_01_MIN_SF,2015,1,REG,SF,MIN,2015-09-15T02:20:00+00:00,37.403,-121.97,5.0,42.5,23.0,-113.0,,,False,False,False,W,0.884956
2015_01_PIT_NE,2015,1,REG,NE,PIT,2015-09-11T00:30:00+00:00,42.091,-71.264,7.0,51.0,49.0,-107.0,,,False,False,False,W,0.934579
2015_01_TEN_TB,2015,1,REG,TB,TEN,2015-09-13T20:25:00+00:00,27.976,-82.503,8.0,40.5,56.0,-102.0,,,False,False,False,L,-1.0
2015_02_ARI_CHI,2015,2,REG,CHI,ARI,2015-09-20T17:00:00+00:00,41.862,-87.617,6.0,45.5,71.0,-105.0,,,False,False,False,L,-1.0
2015_02_ATL_NYG,2015,2,REG,NYG,ATL,2015-09-20T17:00:00+00:00,40.813,-74.075,9.0,49.5,44.0,-107.0,,,False,False,False,W,0.934579
2015_02_BAL_OAK,2015,2,REG,LV,BAL,2015-09-20T20:05:00+00:00,37.752,-122.201,8.0,42.0,70.0,-104.0,,,False,False,False,L,-1.0
2015_02_DAL_PHI,2015,2,REG,PHI,DAL,2015-09-20T20:25:00+00:00,39.901,-75.168,15.0,53.0,30.0,-104.0,,,False,False,True,W,0.961538
2015_02_DEN_KC,2015,2,REG,KC,DEN,2015-09-18T00:25:00+00:00,39.049,-94.484,13.0,42.0,55.0,100.0,,,False,False,True,L,-1.0
2015_02_HOU_CAR,2015,2,REG,CAR,HOU,2015-09-20T17:00:00+00:00,35.226,-80.853,6.0,41.0,41.0,-108.0,,,False,False,False,P,0.0
2015_02_MIA_JAX,2015,2,REG,JAX,MIA,2015-09-20T20:05:00+00:00,30.324,-81.637,5.0,42.5,43.0,-105.0,,,False,False,False,L,-1.0
2015_02_NE_BUF,2015,2,REG,BUF,NE,2015-09-20T17:00:00+00:00,42.774,-78.787,7.0,45.0,72.0,-105.0,,,False,False,False,L,-1.0
2015_02_SD_CIN,2015,2,REG,CIN,LAC,2015-09-20T17:00:00+00:00,39.096,-84.516,6.0,47.5,43.0,-108.0,,,False,False,False,W,0.925926
2015_02_SEA_GB,2015,2,REG,GB,SEA,2015-09-21T00:30:00+00:00,44.501,-88.062,9.0,49.0,44.0,-104.0,,,False,False,False,W,0.961538
2015_02_SF_PIT,2015,2,REG,PIT,SF,2015-09-20T17:00:00+00:00,40.447,-80.016,10.0,46.0,61.0,-105.0,,,False,False,True,L,-1.0
2015_02_STL_WAS,2015,2,REG,WAS,LA,2015-09-20T17:00:00+00:00,38.908,-76.865,9.0,41.0,34.0,-109.0,,,False,False,False,W,0.917431
2015_02_TEN_CLE,2015,2,REG,CLE,TEN,2015-09-20T17:00:00+00:00,41.506,-81.7,12.0,41.0,42.0,100.0,,,False,False,True,L,-1.0
2015_03_BUF_MIA,2015,3,REG,MIA,BUF,2015-09-27T20:25:00+00:00,25.958,-80.239,6.0,43.5,55.0,-107.0,,,False,False,False,L,-1.0
2015_03_CHI_SEA,2015,3,REG,SEA,CHI,2015-09-27T20:25:00+00:00,47.595,-122.332,5.0,43.5,26.0,-103.0,,,False,False,False,W,0.970874
2015_03_CIN_BAL,2015,3,REG,BAL,CIN,2015-09-27T17:00:00+00:00,39.278,-76.623,12.0,45.5,52.0,-105.0,,,False,False,True,L,-1.0
2015_03_IND_TEN,2015,3,REG,TEN,IND,2015-09-27T17:00:00+00:00,36.166,-86.771,3.0,46.5,68.0,-102.0,,,False,False,False,L,-1.0
2015_03_JAX_NE,2015,3,REG,NE,JAX,2015-09-27T17:00:00+00:00,42.091,-71.264,6.0,48.5,68.0,-102.0,,,False,False,False,L,-1.0
2015_03_KC_GB,2015,3,REG,GB,KC,2015-09-29T00:30:00+00:00,44.501,-88.062,5.0,47.0,66.0,-108.0,,,False,False,False,L,-1.0
2015_03_NO_CAR,2015,3,REG,CAR,NO,2015-09-27T17:00:00+00:00,35.226,-80.853,9.0,43.0,49.0,-103.0,,,False,False,False,L,-1.0
2015_03_OAK_CLE,2015,3,REG,CLE,LV,2015-09-27T17:00:00+00:00,41.506,-81.7,16.0,43.5,47.0,-108.0,,,False,False,True,L,-1.0
2015_03_PHI_NYJ,2015,3,REG,NYJ,PHI,2015-09-27T17:00:00+00:00,40.813,-74.075,7.0,47.0,41.0,-105.0,,,False,False,False,W,0.952381
2015_03_WAS_NYG,2015,3,REG,NYG,WAS,2015-09-25T00:25:00+00:00,40.813,-74.075,4.0,45.0,53.0,-101.0,,,False,False,False,L,-1.0
2015_04_BAL_PIT,2015,4,REG,PIT,BAL,2015-10-02T00:25:00+00:00,40.447,-80.016,8.0,44.0,43.0,100.0,,,False,False,False,W,1.0
2015_04_CAR_TB,2015,4,REG,TB,CAR,2015-10-04T17:00:00+00:00,27.976,-82.503,5.0,40.0,60.0,-110.0,,,False,False,False,L,-1.0
2015_04_CLE_SD,2015,4,REG,LAC,CLE,2015-10-04T20:05:00+00:00,32.783,-117.12,11.0,44.5,57.0,100.0,,,False,False,True,L,-1.0
2015_04_DET_SEA,2015,4,REG,SEA,DET,2015-10-06T00:30:00+00:00,47.595,-122.332,8.0,43.0,23.0,-103.0,,,False,False,False,W,0.970874
2015_04_GB_SF,2015,4,REG,SF,GB,2015-10-04T20:25:00+00:00,37.403,-121.97,5.0,48.0,20.0,-103.0,,,False,False,False,W,0.970874
2015_04_KC_CIN,2015,4,REG,CIN,KC,2015-10-04T17:00:00+00:00,39.096,-84.516,5.0,45.0,57.0,-103.0,,,False,False,False,L,-1.0
2015_04_MIN_DEN,2015,4,REG,DEN,MIN,2015-10-04T20:25:00+00:00,39.744,-105.02,9.0,43.5,43.0,-102.0,,,False,False,False,W,0.980392
2015_04_NYG_BUF,2015,4,REG,BUF,NYG,2015-10-04T17:00:00+00:00,42.774,-78.787,8.0,46.5,34.0,-103.0,,,False,False,False,W,0.970874
2015_04_NYJ_MIA,2015,4,REG,MIA,NYJ,2015-10-04T13:30:00+00:00,51.556,-0.28,5.0,42.0,41.0,-110.0,,,False,False,False,W,0.909091
2015_04_OAK_CHI,2015,4,REG,CHI,LV,2015-10-04T17:00:00+00:00,41.862,-87.617,12.0,44.5,42.0,101.0,,,False,False,True,W,1.01
2015_04_PHI_WAS,2015,4,REG,WAS,PHI,2015-10-04T17:00:00+00:00,38.908,-76.865,13.0,46.0,43.0,109.0,,,False,False,True,W,1.09
2015_05_BUF_TEN,2015,5,REG,TEN,BUF,2015-10-11T17:00:00+00:00,36.166,-86.771,5.0,43.0,27.0,-105.0,,,False,False,False,W,0.952381
2015_05_CHI_KC,2015,5,REG,KC,CHI,2015-10-11T17:00:00+00:00,39.049,-94.484,10.0,44.0,35.0,-105.0,,,False,False,True,W,0.952381
2015_05_CLE_BAL,2015,5,REG,BAL,CLE,2015-10-11T17:00:00+00:00,39.278,-76.623,2.0,43.0,63.0,-105.0,,,False,False,False,L,-1.0
2015_05_DEN_OAK,2015,5,REG,LV,DEN,2015-10-11T20:25:00+00:00,37.752,-122.201,10.0,44.5,26.0,100.0,,,False,False,True,W,1.0
2015_05_JAX_TB,2015,5,REG,TB,JAX,2015-10-11T17:00:00+00:00,27.976,-82.503,9.0,41.0,69.0,-110.0,,,False,False,False,L,-1.0
2015_05_NO_PHI,2015,5,REG,PHI,NO,2015-10-11T17:00:00+00:00,39.901,-75.168,6.0,49.5,56.0,-110.0,,,False,False,False,L,-1.0
2015_05_PIT_SD,2015,5,REG,LAC,PIT,2015-10-13T00:30:00+00:00,32.783,-117.12,10.0,45.5,44.0,-104.0,,,False,False,True,W,0.961538
2015_05_SEA_CIN,2015,5,REG,CIN,SEA,2015-10-11T17:00:00+00:00,39.096,-84.516,3.0,44.5,51.0,100.0,,,False,False,False,L,-1.0
2015_05_SF_NYG,2015,5,REG,NYG,SF,2015-10-12T00:30:00+00:00,40.813,-74.075,4.0,43.5,57.0,-110.0,,,False,False,False,L,-1.0
2015_05_STL_GB,2015,5,REG,GB,LA,2015-10-11T17:00:00+00:00,44.501,-88.062,14.0,45.0,34.0,-110.0,,,False,False,True,W,0.909091
2015_06_ARI_PIT,2015,6,REG,PIT,ARI,2015-10-18T17:00:00+00:00,40.447,-80.016,12.0,45.0,38.0,-109.0,,,False,False,True,W,0.917431
2015_06_BAL_SF,2015,6,REG,SF,BAL,2015-10-18T20:25:00+00:00,37.403,-121.97,7.0,43.5,45.0,-105.0,,,False,False,False,L,-1.0
2015_06_CAR_SEA,2015,6,REG,SEA,CAR,2015-10-18T20:05:00+00:00,47.595,-122.332,5.0,41.0,50.0,-106.0,,,False,False,False,L,-1.0
2015_06_CIN_BUF,2015,6,REG,BUF,CIN,2015-10-18T17:00:00+00:00,42.774,-78.787,4.0,42.5,55.0,-110.0,,,False,False,False,L,-1.0
2015_06_DEN_CLE,2015,6,REG,CLE,DEN,2015-10-18T17:00:00+00:00,41.506,-81.7,20.0,41.5,49.0,-105.0,,,False,False,True,L,-1.0
2015_06_HOU_JAX,2015,6,REG,JAX,HOU,2015-10-18T17:00:00+00:00,30.324,-81.637,18.0,43.5,51.0,100.0,,,False,False,True,L,-1.0
2015_06_MIA_TEN,2015,6,REG,TEN,MIA,2015-10-18T17:00:00+00:00,36.166,-86.771,8.0,44.0,48.0,-104.0,,,False,False,False,L,-1.0
2015_06_NYG_PHI,2015,6,REG,PHI,NYG,2015-10-20T00:30:00+00:00,39.901,-75.168,6.0,50.5,34.0,-108.0,,,False,False,False,W,0.925926
2015_06_SD_GB,2015,6,REG,GB,LAC,2015-10-18T20:25:00+00:00,44.501,-88.062,12.0,50.0,47.0,-109.0,,,False,False,True,W,0.917431
2015_06_WAS_NYJ,2015,6,REG,NYJ,WAS,2015-10-18T17:00:00+00:00,40.813,-74.075,16.0,39.5,54.0,-109.0,,,False,False,True,L,-1.0
2015_07_ATL_TEN,2015,7,REG,TEN,ATL,2015-10-25T17:00:00+00:00,36.166,-86.771,8.0,45.5,17.0,-105.0,,,False,False,False,W,0.952381
2015_07_BUF_JAX,2015,7,REG,JAX,BUF,2015-10-25T13:30:00+00:00,51.556,-0.28,2.0,41.0,65.0,-101.0,,,False,False,False,L,-1.0
2015_07_DAL_NYG,2015,7,REG,NYG,DAL,2015-10-25T20:25:00+00:00,40.813,-74.075,14.0,44.5,47.0,-103.0,,,False,False,True,L,-1.0
2015_07_HOU_MIA,2015,7,REG,MIA,HOU,2015-10-25T17:00:00+00:00,25.958,-80.239,13.0,46.5,70.0,102.0,,,False,False,True,L,-1.0
2015_07_NYJ_NE,2015,7,REG,NE,NYJ,2015-10-25T17:00:00+00:00,42.091,-71.264,9.0,47.0,53.0,-110.0,,,False,False,False,L,-1.0
2015_07_OAK_SD,2015,7,REG,LAC,LV,2015-10-25T20:05:00+00:00,32.783,-117.12,4.0,48.0,66.0,-108.0,,,False,False,False,L,-1.0
2015_07_PHI_CAR,2015,7,REG,CAR,PHI,2015-10-26T00:30:00+00:00,35.226,-80.853,0.0,46.0,43.0,-105.0,,,False,False,False,W,0.952381
2015_07_PIT_KC,2015,7,REG,KC,PIT,2015-10-25T17:00:00+00:00,39.049,-94.484,7.0,41.5,36.0,-107.0,,,False,False,False,W,0.934579
2015_07_SEA_SF,2015,7,REG,SF,SEA,2015-10-23T00:25:00+00:00,37.403,-121.97,8.0,41.5,23.0,-103.0,,,False,False,False,W,0.970874
2015_07_TB_WAS,2015,7,REG,WAS,TB,2015-10-25T17:00:00+00:00,38.908,-76.865,5.0,42.0,61.0,-107.0,,,False,False,False,L,-1.0
2015_08_ARI_CLE,2015,8,REG,CLE,ARI,2015-11-01T18:00:00+00:00,41.506,-81.7,21.0,46.0,54.0,-102.0,,,False,False,True,L,-1.0
2015_08_CIN_PIT,2015,8,REG,PIT,CIN,2015-11-01T18:00:00+00:00,40.447,-80.016,11.0,49.0,26.0,-110.0,,,False,False,True,W,0.909091
2015_08_DET_KC,2015,8,REG,KC,DET,2015-11-01T14:30:00+00:00,51.556,-0.28,2.0,45.0,55.0,102.0,,,False,False,False,L,-1.0
2015_08_GB_DEN,2015,8,REG,DEN,GB,2015-11-02T01:30:00+00:00,39.744,-105.02,9.0,46.0,39.0,100.0,,,False,False,False,W,1.0
2015_08_IND_CAR,2015,8,REG,CAR,IND,2015-11-03T01:30:00+00:00,35.226,-80.853,7.0,44.5,55.0,100.0,,,False,False,False,L,-1.0
2015_08_MIA_NE,2015,8,REG,NE,MIA,2015-10-30T00:25:00+00:00,42.091,-71.264,10.0,51.0,43.0,-112.0,,,False,False,True,W,0.892857
2015_08_MIN_CHI,2015,8,REG,CHI,MIN,2015-11-01T18:00:00+00:00,41.862,-87.617,11.0,43.5,43.0,-108.0,,,False,False,True,W,0.925926
2015_08_NYJ_OAK,2015,8,REG,LV,NYJ,2015-11-01T21:05:00+00:00,37.752,-122.201,8.0,43.5,54.0,-103.0,,,False,False,False,L,-1.0
2015_08_SD_BAL,2015,8,REG,BAL,LAC,2015-11-01T18:00:00+00:00,39.278,-76.623,10.0,50.0,55.0,-117.0,,,False,False,True,L,-1.0
2015_09_ATL_SF,2015,9,REG,SF,ATL,2015-11-08T21:05:00+00:00,37.403,-121.97,0.0,43.5,33.0,100.0,,,False,False,False,W,1.0
2015_09_CHI_SD,2015,9,REG,LAC,CHI,2015-11-10T01:30:00+00:00,32.783,-117.12,9.0,49.0,41.0,-110.0,,,False,False,False,W,0.909091
2015_09_CLE_CIN,2015,9,REG,CIN,CLE,2015-11-06T01:25:00+00:00,39.096,-84.516,4.0,45.5,41.0,-109.0,,,False,False,False,W,0.917431
2015_09_GB_CAR,2015,9,REG,CAR,GB,2015-11-08T18:00:00+00:00,35.226,-80.853,10.0,45.5,66.0,-105.0,,,False,False,True,L,-1.0
2015_09_JAX_NYJ,2015,9,REG,NYJ,JAX,2015-11-08T18:00:00+00:00,40.813,-74.075,10.0,42.0,51.0,-107.0,,,False,False,True,L,-1.0
2015_09_MIA_BUF,2015,9,REG,BUF,MIA,2015-11-08T18:00:00+00:00,42.774,-78.787,7.0,44.0,50.0,-104.0,,,False,False,False,L,-1.0
2015_09_NYG_TB,2015,9,REG,TB,NYG,2015-11-08T21:05:00+00:00,27.976,-82.503,3.0,49.0,50.0,101.0,,,False,False,False,L,-1.0
2015_09_OAK_PIT,2015,9,REG,PIT,LV,2015-11-08T18:00:00+00:00,40.447,-80.016,5.0,47.5,73.0,-107.0,,,False,False,False,L,-1.0
2015_09_WAS_NE,2015,9,REG,NE,WAS,2015-11-08T18:00:00+00:00,42.091,-71.264,12.0,51.5,37.0,-108.0,,,False,False,True,W,0.925926
2015_10_ARI_SEA,2015,10,REG,SEA,ARI,2015-11-16T01:30:00+00:00,47.595,-122.332,0.0,43.5,71.0,-106.0,,,False,False,False,L,-1.0
2015_10_BUF_NYJ,2015,10,REG,NYJ,BUF,2015-11-13T01:25:00+00:00,40.813,-74.075,16.0,41.5,39.0,104.0,,,False,False,True,W,1.04
2015_10_CAR_TEN,2015,10,REG,TEN,CAR,2015-11-15T18:00:00+00:00,36.166,-86.771,2.0,42.5,37.0,-107.0,,,False,False,False,W,0.934579
2015_10_CLE_PIT,2015,10,REG,PIT,CLE,2015-11-15T18:00:00+00:00,40.447,-80.016,12.0,43.5,39.0,101.0,,,False,False,True,W,1.01
2015_10_DAL_TB,2015,10,REG,TB,DAL,2015-11-15T18:00:00+00:00,27.976,-82.503,13.0,43.5,16.0,104.0,,,False,False,True,W,1.04
2015_10_DET_GB,2015,10,REG,GB,DET,2015-11-15T18:00:00+00:00,44.501,-88.062,7.0,50.0,34.0,-102.0,,,False,False,False,W,0.980392
2015_10_HOU_CIN,2015,10,REG,CIN,HOU,2015-11-17T01:30:00+00:00,39.096,-84.516,4.0,46.5,16.0,-102.0,,,False,False,False,W,0.980392
2015_10_JAX_BAL,2015,10,REG,BAL,JAX,2015-11-15T18:00:00+00:00,39.278,-76.623,10.0,47.0,42.0,-106.0,,,False,False,True,W,0.943396
2015_10_KC_DEN,2015,10,REG,DEN,KC,2015-11-15T21:25:00+00:00,39.744,-105.02,5.0,42.0,42.0,-101.0,,,False,False,False,P,0.0
2015_10_MIA_PHI,2015,10,REG,PHI,MIA,2015-11-15T18:00:00+00:00,39.901,-75.168,13.0,49.0,39.0,-103.0,,,False,False,True,W,0.970874
2015_10_MIN_OAK,2015,10,REG,LV,MIN,2015-11-15T21:05:00+00:00,37.752,-122.201,31.0,44.0,44.0,-107.0,,,False,False,True,P,0.0
2015_10_NE_NYG,2015,10,REG,NYG,NE,2015-11-15T21:25:00+00:00,40.813,-74.075,8.0,52.5,53.0,-104.0,,,False,False,False,L,-1.0
2015_10_NO_WAS,2015,10,REG,WAS,NO,2015-11-15T18:00:00+00:00,38.908,-76.865,5.0,52.0,61.0,-105.0,,,False,False,False,L,-1.0
2015_11_BUF_NE,2015,11,REG,NE,BUF,2015-11-24T01:30:00+00:00,42.091,-71.264,8.0,47.5,33.0,102.0,,,False,False,False,W,1.02
2015_11_DAL_MIA,2015,11,REG,MIA,DAL,2015-11-22T18:00:00+00:00,25.958,-80.239,10.0,45.0,38.0,-105.0,,,False,False,True,W,0.952381
2015_11_DEN_CHI,2015,11,REG,CHI,DEN,2015-11-22T18:00:00+00:00,41.862,-87.617,9.0,41.5,32.0,-101.0,,,False,False,False,W,0.990099
2015_11_KC_SD,2015,11,REG,LAC,KC,2015-11-22T21:05:00+00:00,32.783,-117.12,4.0,45.5,36.0,-101.0,,,False,False,False,W,0.990099
2015_11_SF_SEA,2015,11,REG,SEA,SF,2015-11-22T21:25:00+00:00,47.595,-122.332,6.0,40.0,42.0,-113.0,,,False,False,False,L,-1.0
2015_11_STL_BAL,2015,11,REG,BAL,LA,2015-11-22T18:00:00+00:00,39.278,-76.623,14.0,41.0,29.0,-107.0,,,False,False,True,W,0.934579
2015_11_TB_PHI,2015,11,REG,PHI,TB,2015-11-22T18:00:00+00:00,39.901,-75.168,15.0,46.0,62.0,-105.0,,,False,False,True,L,-1.0
2015_11_TEN_JAX,2015,11,REG,JAX,TEN,2015-11-20T01:25:00+00:00,30.324,-81.637,5.0,41.5,32.0,104.0,,,False,False,False,W,1.04
2015_11_WAS_CAR,2015,11,REG,CAR,WAS,2015-11-22T18:00:00+00:00,35.226,-80.853,8.0,44.0,60.0,-107.0,,,False,False,False,L,-1.0
2015_12_ARI_SF,2015,12,REG,SF,ARI,2015-11-29T21:05:00+00:00,37.403,-121.97,4.0,45.0,32.0,-105.0,,,False,False,False,W,0.952381
2015_12_BAL_CLE,2015,12,REG,CLE,BAL,2015-12-01T01:30:00+00:00,41.506,-81.7,9.0,41.0,60.0,-110.0,,,False,False,False,L,-1.0
2015_12_BUF_KC,2015,12,REG,KC,BUF,2015-11-29T18:00:00+00:00,39.049,-94.484,7.0,41.0,52.0,-103.0,,,False,False,False,L,-1.0
2015_12_CHI_GB,2015,12,REG,GB,CHI,2015-11-27T01:30:00+00:00,44.501,-88.062,19.0,45.0,30.0,-110.0,,,False,False,True,W,0.909091
2015_12_MIA_NYJ,2015,12,REG,NYJ,MIA,2015-11-29T18:00:00+00:00,40.813,-74.075,5.0,44.0,58.0,100.0,,,False,False,False,L,-1.0
2015_12_NE_DEN,2015,12,REG,DEN,NE,2015-11-30T01:30:00+00:00,39.744,-105.02,3.0,43.0,54.0,-106.0,,,False,False,False,L,-1.0
2015_12_NYG_WAS,2015,12,REG,WAS,NYG,2015-11-29T18:00:00+00:00,38.908,-76.865,5.0,47.5,34.0,-107.0,,,False,False,False,W,0.934579
2015_12_OAK_TEN,2015,12,REG,TEN,LV,2015-11-29T18:00:00+00:00,36.166,-86.771,4.0,45.0,45.0,-107.0,,,False,False,False,P,0.0
2015_12_PIT_SEA,2015,12,REG,SEA,PIT,2015-11-29T21:25:00+00:00,47.595,-122.332,2.0,46.5,69.0,-111.0,,,False,False,False,L,-1.0
2015_12_SD_JAX,2015,12,REG,JAX,LAC,2015-11-29T18:00:00+00:00,30.324,-81.637,8.0,47.0,56.0,-105.0,,,False,False,False,L,-1.0
2015_12_STL_CIN,2015,12,REG,CIN,LA,2015-11-29T18:00:00+00:00,39.096,-84.516,8.0,42.0,38.0,-102.0,,,False,False,False,W,0.980392
2015_13_ATL_TB,2015,13,REG,TB,ATL,2015-12-06T18:00:00+00:00,27.976,-82.503,18.0,46.5,42.0,-106.0,,,False,False,True,W,0.943396
2015_13_BAL_MIA,2015,13,REG,MIA,BAL,2015-12-06T18:00:00+00:00,25.958,-80.239,21.0,43.0,28.0,-110.0,,,False,False,True,W,0.909091
2015_13_CIN_CLE,2015,13,REG,CLE,CIN,2015-12-06T18:00:00+00:00,41.506,-81.7,12.0,44.0,40.0,-113.0,,,False,False,True,W,0.884956
2015_13_DAL_WAS,2015,13,REG,WAS,DAL,2015-12-08T01:30:00+00:00,38.908,-76.865,0.0,43.0,35.0,-109.0,,,False,False,False,W,0.917431
2015_13_DEN_SD,2015,13,REG,LAC,DEN,2015-12-06T21:05:00+00:00,32.783,-117.12,4.0,45.0,20.0,-106.0,,,False,False,False,W,0.943396
2015_13_HOU_BUF,2015,13,REG,BUF,HOU,2015-12-06T18:00:00+00:00,42.774,-78.787,8.0,42.0,51.0,-105.0,,,False,False,False,L,-1.0
2015_13_IND_PIT,2015,13,REG,PIT,IND,2015-12-07T01:30:00+00:00,40.447,-80.016,2.0,50.5,55.0,100.0,,,False,False,False,L,-1.0
2015_13_JAX_TEN,2015,13,REG,TEN,JAX,2015-12-06T18:00:00+00:00,36.166,-86.771,1.0,43.5,81.0,100.0,,,False,False,False,L,-1.0
2015_13_KC_OAK,2015,13,REG,LV,KC,2015-12-06T21:05:00+00:00,37.752,-122.201,3.0,45.5,54.0,-106.0,,,False,False,False,L,-1.0
2015_13_NYJ_NYG,2015,13,REG,NYG,NYJ,2015-12-06T18:00:00+00:00,40.813,-74.075,8.0,45.5,43.0,-103.0,,,False,False,False,W,0.970874
2015_13_PHI_NE,2015,13,REG,NE,PHI,2015-12-06T21:25:00+00:00,42.091,-71.264,5.0,49.5,63.0,-110.0,,,False,False,False,L,-1.0
2015_13_SF_CHI,2015,13,REG,CHI,SF,2015-12-06T18:00:00+00:00,41.862,-87.617,5.0,43.0,46.0,-105.0,,,False,False,False,L,-1.0
2015_14_ATL_CAR,2015,14,REG,CAR,ATL,2015-12-13T18:00:00+00:00,35.226,-80.853,6.0,45.5,38.0,-110.0,,,False,False,False,W,0.909091
2015_14_BUF_PHI,2015,14,REG,PHI,BUF,2015-12-13T18:00:00+00:00,39.901,-75.168,3.0,48.0,43.0,-110.0,,,False,False,False,W,0.909091
2015_14_DAL_GB,2015,14,REG,GB,DAL,2015-12-13T21:25:00+00:00,44.501,-88.062,10.0,43.0,35.0,103.0,,,False,False,True,W,1.03
2015_14_IND_JAX,2015,14,REG,JAX,IND,2015-12-13T18:00:00+00:00,30.324,-81.637,5.0,45.5,67.0,-110.0,,,False,False,False,L,-1.0
2015_14_NO_TB,2015,14,REG,TB,NO,2015-12-13T18:00:00+00:00,27.976,-82.503,15.0,52.0,41.0,-106.0,,,False,False,True,W,0.943396
2015_14_NYG_MIA,2015,14,REG,MIA,NYG,2015-12-15T01:30:00+00:00,25.958,-80.239,6.0,47.5,55.0,-105.0,,,False,False,False,L,-1.0
2015_14_OAK_DEN,2015,14,REG,DEN,LV,2015-12-13T21:05:00+00:00,39.744,-105.02,2.0,43.0,27.0,-107.0,,,False,False,False,W,0.934579
2015_14_PIT_CIN,2015,14,REG,CIN,PIT,2015-12-13T18:00:00+00:00,39.096,-84.516,8.0,49.0,53.0,-105.0,,,False,False,False,L,-1.0
2015_14_SD_KC,2015,14,REG,KC,LAC,2015-12-13T18:00:00+00:00,39.049,-94.484,14.0,42.0,13.0,-112.0,,,False,False,True,W,0.892857
2015_14_SEA_BAL,2015,14,REG,BAL,SEA,2015-12-13T18:00:00+00:00,39.278,-76.623,2.0,42.0,41.0,-105.0,,,False,False,False,W,0.952381
2015_14_SF_CLE,2015,14,REG,CLE,SF,2015-12-13T18:00:00+00:00,41.506,-81.7,11.0,43.0,34.0,-105.0,,,False,False,True,W,0.952381
2015_14_TEN_NYJ,2015,14,REG,NYJ,TEN,2015-12-13T18:00:00+00:00,40.813,-74.075,5.0,43.0,38.0,-104.0,,,False,False,False,W,0.961538
2015_14_WAS_CHI,2015,14,REG,CHI,WAS,2015-12-13T18:00:00+00:00,41.862,-87.617,12.0,42.5,45.0,-115.0,,,False,False,True,L,-1.0
2015_15_ARI_PHI,2015,15,REG,PHI,ARI,2015-12-21T01:30:00+00:00,39.901,-75.168,4.0,50.5,57.0,-110.0,,,False,False,False,L,-1.0
2015_15_ATL_JAX,2015,15,REG,JAX,ATL,2015-12-20T18:00:00+00:00,30.324,-81.637,8.0,47.5,40.0,-109.0,,,False,False,False,W,0.917431
2015_15_BUF_WAS,2015,15,REG,WAS,BUF,2015-12-20T18:00:00+00:00,38.908,-76.865,3.0,46.0,60.0,-106.0,,,False,False,False,L,-1.0
2015_15_CAR_NYG,2015,15,REG,NYG,CAR,2015-12-20T18:00:00+00:00,40.813,-74.075,8.0,46.5,73.0,-106.0,,,False,False,False,L,-1.0
2015_15_CIN_SF,2015,15,REG,SF,CIN,2015-12-20T21:25:00+00:00,37.403,-121.97,14.0,41.0,38.0,102.0,,,False,False,True,W,1.02
2015_15_CLE_SEA,2015,15,REG,SEA,CLE,2015-12-20T21:05:00+00:00,47.595,-122.332,10.0,45.0,43.0,-113.0,,,False,False,True,W,0.884956
2015_15_DEN_PIT,2015,15,REG,PIT,DEN,2015-12-20T21:25:00+00:00,40.447,-80.016,8.0,45.5,61.0,-102.0,,,False,False,False,L,-1.0
2015_15_GB_OAK,2015,15,REG,LV,GB,2015-12-20T21:05:00+00:00,37.752,-122.201,18.0,47.0,50.0,-106.0,,,False,False,True,L,-1.0
2015_15_KC_BAL,2015,15,REG,BAL,KC,2015-12-20T18:00:00+00:00,39.278,-76.623,5.0,41.0,48.0,-104.0,,,False,False,False,L,-1.0
2015_15_MIA_SD,2015,15,REG,LAC,MIA,2015-12-20T21:25:00+00:00,32.783,-117.12,11.0,46.5,44.0,-110.0,,,False,False,True,W,0.909091
2015_15_TEN_NE,2015,15,REG,NE,TEN,2015-12-20T18:00:00+00:00,42.091,-71.264,12.0,48.0,49.0,-102.0,,,False,False,True,L,-1.0
2015_16_CHI_TB,2015,16,REG,TB,CHI,2015-12-27T18:00:00+00:00,27.976,-82.503,13.0,44.0,47.0,-102.0,,,False,False,True,L,-1.0
2015_16_CIN_DEN,2015,16,REG,DEN,CIN,2015-12-29T01:30:00+00:00,39.744,-105.02,6.0,39.0,37.0,-107.0,,,False,False,False,W,0.934579
2015_16_CLE_KC,2015,16,REG,KC,CLE,2015-12-27T18:00:00+00:00,39.049,-94.484,16.0,42.5,30.0,-115.0,,,False,False,True,W,0.869565
2015_16_DAL_BUF,2015,16,REG,BUF,DAL,2015-12-27T18:00:00+00:00,42.774,-78.787,11.0,42.0,22.0,-110.0,,,False,False,True,W,0.909091
2015_16_HOU_TEN,2015,16,REG,TEN,HOU,2015-12-27T18:00:00+00:00,36.166,-86.771,15.0,39.0,40.0,-104.0,,,False,False,True,L,-1.0
2015_16_IND_MIA,2015,16,REG,MIA,IND,2015-12-27T18:00:00+00:00,25.958,-80.239,15.0,44.0,30.0,-111.0,,,False,False,True,W,0.900901
2015_16_NE_NYJ,2015,16,REG,NYJ,NE,2015-12-27T18:00:00+00:00,40.813,-74.075,11.0,45.5,46.0,100.0,,,False,False,True,L,-1.0
2015_16_PIT_BAL,2015,16,REG,BAL,PIT,2015-12-27T18:00:00+00:00,39.278,-76.623,9.0,47.5,37.0,-113.0,,,False,False,False,W,0.884956
2015_16_SD_OAK,2015,16,REG,LV,LAC,2015-12-25T01:25:00+00:00,37.752,-122.201,25.0,45.0,43.0,100.0,,,False,False,True,W,1.0
2015_16_STL_SEA,2015,16,REG,SEA,LA,2015-12-27T21:25:00+00:00,47.595,-122.332,0.0,42.0,40.0,100.0,,,False,False,False,W,1.0
2015_16_WAS_PHI,2015,16,REG,PHI,WAS,2015-12-27T01:25:00+00:00,39.901,-75.168,6.0,48.0,62.0,-103.0,,,False,False,False,L,-1.0
2015_17_BAL_CIN,2015,17,REG,CIN,BAL,2016-01-03T18:00:00+00:00,39.096,-84.516,7.0,40.5,40.0,-106.0,,,False,False,False,W,0.943396
2015_17_DET_CHI,2015,17,REG,CHI,DET,2016-01-03T18:00:00+00:00,41.862,-87.617,15.0,45.0,44.0,-106.0,,,False,False,True,W,0.943396
2015_17_MIN_GB,2015,17,REG,GB,MIN,2016-01-04T01:30:00+00:00,44.501,-88.062,11.0,44.0,33.0,-110.0,,,False,False,True,W,0.909091
2015_17_NE_MIA,2015,17,REG,MIA,NE,2016-01-03T18:00:00+00:00,25.958,-80.239,7.0,46.5,30.0,-103.0,,,False,False,False,W,0.970874
2015_17_NYJ_BUF,2015,17,REG,BUF,NYJ,2016-01-03T18:00:00+00:00,42.774,-78.787,21.0,41.0,39.0,-108.0,,,False,False,True,W,0.925926
2015_17_OAK_KC,2015,17,REG,KC,LV,2016-01-03T21:25:00+00:00,39.049,-94.484,9.0,43.5,40.0,-102.0,,,False,False,False,W,0.980392
2015_17_PHI_NYG,2015,17,REG,NYG,PHI,2016-01-03T18:00:00+00:00,40.813,-74.075,17.0,51.0,65.0,-104.0,,,False,False,True,L,-1.0
2015_17_PIT_CLE,2015,17,REG,CLE,PIT,2016-01-03T18:00:00+00:00,41.506,-81.7,18.0,47.0,40.0,104.0,,,False,False,True,W,1.04
2015_17_SD_DEN,2015,17,REG,DEN,LAC,2016-01-03T21:25:00+00:00,39.744,-105.02,5.0,42.0,47.0,-107.0,,,False,False,False,L,-1.0
2015_17_STL_SF,2015,17,REG,SF,LA,2016-01-03T21:25:00+00:00,37.403,-121.97,6.0,39.0,35.0,-110.0,,,False,False,False,W,0.909091
2015_17_TB_CAR,2015,17,REG,CAR,TB,2016-01-03T21:25:00+00:00,35.226,-80.853,4.0,44.0,48.0,-110.0,,,False,False,False,L,-1.0
2015_18_GB_WAS,2015,18,WC,WAS,GB,2016-01-10T21:40:00+00:00,38.908,-76.865,14.0,47.0,53.0,-110.0,,,False,False,True,L,-1.0
2015_18_PIT_CIN,2015,18,WC,CIN,PIT,2016-01-10T01:15:00+00:00,39.096,-84.516,5.0,46.0,34.0,-110.0,,,False,False,False,W,0.909091
2015_19_KC_NE,2015,19,DIV,NE,KC,2016-01-16T21:35:00+00:00,42.091,-71.264,6.0,44.0,47.0,-107.0,,,False,False,False,L,-1.0
2015_19_PIT_DEN,2015,19,DIV,DEN,PIT,2016-01-17T21:40:00+00:00,39.744,-105.02,9.0,41.5,39.0,100.0,,,False,False,False,W,1.0
2015_19_SEA_CAR,2015,19,DIV,CAR,SEA,2016-01-17T18:05:00+00:00,35.226,-80.853,7.0,41.5,55.0,-117.0,,,False,False,False,L,-1.0
2015_20_ARI_CAR,2015,20,CON,CAR,ARI,2016-01-24T23:40:00+00:00,35.226,-80.853,4.0,47.0,64.0,-110.0,,,False,False,False,L,-1.0
2015_20_NE_DEN,2015,20,CON,DEN,NE,2016-01-24T20:05:00+00:00,39.744,-105.02,6.0,45.0,38.0,-108.0,,,False,False,False,W,0.925926
2015_21_CAR_DEN,2015,21,SB,DEN,CAR,2016-02-07T23:30:00+00:00,37.403,-121.97,16.0,43.0,34.0,-105.0,,,False,False,True,W,0.952381
2016_01_BUF_BAL,2016,1,REG,BAL,BUF,2016-09-11T17:00:00+00:00,39.278,-76.623,8.0,44.5,20.0,-108.0,,,False,False,False,W,0.925926
2016_01_CAR_DEN,2016,1,REG,DEN,CAR,2016-09-09T00:30:00+00:00,39.744,-105.02,10.0,40.5,41.0,-110.0,,,False,False,True,L,-1.0
2016_01_CIN_NYJ,2016,1,REG,NYJ,CIN,2016-09-11T17:00:00+00:00,40.813,-74.075,17.0,42.0,45.0,-105.0,,,False,False,True,L,-1.0
2016_01_CLE_PHI,2016,1,REG,PHI,CLE,2016-09-11T17:00:00+00:00,39.901,-75.168,14.0,41.0,39.0,-105.0,,,False,False,True,W,0.952381
2016_01_GB_JAX,2016,1,REG,JAX,GB,2016-09-11T17:00:00+00:00,30.324,-81.637,3.0,47.0,50.0,-110.0,,,False,False,False,L,-1.0
2016_01_LA_SF,2016,1,REG,SF,LA,2016-09-13T02:20:00+00:00,37.403,-121.97,17.0,44.0,28.0,-106.0,,,False,False,True,W,0.943396
2016_01_MIA_SEA,2016,1,REG,SEA,MIA,2016-09-11T20:05:00+00:00,47.595,-122.332,2.0,43.5,22.0,-118.0,,,False,False,False,W,0.847458
2016_01_MIN_TEN,2016,1,REG,TEN,MIN,2016-09-11T17:00:00+00:00,36.166,-86.771,5.0,40.0,41.0,-100.0,,,False,False,False,L,-1.0
2016_01_PIT_WAS,2016,1,REG,WAS,PIT,2016-09-12T23:10:00+00:00,38.908,-76.865,4.0,49.0,54.0,-105.0,,,False,False,False,L,-1.0
2016_01_SD_KC,2016,1,REG,KC,LAC,2016-09-11T17:00:00+00:00,39.049,-94.484,9.0,45.5,60.0,101.0,,,False,False,False,L,-1.0
2016_02_ATL_OAK,2016,2,REG,LV,ATL,2016-09-18T20:25:00+00:00,37.752,-122.201,7.0,47.5,63.0,102.0,,,False,False,False,L,-1.0
2016_02_BAL_CLE,2016,2,REG,CLE,BAL,2016-09-18T17:00:00+00:00,41.506,-81.7,7.0,42.0,45.0,-113.0,,,False,False,False,L,-1.0
2016_02_CIN_PIT,2016,2,REG,PIT,CIN,2016-09-18T17:00:00+00:00,40.447,-80.016,4.0,48.0,40.0,105.0,,,False,False,False,W,1.05
2016_02_DAL_WAS,2016,2,REG,WAS,DAL,2016-09-18T17:00:00+00:00,38.908,-76.865,6.0,47.0,50.0,-105.0,,,False,False,False,L,-1.0
2016_02_IND_DEN,2016,2,REG,DEN,IND,2016-09-18T20:25:00+00:00,39.744,-105.02,4.0,47.0,54.0,-106.0,,,False,False,False,L,-1.0
2016_02_JAX_SD,2016,2,REG,LAC,JAX,2016-09-18T20:25:00+00:00,32.783,-117.12,7.0,47.5,52.0,-106.0,,,False,False,False,L,-1.0
2016_02_MIA_NE,2016,2,REG,NE,MIA,2016-09-18T17:00:00+00:00,42.091,-71.264,10.0,42.0,55.0,-107.0,,,False,False,True,L,-1.0
2016_02_NO_NYG,2016,2,REG,NYG,NO,2016-09-18T17:00:00+00:00,40.813,-74.075,5.0,54.0,29.0,-110.0,,,False,False,False,W,0.909091
2016_02_NYJ_BUF,2016,2,REG,BUF,NYJ,2016-09-16T00:25:00+00:00,42.774,-78.787,11.0,40.5,68.0,-103.0,,,False,False,True,L,-1.0
2016_02_PHI_CHI,2016,2,REG,CHI,PHI,2016-09-20T00:30:00+00:00,41.862,-87.617,5.0,42.5,43.0,-110.0,,,False,False,False,L,-1.0
2016_02_SEA_LA,2016,2,REG,LA,SEA,2016-09-18T20:05:00+00:00,34.014,-118.288,3.0,38.0,12.0,-110.0,,,False,False,False,W,0.909091
2016_02_SF_CAR,2016,2,REG,CAR,SF,2016-09-18T17:00:00+00:00,35.226,-80.853,4.0,44.5,73.0,-108.0,,,False,False,False,L,-1.0
2016_03_ARI_BUF,2016,3,REG,BUF,ARI,2016-09-25T17:00:00+00:00,42.774,-78.787,8.0,48.0,51.0,-100.0,,,False,False,False,L,-1.0
2016_03_BAL_JAX,2016,3,REG,JAX,BAL,2016-09-25T17:00:00+00:00,30.324,-81.637,8.0,45.0,36.0,-100.0,,,False,False,False,W,1.0
2016_03_CLE_MIA,2016,3,REG,MIA,CLE,2016-09-25T17:00:00+00:00,25.958,-80.239,16.0,42.0,54.0,-110.0,,,False,False,True,L,-1.0
2016_03_DEN_CIN,2016,3,REG,CIN,DEN,2016-09-25T17:00:00+00:00,39.096,-84.516,3.0,42.0,46.0,113.0,,,False,False,False,L,-1.0
2016_03_DET_GB,2016,3,REG,GB,DET,2016-09-25T17:00:00+00:00,44.501,-88.062,17.0,47.5,61.0,-102.0,,,False,False,True,L,-1.0
2016_03_HOU_NE,2016,3,REG,NE,HOU,2016-09-23T00:25:00+00:00,42.091,-71.264,4.0,38.5,27.0,-106.0,,,False,False,False,W,0.943396
2016_03_LA_TB,2016,3,REG,TB,LA,2016-09-25T20:05:00+00:00,27.976,-82.503,4.0,40.5,69.0,-104.0,,,False,False,False,L,-1.0
2016_03_MIN_CAR,2016,3,REG,CAR,MIN,2016-09-25T17:00:00+00:00,35.226,-80.853,0.0,43.0,32.0,-104.0,,,False,False,False,W,0.961538
2016_03_NYJ_KC,2016,3,REG,KC,NYJ,2016-09-25T20:25:00+00:00,39.049,-94.484,9.0,44.5,27.0,-108.0,,,False,False,False,W,0.925926
2016_03_OAK_TEN,2016,3,REG,TEN,LV,2016-09-25T17:00:00+00:00,36.166,-86.771,2.0,47.0,27.0,-106.0,,,False,False,False,W,0.943396
2016_03_PIT_PHI,2016,3,REG,PHI,PIT,2016-09-25T20:25:00+00:00,39.901,-75.168,7.0,46.5,37.0,-105.0,,,False,False,False,W,0.952381
2016_03_SF_SEA,2016,3,REG,SEA,SF,2016-09-25T20:05:00+00:00,47.595,-122.332,6.0,42.0,55.0,-104.0,,,False,False,False,L,-1.0
2016_03_WAS_NYG,2016,3,REG,NYG,WAS,2016-09-25T17:00:00+00:00,40.813,-74.075,2.0,47.0,56.0,-103.0,,,False,False,False,L,-1.0
2016_04_BUF_NE,2016,4,REG,NE,BUF,2016-10-02T17:00:00+00:00,42.091,-71.264,7.0,41.0,16.0,-109.0,,,False,False,False,W,0.917431
2016_04_CLE_WAS,2016,4,REG,WAS,CLE,2016-10-02T17:00:00+00:00,38.908,-76.865,1.0,48.0,51.0,-105.0,,,False,False,False,L,-1.0
2016_04_DAL_SF,2016,4,REG,SF,DAL,2016-10-02T20:25:00+00:00,37.403,-121.97,10.0,44.0,41.0,102.0,,,False,False,True,W,1.02
2016_04_DEN_TB,2016,4,REG,TB,DEN,2016-10-02T20:05:00+00:00,27.976,-82.503,7.0,43.0,34.0,-106.0,,,False,False,False,W,0.943396
2016_04_DET_CHI,2016,4,REG,CHI,DET,2016-10-02T17:00:00+00:00,41.862,-87.617,6.0,48.0,31.0,102.0,,,False,False,False,W,1.02
2016_04_IND_JAX,2016,4,REG,JAX,IND,2016-10-02T13:30:00+00:00,51.556,-0.28,7.0,48.0,57.0,-110.0,,,False,False,False,L,-1.0
2016_04_KC_PIT,2016,4,REG,PIT,KC,2016-10-03T00:30:00+00:00,40.447,-80.016,6.0,48.0,57.0,-107.0,,,False,False,False,L,-1.0
2016_04_MIA_CIN,2016,4,REG,CIN,MIA,2016-09-30T00:25:00+00:00,39.096,-84.516,2.0,46.0,29.0,-105.0,,,False,False,False,W,0.952381
2016_04_NO_SD,2016,4,REG,LAC,NO,2016-10-02T20:25:00+00:00,32.783,-117.12,8.0,54.0,69.0,-105.0,,,False,False,False,L,-1.0
2016_04_OAK_BAL,2016,4,REG,BAL,LV,2016-10-02T17:00:00+00:00,39.278,-76.623,2.0,45.0,55.0,104.0,,,False,False,False,L,-1.0
2016_04_SEA_NYJ,2016,4,REG,NYJ,SEA,2016-10-02T17:00:00+00:00,40.813,-74.075,0.0,40.0,44.0,-105.0,,,False,False,False,L,-1.0
2016_05_ARI_SF,2016,5,REG,SF,ARI,2016-10-07T00:25:00+00:00,37.403,-121.97,16.0,42.5,54.0,-110.0,,,False,False,True,L,-1.0
2016_05_ATL_DEN,2016,5,REG,DEN,ATL,2016-10-09T20:05:00+00:00,39.744,-105.02,5.0,44.5,39.0,-110.0,,,False,False,False,W,0.909091
2016_05_BUF_LA,2016,5,REG,LA,BUF,2016-10-09T20:25:00+00:00,34.014,-118.288,5.0,41.5,49.0,-105.0,,,False,False,False,L,-1.0
2016_05_NE_CLE,2016,5,REG,CLE,NE,2016-10-09T17:00:00+00:00,41.506,-81.7,13.0,47.5,46.0,102.0,,,False,False,True,W,1.02
2016_05_NYG_GB,2016,5,REG,GB,NYG,2016-10-10T00:30:00+00:00,44.501,-88.062,7.0,49.0,39.0,-110.0,,,False,False,False,W,0.909091
2016_05_NYJ_PIT,2016,5,REG,PIT,NYJ,2016-10-09T17:00:00+00:00,40.447,-80.016,9.0,50.0,44.0,-102.0,,,False,False,False,W,0.980392
2016_05_SD_OAK,2016,5,REG,LV,LAC,2016-10-09T20:25:00+00:00,37.752,-122.201,7.0,50.5,65.0,-102.0,,,False,False,False,L,-1.0
2016_05_TB_CAR,2016,5,REG,CAR,TB,2016-10-11T00:30:00+00:00,35.226,-80.853,7.0,46.5,31.0,-116.0,,,False,False,False,W,0.862069
2016_05_TEN_MIA,2016,5,REG,MIA,TEN,2016-10-09T17:00:00+00:00,25.958,-80.239,15.0,44.5,47.0,-103.0,,,False,False,True,L,-1.0
2016_05_WAS_BAL,2016,5,REG,BAL,WAS,2016-10-09T17:00:00+00:00,39.278,-76.623,16.0,44.5,26.0,-106.0,,,False,False,True,W,0.943396
2016_06_ATL_SEA,2016,6,REG,SEA,ATL,2016-10-16T20:25:00+00:00,47.595,-122.332,10.0,45.5,50.0,-110.0,,,False,False,True,L,-1.0
2016_06_BAL_NYG,2016,6,REG,NYG,BAL,2016-10-16T17:00:00+00:00,40.813,-74.075,6.0,42.5,50.0,-102.0,,,False,False,False,L,-1.0
2016_06_CIN_NE,2016,6,REG,NE,CIN,2016-10-16T17:00:00+00:00,42.091,-71.264,14.0,48.5,52.0,-103.0,,,False,False,True,L,-1.0
2016_06_CLE_TEN,2016,6,REG,TEN,CLE,2016-10-16T17:00:00+00:00,36.166,-86.771,10.0,45.0,54.0,-108.0,,,False,False,True,L,-1.0
2016_06_DAL_GB,2016,6,REG,GB,DAL,2016-10-16T20:25:00+00:00,44.501,-88.062,8.0,47.0,46.0,-107.0,,,False,False,False,W,0.934579
2016_06_DEN_SD,2016,6,REG,LAC,DEN,2016-10-14T00:25:00+00:00,32.783,-117.12,9.0,44.0,34.0,-105.0,,,False,False,False,W,0.952381
2016_06_JAX_CHI,2016,6,REG,CHI,JAX,2016-10-16T17:00:00+00:00,41.862,-87.617,7.0,46.0,33.0,-108.0,,,False,False,False,W,0.925926
2016_06_KC_OAK,2016,6,REG,LV,KC,2016-10-16T20:05:00+00:00,37.752,-122.201,6.0,46.5,36.0,-117.0,,,False,False,False,W,0.854701
2016_06_PHI_WAS,2016,6,REG,WAS,PHI,2016-10-16T17:00:00+00:00,38.908,-76.865,13.0,45.0,47.0,100.0,,,False,False,True,L,-1.0
2016_06_PIT_MIA,2016,6,REG,MIA,PIT,2016-10-16T17:00:00+00:00,25.958,-80.239,15.0,49.5,45.0,-105.0,,,False,False,True,W,0.952381
2016_06_SF_BUF,2016,6,REG,BUF,SF,2016-10-16T17:00:00+00:00,42.774,-78.787,22.0,44.0,61.0,102.0,,,False,False,True,L,-1.0
2016_07_BAL_NYJ,2016,7,REG,NYJ,BAL,2016-10-23T17:00:00+00:00,40.813,-74.075,36.0,40.5,40.0,-117.0,,,False,False,True,W,0.854701
2016_07_BUF_MIA,2016,7,REG,MIA,BUF,2016-10-23T17:00:00+00:00,25.958,-80.239,11.0,46.0,53.0,-112.0,,,False,False,True,L,-1.0
2016_07_CHI_GB,2016,7,REG,GB,CHI,2016-10-21T00:25:00+00:00,44.501,-88.062,10.0,46.5,36.0,-113.0,,,False,False,True,W,0.884956
2016_07_CLE_CIN,2016,7,REG,CIN,CLE,2016-10-23T17:00:00+00:00,39.096,-84.516,5.0,46.5,48.0,-110.0,,,False,False,False,L,-1.0
2016_07_HOU_DEN,2016,7,REG,DEN,HOU,2016-10-25T00:30:00+00:00,39.744,-105.02,5.0,40.0,36.0,-115.0,,,False,False,False,W,0.869565
2016_07_IND_TEN,2016,7,REG,TEN,IND,2016-10-23T17:00:00+00:00,36.166,-86.771,5.0,48.5,60.0,-108.0,,,False,False,False,L,-1.0
2016_07_MIN_PHI,2016,7,REG,PHI,MIN,2016-10-23T17:00:00+00:00,39.901,-75.168,20.0,39.0,31.0,-105.0,,,False,False,True,W,0.952381
2016_07_NE_PIT,2016,7,REG,PIT,NE,2016-10-23T20:25:00+00:00,40.447,-80.016,13.0,49.0,43.0,-123.0,,,False,False,True,W,0.813008
2016_07_NO_KC,2016,7,REG,KC,NO,2016-10-23T17:00:00+00:00,39.049,-94.484,9.0,51.0,48.0,-111.0,,,False,False,False,W,0.900901
2016_07_NYG_LA,2016,7,REG,LA,NYG,2016-10-23T13:30:00+00:00,51.456,-0.342,12.0,44.5,27.0,-113.0,,,False,False,True,W,0.884956
2016_07_OAK_JAX,2016,7,REG,JAX,LV,2016-10-23T17:00:00+00:00,30.324,-81.637,6.0,47.5,49.0,-103.0,,,False,False,False,L,-1.0
2016_07_TB_SF,2016,7,REG,SF,TB,2016-10-23T20:05:00+00:00,37.403,-121.97,5.0,45.0,51.0,-104.0,,,False,False,False,L,-1.0
2016_08_ARI_CAR,2016,8,REG,CAR,ARI,2016-10-30T17:00:00+00:00,35.226,-80.853,5.0,45.5,50.0,-104.0,,,False,False,False,L,-1.0
2016_08_JAX_TEN,2016,8,REG,TEN,JAX,2016-10-28T00:25:00+00:00,36.166,-86.771,3.0,43.5,58.0,-103.0,,,False,False,False,L,-1.0
2016_08_MIN_CHI,2016,8,REG,CHI,MIN,2016-11-01T00:30:00+00:00,41.862,-87.617,12.0,39.5,30.0,-107.0,,,False,False,True,W,0.934579
2016_08_NE_BUF,2016,8,REG,BUF,NE,2016-10-30T17:00:00+00:00,42.774,-78.787,9.0,48.0,66.0,-113.0,,,False,False,False,L,-1.0
2016_08_NYJ_CLE,2016,8,REG,CLE,NYJ,2016-10-30T17:00:00+00:00,41.506,-81.7,15.0,45.5,59.0,-103.0,,,False,False,True,L,-1.0
2016_08_OAK_TB,2016,8,REG,TB,LV,2016-10-30T17:00:00+00:00,27.976,-82.503,15.0,48.0,54.0,111.0,,,False,False,True,L,-1.0
2016_08_SD_DEN,2016,8,REG,DEN,LAC,2016-10-30T20:05:00+00:00,39.744,-105.02,6.0,43.0,46.0,-110.0,,,False,False,False,L,-1.0
2016_08_WAS_CIN,2016,8,REG,CIN,WAS,2016-10-30T13:30:00+00:00,51.556,-0.28,2.0,49.0,54.0,-113.0,,,False,False,False,L,-1.0
2016_09_ATL_TB,2016,9,REG,TB,ATL,2016-11-04T00:25:00+00:00,27.976,-82.503,2.0,49.0,71.0,-110.0,,,False,False,False,L,-1.0
2016_09_BUF_SEA,2016,9,REG,SEA,BUF,2016-11-08T01:30:00+00:00,47.595,-122.332,4.0,43.5,56.0,-108.0,,,False,False,False,L,-1.0
2016_09_CAR_LA,2016,9,REG,LA,CAR,2016-11-06T21:05:00+00:00,34.014,-118.288,2.0,44.5,23.0,-100.0,,,False,False,False,W,1.0
2016_09_DAL_CLE,2016,9,REG,CLE,DAL,2016-11-06T18:00:00+00:00,41.506,-81.7,4.0,49.0,45.0,-102.0,,,False,False,False,W,0.980392
2016_09_DEN_OAK,2016,9,REG,LV,DEN,2016-11-07T01:30:00+00:00,37.752,-122.201,6.0,44.5,50.0,-107.0,,,False,False,False,L,-1.0
2016_09_IND_GB,2016,9,REG,GB,IND,2016-11-06T21:25:00+00:00,44.501,-88.062,7.0,52.0,57.0,101.0,,,False,False,False,L,-1.0
2016_09_JAX_KC,2016,9,REG,KC,JAX,2016-11-06T18:00:00+00:00,39.049,-94.484,7.0,42.5,33.0,-105.0,,,False,False,False,W,0.952381
2016_09_NO_SF,2016,9,REG,SF,NO,2016-11-06T21:05:00+00:00,37.403,-121.97,0.0,53.0,64.0,102.0,,,False,False,False,L,-1.0
2016_09_NYJ_MIA,2016,9,REG,MIA,NYJ,2016-11-06T18:00:00+00:00,25.958,-80.239,14.0,45.0,50.0,-110.0,,,False,False,True,L,-1.0
2016_09_PHI_NYG,2016,9,REG,NYG,PHI,2016-11-06T18:00:00+00:00,40.813,-74.075,9.0,42.5,51.0,-119.0,,,False,False,False,L,-1.0
2016_09_PIT_BAL,2016,9,REG,BAL,PIT,2016-11-06T18:00:00+00:00,39.278,-76.623,15.0,46.0,35.0,-108.0,,,False,False,True,W,0.925926
2016_09_TEN_SD,2016,9,REG,LAC,TEN,2016-11-06T21:25:00+00:00,32.783,-117.12,6.0,47.5,78.0,102.0,,,False,False,False,L,-1.0
2016_10_ATL_PHI,2016,10,REG,PHI,ATL,2016-11-13T18:00:00+00:00,39.901,-75.168,10.0,48.5,39.0,-107.0,,,False,False,True,W,0.934579
2016_10_CHI_TB,2016,10,REG,TB,CHI,2016-11-13T18:00:00+00:00,27.976,-82.503,4.0,45.0,46.0,105.0,,,False,False,False,L,-1.0
2016_10_CIN_NYG,2016,10,REG,NYG,CIN,2016-11-15T01:30:00+00:00,40.813,-74.075,2.0,49.5,41.0,-108.0,,,False,False,False,W,0.925926
2016_10_CLE_BAL,2016,10,REG,BAL,CLE,2016-11-11T01:25:00+00:00,39.278,-76.623,3.0,44.0,35.0,-110.0,,,False,False,False,W,0.909091
2016_10_DAL_PIT,2016,10,REG,PIT,DAL,2016-11-13T21:25:00+00:00,40.447,-80.016,7.0,50.5,65.0,-115.0,,,False,False,False,L,-1.0
2016_10_GB_TEN,2016,10,REG,TEN,GB,2016-11-13T18:00:00+00:00,36.166,-86.771,3.0,48.5,72.0,-102.0,,,False,False,False,L,-1.0
2016_10_HOU_JAX,2016,10,REG,JAX,HOU,2016-11-13T18:00:00+00:00,30.324,-81.637,10.0,42.0,45.0,-116.0,,,False,False,True,L,-1.0
2016_10_KC_CAR,2016,10,REG,CAR,KC,2016-11-13T18:00:00+00:00,35.226,-80.853,6.0,44.0,37.0,-105.0,,,False,False,False,W,0.952381
2016_10_LA_NYJ,2016,10,REG,NYJ,LA,2016-11-13T18:00:00+00:00,40.813,-74.075,7.0,39.0,15.0,106.0,,,False,False,False,W,1.06
2016_10_MIA_SD,2016,10,REG,LAC,MIA,2016-11-13T21:05:00+00:00,32.783,-117.12,11.0,48.5,55.0,-105.0,,,False,False,True,L,-1.0
2016_10_MIN_WAS,2016,10,REG,WAS,MIN,2016-11-13T18:00:00+00:00,38.908,-76.865,7.0,42.0,46.0,-107.0,,,False,False,False,L,-1.0
2016_10_SEA_NE,2016,10,REG,NE,SEA,2016-11-14T01:30:00+00:00,42.091,-71.264,3.0,49.5,55.0,-105.0,,,False,False,False,L,-1.0
2016_11_BUF_CIN,2016,11,REG,CIN,BUF,2016-11-20T18:00:00+00:00,39.096,-84.516,8.0,48.0,28.0,-107.0,,,False,False,False,W,0.934579
2016_11_CHI_NYG,2016,11,REG,NYG,CHI,2016-11-20T18:00:00+00:00,40.813,-74.075,10.0,41.5,38.0,-107.0,,,False,False,True,W,0.934579
2016_11_GB_WAS,2016,11,REG,WAS,GB,2016-11-21T01:30:00+00:00,38.908,-76.865,23.0,48.5,66.0,-106.0,,,False,False,True,L,-1.0
2016_11_HOU_OAK,2016,11,REG,LV,HOU,2016-11-22T01:30:00+00:00,19.303,-99.15,6.0,45.5,47.0,-108.0,,,False,False,False,L,-1.0
2016_11_MIA_LA,2016,11,REG,LA,MIA,2016-11-20T21:05:00+00:00,34.014,-118.288,3.0,39.0,24.0,-108.0,,,False,False,False,W,0.925926
2016_11_NE_SF,2016,11,REG,SF,NE,2016-11-20T21:25:00+00:00,37.403,-121.97,6.0,51.5,47.0,-107.0,,,False,False,False,W,0.934579
2016_11_NO_CAR,2016,11,REG,CAR,NO,2016-11-18T01:25:00+00:00,35.226,-80.853,6.0,52.5,43.0,-110.0,,,False,False,False,W,0.909091
2016_11_PHI_SEA,2016,11,REG,SEA,PHI,2016-11-20T21:25:00+00:00,47.595,-122.332,5.0,43.0,41.0,-102.0,,,False,False,False,W,0.980392
2016_11_PIT_CLE,2016,11,REG,CLE,PIT,2016-11-20T18:00:00+00:00,41.506,-81.7,27.0,45.5,33.0,-113.0,,,False,False,True,W,0.884956
2016_11_TB_KC,2016,11,REG,KC,TB,2016-11-20T18:00:00+00:00,39.049,-94.484,9.0,45.0,36.0,-105.0,,,False,False,False,W,0.952381
2016_12_CAR_OAK,2016,12,REG,LV,CAR,2016-11-27T21:25:00+00:00,37.752,-122.201,12.0,48.5,67.0,106.0,,,False,False,True,L,-1.0
2016_12_CIN_BAL,2016,12,REG,BAL,CIN,2016-11-27T18:00:00+00:00,39.278,-76.623,12.0,42.0,33.0,-114.0,,,False,False,True,W,0.877193
2016_12_GB_PHI,2016,12,REG,PHI,GB,2016-11-29T01:30:00+00:00,39.901,-75.168,7.0,47.0,40.0,-105.0,,,False,False,False,W,0.952381
2016_12_JAX_BUF,2016,12,REG,BUF,JAX,2016-11-27T18:00:00+00:00,42.774,-78.787,13.0,43.5,49.0,102.0,,,False,False,True,L,-1.0
2016_12_KC_DEN,2016,12,REG,DEN,KC,2016-11-28T01:30:00+00:00,39.744,-105.02,21.0,40.0,57.0,100.0,,,False,False,True,L,-1.0
2016_12_NE_NYJ,2016,12,REG,NYJ,NE,2016-11-27T21:25:00+00:00,40.813,-74.075,10.0,48.0,39.0,-106.0,,,False,False,True,W,0.943396
2016_12_NYG_CLE,2016,12,REG,CLE,NYG,2016-11-27T18:00:00+00:00,41.506,-81.7,10.0,47.0,40.0,-107.0,,,False,False,True,W,0.934579
2016_12_SEA_TB,2016,12,REG,TB,SEA,2016-11-27T21:05:00+00:00,27.976,-82.503,6.0,46.0,19.0,-105.0,,,False,False,False,W,0.952381
2016_12_SF_MIA,2016,12,REG,MIA,SF,2016-11-27T18:00:00+00:00,25.958,-80.239,13.0,44.5,55.0,-111.0,,,False,False,True,L,-1.0
2016_12_TEN_CHI,2016,12,REG,CHI,TEN,2016-11-27T18:00:00+00:00,41.862,-87.617,11.0,41.5,48.0,-108.0,,,False,False,True,L,-1.0
2016_13_BUF_OAK,2016,13,REG,LV,BUF,2016-12-04T21:05:00+00:00,37.752,-122.201,4.0,48.5,62.0,-105.0,,,False,False,False,L,-1.0
2016_13_CAR_SEA,2016,13,REG,SEA,CAR,2016-12-05T01:30:00+00:00,47.595,-122.332,4.0,44.0,47.0,-104.0,,,False,False,False,L,-1.0
2016_13_DEN_JAX,2016,13,REG,JAX,DEN,2016-12-04T18:00:00+00:00,30.324,-81.637,10.0,39.0,30.0,-102.0,,,False,False,True,W,0.980392
2016_13_HOU_GB,2016,13,REG,GB,HOU,2016-12-04T18:00:00+00:00,44.501,-88.062,8.0,44.5,34.0,-100.0,,,False,False,False,W,1.0
2016_13_IND_NYJ,2016,13,REG,NYJ,IND,2016-12-06T01:30:00+00:00,40.813,-74.075,6.0,48.5,51.0,-113.0,,,False,False,False,L,-1.0
2016_13_LA_NE,2016,13,REG,NE,LA,2016-12-04T18:00:00+00:00,42.091,-71.264,8.0,44.5,36.0,-102.0,,,False,False,False,W,0.980392
2016_13_MIA_BAL,2016,13,REG,BAL,MIA,2016-12-04T18:00:00+00:00,39.278,-76.623,3.0,41.5,44.0,102.0,,,False,False,False,L,-1.0
2016_13_NYG_PIT,2016,13,REG,PIT,NYG,2016-12-04T21:25:00+00:00,40.447,-80.016,71.0,49.5,38.0,-105.0,,,False,False,True,W,0.952381
2016_13_PHI_CIN,2016,13,REG,CIN,PHI,2016-12-04T18:00:00+00:00,39.096,-84.516,10.0,42.0,46.0,-102.0,,,False,False,True,L,-1.0
2016_13_SF_CHI,2016,13,REG,CHI,SF,2016-12-04T18:00:00+00:00,41.862,-87.617,5.0,44.0,32.0,-102.0,,,False,False,False,W,0.980392
2016_13_TB_SD,2016,13,REG,LAC,TB,2016-12-04T21:25:00+00:00,32.783,-117.12,7.0,49.0,49.0,-101.0,,,False,False,False,P,0.0
2016_14_ARI_MIA,2016,14,REG,MIA,ARI,2016-12-11T18:00:00+00:00,25.958,-80.239,18.0,44.0,49.0,-105.0,,,False,False,True,L,-1.0
2016_14_ATL_LA,2016,14,REG,LA,ATL,2016-12-11T21:25:00+00:00,34.014,-118.288,1.0,44.0,56.0,104.0,,,False,False,False,L,-1.0
2016_14_BAL_NE,2016,14,REG,NE,BAL,2016-12-13T01:30:00+00:00,42.091,-71.264,3.0,45.5,53.0,-108.0,,,False,False,False,L,-1.0
2016_14_CIN_CLE,2016,14,REG,CLE,CIN,2016-12-11T18:00:00+00:00,41.506,-81.7,15.0,42.0,33.0,108.0,,,False,False,True,W,1.08
2016_14_DAL_NYG,2016,14,REG,NYG,DAL,2016-12-12T01:30:00+00:00,40.813,-74.075,0.0,47.0,17.0,-110.0,,,False,False,False,W,0.909091
2016_14_DEN_TEN,2016,14,REG,TEN,DEN,2016-12-11T18:00:00+00:00,36.166,-86.771,5.0,44.0,23.0,101.0,,,False,False,False,W,1.01
2016_14_MIN_JAX,2016,14,REG,JAX,MIN,2016-12-11T18:00:00+00:00,30.324,-81.637,5.0,38.0,41.0,-102.0,,,False,False,False,L,-1.0
2016_14_NO_TB,2016,14,REG,TB,NO,2016-12-11T21:25:00+00:00,27.976,-82.503,9.0,52.0,27.0,-105.0,,,False,False,False,W,0.952381
2016_14_NYJ_SF,2016,14,REG,SF,NYJ,2016-12-11T21:05:00+00:00,37.403,-121.97,8.0,42.5,40.0,-116.0,,,False,False,False,W,0.862069
2016_14_OAK_KC,2016,14,REG,KC,LV,2016-12-09T01:25:00+00:00,39.049,-94.484,7.0,46.0,34.0,-102.0,,,False,False,False,W,0.980392
2016_14_PIT_BUF,2016,14,REG,BUF,PIT,2016-12-11T18:00:00+00:00,42.774,-78.787,9.0,45.5,47.0,-110.0,,,False,False,False,L,-1.0
2016_14_SD_CAR,2016,14,REG,CAR,LAC,2016-12-11T18:00:00+00:00,35.226,-80.853,6.0,48.5,44.0,-102.0,,,False,False,False,W,0.980392
2016_14_SEA_GB,2016,14,REG,GB,SEA,2016-12-11T21:25:00+00:00,44.501,-88.062,5.0,47.0,48.0,-115.0,,,False,False,False,L,-1.0
2016_14_WAS_PHI,2016,14,REG,PHI,WAS,2016-12-11T18:00:00+00:00,39.901,-75.168,3.0,48.5,49.0,-105.0,,,False,False,False,L,-1.0
2016_15_CAR_WAS,2016,15,REG,WAS,CAR,2016-12-20T01:30:00+00:00,38.908,-76.865,8.0,50.5,41.0,-108.0,,,False,False,False,W,0.925926
2016_15_CLE_BUF,2016,15,REG,BUF,CLE,2016-12-18T18:00:00+00:00,42.774,-78.787,15.0,43.5,46.0,-101.0,,,False,False,True,L,-1.0
2016_15_DET_NYG,2016,15,REG,NYG,DET,2016-12-18T18:00:00+00:00,40.813,-74.075,1.0,42.5,23.0,-100.0,,,False,False,False,W,1.0
2016_15_GB_CHI,2016,15,REG,CHI,GB,2016-12-18T18:00:00+00:00,41.862,-87.617,12.0,40.0,57.0,-125.0,,,False,False,True,L,-1.0
2016_15_LA_SEA,2016,15,REG,SEA,LA,2016-12-16T01:25:00+00:00,47.595,-122.332,5.0,39.5,27.0,-104.0,,,False,False,False,W,0.961538
2016_15_MIA_NYJ,2016,15,REG,NYJ,MIA,2016-12-18T01:25:00+00:00,40.813,-74.075,5.0,40.0,47.0,-115.0,,,False,False,False,L,-1.0
2016_15_NE_DEN,2016,15,REG,DEN,NE,2016-12-18T21:25:00+00:00,39.744,-105.02,9.0,43.5,19.0,-105.0,,,False,False,False,W,0.952381
2016_15_OAK_SD,2016,15,REG,LAC,LV,2016-12-18T21:25:00+00:00,32.783,-117.12,5.0,49.5,35.0,-109.0,,,False,False,False,W,0.917431
2016_15_PHI_BAL,2016,15,REG,BAL,PHI,2016-12-18T18:00:00+00:00,39.278,-76.623,9.0,41.0,53.0,-105.0,,,False,False,False,L,-1.0
2016_15_PIT_CIN,2016,15,REG,CIN,PIT,2016-12-18T18:00:00+00:00,39.096,-84.516,8.0,45.5,44.0,-117.0,,,False,False,False,W,0.854701
2016_15_TEN_KC,2016,15,REG,KC,TEN,2016-12-18T18:00:00+00:00,39.049,-94.484,5.0,43.0,36.0,-103.0,,,False,False,False,W,0.970874
2016_16_ARI_SEA,2016,16,REG,SEA,ARI,2016-12-24T21:25:00+00:00,47.595,-122.332,2.0,43.5,65.0,-105.0,,,False,False,False,L,-1.0
2016_16_ATL_CAR,2016,16,REG,CAR,ATL,2016-12-24T18:00:00+00:00,35.226,-80.853,5.0,48.5,49.0,-115.0,,,False,False,False,L,-1.0
2016_16_BAL_PIT,2016,16,REG,PIT,BAL,2016-12-25T21:30:00+00:00,40.447,-80.016,9.0,46.5,58.0,-105.0,,,False,False,False,L,-1.0
2016_16_DEN_KC,2016,16,REG,KC,DEN,2016-12-26T01:30:00+00:00,39.049,-94.484,9.0,38.5,43.0,-105.0,,,False,False,False,L,-1.0
2016_16_IND_OAK,2016,16,REG,LV,IND,2016-12-24T21:05:00+00:00,37.752,-122.201,9.0,52.0,58.0,-105.0,,,False,False,False,L,-1.0
2016_16_MIA_BUF,2016,16,REG,BUF,MIA,2016-12-24T18:00:00+00:00,42.774,-78.787,13.0,44.5,65.0,-103.0,,,False,False,True,L,-1.0
2016_16_MIN_GB,2016,16,REG,GB,MIN,2016-12-24T18:00:00+00:00,44.501,-88.062,8.0,44.5,63.0,-105.0,,,False,False,False,L,-1.0
2016_16_NYG_PHI,2016,16,REG,PHI,NYG,2016-12-23T01:25:00+00:00,39.901,-75.168,10.0,42.5,43.0,-100.0,,,False,False,True,L,-1.0
2016_16_NYJ_NE,2016,16,REG,NE,NYJ,2016-12-24T18:00:00+00:00,42.091,-71.264,6.0,45.0,44.0,-100.0,,,False,False,False,W,1.0
2016_16_SD_CLE,2016,16,REG,CLE,LAC,2016-12-24T18:00:00+00:00,41.506,-81.7,13.0,45.0,37.0,-110.0,,,False,False,True,W,0.909091
2016_16_SF_LA,2016,16,REG,LA,SF,2016-12-24T21:25:00+00:00,34.014,-118.288,6.0,39.5,43.0,-105.0,,,False,False,False,L,-1.0
2016_16_TEN_JAX,2016,16,REG,JAX,TEN,2016-12-24T18:00:00+00:00,30.324,-81.637,5.0,44.0,55.0,-105.0,,,False,False,False,L,-1.0
2016_16_WAS_CHI,2016,16,REG,CHI,WAS,2016-12-24T18:00:00+00:00,41.862,-87.617,1.0,49.0,62.0,-110.0,,,False,False,False,L,-1.0
2016_17_ARI_LA,2016,17,REG,LA,ARI,2017-01-01T21:25:00+00:00,34.014,-118.288,0.0,39.0,50.0,-110.0,,,False,False,False,L,-1.0
2016_17_BAL_CIN,2016,17,REG,CIN,BAL,2017-01-01T18:00:00+00:00,39.096,-84.516,6.0,40.5,37.0,-108.0,,,False,False,False,W,0.925926
2016_17_BUF_NYJ,2016,17,REG,NYJ,BUF,2017-01-01T18:00:00+00:00,40.813,-74.075,11.0,43.0,40.0,-106.0,,,False,False,True,W,0.943396
2016_17_CAR_TB,2016,17,REG,TB,CAR,2017-01-01T18:00:00+00:00,27.976,-82.503,6.0,44.5,33.0,-110.0,,,False,False,False,W,0.909091
2016_17_CLE_PIT,2016,17,REG,PIT,CLE,2017-01-01T18:00:00+00:00,40.447,-80.016,1.0,41.5,51.0,-111.0,,,False,False,False,L,-1.0
2016_17_DAL_PHI,2016,17,REG,PHI,DAL,2017-01-01T18:00:00+00:00,39.901,-75.168,10.0,44.0,40.0,104.0,,,False,False,True,W,1.04
2016_17_HOU_TEN,2016,17,REG,TEN,HOU,2017-01-01T18:00:00+00:00,36.166,-86.771,7.0,41.5,41.0,-100.0,,,False,False,False,W,1.0
2016_17_KC_SD,2016,17,REG,LAC,KC,2017-01-01T21:25:00+00:00,32.783,-117.12,10.0,45.0,64.0,-108.0,,,False,False,True,L,-1.0
2016_17_NE_MIA,2016,17,REG,MIA,NE,2017-01-01T18:00:00+00:00,25.958,-80.239,15.0,47.0,49.0,102.0,,,False,False,True,L,-1.0
2016_17_NYG_WAS,2016,17,REG,WAS,NYG,2017-01-01T21:25:00+00:00,38.908,-76.865,1.0,47.5,29.0,104.0,,,False,False,False,W,1.04
2016_17_OAK_DEN,2016,17,REG,DEN,LV,2017-01-01T21:25:00+00:00,39.744,-105.02,9.0,40.0,30.0,-107.0,,,False,False,False,W,0.934579
2016_17_SEA_SF,2016,17,REG,SF,SEA,2017-01-01T21:25:00+00:00,37.403,-121.97,5.0,44.5,48.0,-123.0,,,False,False,False,L,-1.0
2016_18_DET_SEA,2016,18,WC,SEA,DET,2017-01-08T01:15:00+00:00,47.595,-122.332,7.0,45.5,32.0,-113.0,,,False,False,False,W,0.884956
2016_18_MIA_PIT,2016,18,WC,PIT,MIA,2017-01-08T18:05:00+00:00,40.447,-80.016,16.0,47.5,42.0,-106.0,,,False,False,True,W,0.943396
2016_18_NYG_GB,2016,18,WC,GB,NYG,2017-01-08T21:40:00+00:00,44.501,-88.062,7.0,46.5,51.0,-106.0,,,False,False,False,L,-1.0
2016_19_HOU_NE,2016,19,DIV,NE,HOU,2017-01-15T01:15:00+00:00,42.091,-71.264,6.0,44.0,50.0,-110.0,,,False,False,False,L,-1.0
2016_19_PIT_KC,2016,19,DIV,KC,PIT,2017-01-16T01:20:00+00:00,39.049,-94.484,9.0,45.5,34.0,-103.0,,,False,False,False,W,0.970874
2016_20_PIT_NE,2016,20,CON,NE,PIT,2017-01-22T23:40:00+00:00,42.091,-71.264,10.0,49.5,53.0,-102.0,,,False,False,True,L,-1.0
2017_01_ATL_CHI,2017,1,REG,CHI,ATL,2017-09-10T17:00:00+00:00,41.862,-87.617,10.0,48.0,40.0,-103.0,,,False,False,True,W,0.970874
2017_01_BAL_CIN,2017,1,REG,CIN,BAL,2017-09-10T17:00:00+00:00,39.096,-84.516,9.0,41.5,20.0,-106.0,,,False,False,False,W,0.943396
2017_01_CAR_SF,2017,1,REG,SF,CAR,2017-09-10T20:25:00+00:00,37.403,-121.97,8.0,45.5,26.0,103.0,,,False,False,False,W,1.03
2017_01_IND_LA,2017,1,REG,LA,IND,2017-09-10T20:05:00+00:00,34.014,-118.288,2.0,41.5,55.0,-102.0,,,False,False,False,L,-1.0
2017_01_KC_NE,2017,1,REG,NE,KC,2017-09-08T00:30:00+00:00,42.091,-71.264,8.0,47.5,69.0,-102.0,,,False,False,False,L,-1.0
2017_01_LAC_DEN,2017,1,REG,DEN,LAC,2017-09-12T02:20:00+00:00,39.744,-105.02,12.0,41.5,45.0,102.0,,,False,False,True,L,-1.0
2017_01_NYJ_BUF,2017,1,REG,BUF,NYJ,2017-09-10T17:00:00+00:00,42.774,-78.787,6.0,42.0,33.0,-106.0,,,False,False,False,W,0.943396
2017_01_OAK_TEN,2017,1,REG,TEN,LV,2017-09-10T17:00:00+00:00,36.166,-86.771,7.0,49.5,42.0,-111.0,,,False,False,False,W,0.900901
2017_01_PHI_WAS,2017,1,REG,WAS,PHI,2017-09-10T17:00:00+00:00,38.908,-76.865,5.0,49.5,47.0,-100.0,,,False,False,False,W,1.0
2017_01_PIT_CLE,2017,1,REG,CLE,PIT,2017-09-10T17:00:00+00:00,41.506,-81.7,11.0,47.0,39.0,-110.0,,,False,False,True,W,0.909091
2017_01_SEA_GB,2017,1,REG,GB,SEA,2017-09-10T20:25:00+00:00,44.501,-88.062,11.0,49.5,26.0,-105.0,,,False,False,True,W,0.952381
2017_02_BUF_CAR,2017,2,REG,CAR,BUF,2017-09-17T17:00:00+00:00,35.226,-80.853,5.0,43.0,12.0,-107.0,,,False,False,False,W,0.934579
2017_02_CHI_TB,2017,2,REG,TB,CHI,2017-09-17T17:00:00+00:00,27.976,-82.503,7.0,44.0,36.0,-110.0,,,False,False,False,W,0.909091
2017_02_CLE_BAL,2017,2,REG,BAL,CLE,2017-09-17T17:00:00+00:00,39.278,-76.623,2.0,39.5,34.0,-100.0,,,False,False,False,W,1.0
2017_02_DAL_DEN,2017,2,REG,DEN,DAL,2017-09-17T20:25:00+00:00,39.744,-105.02,5.0,44.0,59.0,102.0,,,False,False,False,L,-1.0
2017_02_DET_NYG,2017,2,REG,NYG,DET,2017-09-19T00:30:00+00:00,40.813,-74.075,5.0,42.0,34.0,-106.0,,,False,False,False,W,0.943396
2017_02_HOU_CIN,2017,2,REG,CIN,HOU,2017-09-15T00:25:00+00:00,39.096,-84.516,2.0,38.0,22.0,-110.0,,,False,False,False,W,0.909091
2017_02_MIA_LAC,2017,2,REG,LAC,MIA,2017-09-17T20:05:00+00:00,33.864,-118.261,7.0,46.5,36.0,-110.0,,,False,False,False,W,0.909091
2017_02_MIN_PIT,2017,2,REG,PIT,MIN,2017-09-17T17:00:00+00:00,40.447,-80.016,1.0,43.0,35.0,-117.0,,,False,False,False,W,0.854701
2017_02_NYJ_OAK,2017,2,REG,LV,NYJ,2017-09-17T20:05:00+00:00,37.752,-122.201,6.0,44.0,65.0,-110.0,,,False,False,False,L,-1.0
2017_02_PHI_KC,2017,2,REG,KC,PHI,2017-09-17T17:00:00+00:00,39.049,-94.484,7.0,46.5,47.0,-108.0,,,False,False,False,L,-1.0
2017_02_SF_SEA,2017,2,REG,SEA,SF,2017-09-17T20:25:00+00:00,47.595,-122.332,12.0,42.0,21.0,106.0,,,False,False,True,W,1.06
2017_02_TEN_JAX,2017,2,REG,JAX,TEN,2017-09-17T17:00:00+00:00,30.324,-81.637,10.0,42.0,53.0,105.0,,,False,False,True,L,-1.0
2017_02_WAS_LA,2017,2,REG,LA,WAS,2017-09-17T20:25:00+00:00,34.014,-118.288,3.0,45.5,47.0,-105.0,,,False,False,False,L,-1.0
2017_03_BAL_JAX,2017,3,REG,JAX,BAL,2017-09-25T01:30:00+00:00,51.556,-0.28,10.0,38.0,51.0,-110.0,,,False,False,True,L,-1.0
2017_03_CIN_GB,2017,3,REG,GB,CIN,2017-09-24T20:25:00+00:00,44.501,-88.062,8.0,47.5,51.0,-111.0,,,False,False,False,L,-1.0
2017_03_DEN_BUF,2017,3,REG,BUF,DEN,2017-09-24T17:00:00+00:00,42.774,-78.787,5.0,40.0,42.0,104.0,,,False,False,False,L,-1.0
2017_03_HOU_NE,2017,3,REG,NE,HOU,2017-09-24T17:00:00+00:00,42.091,-71.264,4.0,44.5,69.0,103.0,,,False,False,False,L,-1.0
2017_03_KC_LAC,2017,3,REG,LAC,KC,2017-09-24T20:25:00+00:00,33.864,-118.261,5.0,47.5,34.0,-104.0,,,False,False,False,W,0.961538
2017_03_LA_SF,2017,3,REG,SF,LA,2017-09-22T00:25:00+00:00,37.403,-121.97,13.0,40.5,80.0,-109.0,,,False,False,True,L,-1.0
2017_03_MIA_NYJ,2017,3,REG,NYJ,MIA,2017-09-24T17:00:00+00:00,40.813,-74.075,5.0,43.0,26.0,-102.0,,,False,False,False,W,0.980392
2017_03_NO_CAR,2017,3,REG,CAR,NO,2017-09-24T17:00:00+00:00,35.226,-80.853,6.0,46.5,47.0,-107.0,,,False,False,False,L,-1.0
2017_03_NYG_PHI,2017,3,REG,PHI,NYG,2017-09-24T17:00:00+00:00,39.901,-75.168,6.0,42.0,51.0,-107.0,,,False,False,False,L,-1.0
2017_03_OAK_WAS,2017,3,REG,WAS,LV,2017-09-25T00:30:00+00:00,38.908,-76.865,0.0,53.0,37.0,-100.0,,,False,False,False,W,1.0
2017_03_PIT_CHI,2017,3,REG,CHI,PIT,2017-09-24T17:00:00+00:00,41.862,-87.617,5.0,43.5,40.0,-105.0,,,False,False,False,W,0.952381
2017_03_SEA_TEN,2017,3,REG,TEN,SEA,2017-09-24T20:05:00+00:00,36.166,-86.771,4.0,42.0,60.0,-106.0,,,False,False,False,L,-1.0
2017_04_CAR_NE,2017,4,REG,NE,CAR,2017-10-01T17:00:00+00:00,42.091,-71.264,6.0,48.0,63.0,-110.0,,,False,False,False,L,-1.0
2017_04_CHI_GB,2017,4,REG,GB,CHI,2017-09-29T00:25:00+00:00,44.501,-88.062,5.0,44.0,49.0,,,,False,False,False,L,-1.0
2017_04_CIN_CLE,2017,4,REG,CLE,CIN,2017-10-01T17:00:00+00:00,41.506,-81.7,6.0,41.5,38.0,-107.0,,,False,False,False,W,0.934579
2017_04_IND_SEA,2017,4,REG,SEA,IND,2017-10-02T00:30:00+00:00,47.595,-122.332,8.0,41.5,64.0,-109.0,,,False,False,False,L,-1.0
2017_04_JAX_NYJ,2017,4,REG,NYJ,JAX,2017-10-01T17:00:00+00:00,40.813,-74.075,5.0,38.5,43.0,-107.0,,,False,False,False,L,-1.0
2017_04_NO_MIA,2017,4,REG,MIA,NO,2017-10-02T01:30:00+00:00,51.556,-0.28,13.0,51.5,20.0,-110.0,,,False,False,True,W,0.909091
2017_04_NYG_TB,2017,4,REG,TB,NYG,2017-10-01T20:05:00+00:00,27.976,-82.503,8.0,46.0,48.0,-108.0,,,False,False,False,L,-1.0
2017_04_OAK_DEN,2017,4,REG,DEN,LV,2017-10-01T20:25:00+00:00,39.744,-105.02,7.0,44.0,26.0,102.0,,,False,False,False,W,1.02
2017_04_PHI_LAC,2017,4,REG,LAC,PHI,2017-10-01T20:05:00+00:00,33.864,-118.261,6.0,48.0,50.0,-101.0,,,False,False,False,L,-1.0
2017_04_PIT_BAL,2017,4,REG,BAL,PIT,2017-10-01T17:00:00+00:00,39.278,-76.623,6.0,42.0,35.0,-105.0,,,False,False,False,W,0.952381
2017_04_WAS_KC,2017,4,REG,KC,WAS,2017-10-03T00:30:00+00:00,39.049,-94.484,14.0,48.0,49.0,104.0,,,False,False,True,L,-1.0
2017_05_ARI_PHI,2017,5,REG,PHI,ARI,2017-10-08T17:00:00+00:00,39.901,-75.168,10.0,45.0,41.0,104.0,,,False,False,True,W,1.04
2017_05_BAL_OAK,2017,5,REG,LV,BAL,2017-10-08T20:05:00+00:00,37.752,-122.201,8.0,40.5,47.0,-110.0,,,False,False,False,L,-1.0
2017_05_BUF_CIN,2017,5,REG,CIN,BUF,2017-10-08T17:00:00+00:00,39.096,-84.516,10.0,39.0,36.0,-110.0,,,False,False,True,W,0.909091
2017_05_JAX_PIT,2017,5,REG,PIT,JAX,2017-10-08T17:00:00+00:00,40.447,-80.016,9.0,41.0,39.0,-118.0,,,False,False,False,W,0.847458
2017_05_LAC_NYG,2017,5,REG,NYG,LAC,2017-10-08T17:00:00+00:00,40.813,-74.075,7.0,45.5,49.0,-102.0,,,False,False,False,L,-1.0
2017_05_MIN_CHI,2017,5,REG,CHI,MIN,2017-10-10T00:30:00+00:00,41.862,-87.617,10.0,41.0,37.0,-102.0,,,False,False,True,W,0.980392
2017_05_NE_TB,2017,5,REG,TB,NE,2017-10-06T00:25:00+00:00,27.976,-82.503,9.0,54.5,33.0,-103.0,,,False,False,False,W,0.970874
2017_05_NYJ_CLE,2017,5,REG,CLE,NYJ,2017-10-08T17:00:00+00:00,41.506,-81.7,8.0,41.5,31.0,-105.0,,,False,False,False,W,0.952381
2017_05_SEA_LA,2017,5,REG,LA,SEA,2017-10-08T20:05:00+00:00,34.014,-118.288,0.0,46.5,26.0,-101.0,,,False,False,False,W,0.990099
2017_05_TEN_MIA,2017,5,REG,MIA,TEN,2017-10-08T17:00:00+00:00,25.958,-80.239,9.0,41.5,26.0,-109.0,,,False,False,False,W,0.917431
2017_06_CHI_BAL,2017,6,REG,BAL,CHI,2017-10-15T17:00:00+00:00,39.278,-76.623,7.0,39.5,51.0,-113.0,,,False,False,False,L,-1.0
2017_06_IND_TEN,2017,6,REG,TEN,IND,2017-10-17T00:30:00+00:00,36.166,-86.771,7.0,46.0,58.0,102.0,,,False,False,False,L,-1.0
2017_06_LAC_OAK,2017,6,REG,LV,LAC,2017-10-15T20:25:00+00:00,37.752,-122.201,9.0,48.5,33.0,106.0,,,False,False,False,W,1.06
2017_06_LA_JAX,2017,6,REG,JAX,LA,2017-10-15T20:05:00+00:00,30.324,-81.637,10.0,42.0,44.0,-100.0,,,False,False,True,L,-1.0
2017_06_NE_NYJ,2017,6,REG,NYJ,NE,2017-10-15T17:00:00+00:00,40.813,-74.075,13.0,48.5,41.0,-107.0,,,False,False,True,W,0.934579
2017_06_NYG_DEN,2017,6,REG,DEN,NYG,2017-10-16T00:30:00+00:00,39.744,-105.02,4.0,37.5,33.0,104.0,,,False,False,False,W,1.04
2017_06_PHI_CAR,2017,6,REG,CAR,PHI,2017-10-13T00:25:00+00:00,35.226,-80.853,6.0,44.0,51.0,106.0,,,False,False,False,L,-1.0
2017_06_PIT_KC,2017,6,REG,KC,PIT,2017-10-15T20:25:00+00:00,39.049,-94.484,14.0,46.5,32.0,-105.0,,,False,False,True,W,0.952381
2017_06_SF_WAS,2017,6,REG,WAS,SF,2017-10-15T17:00:00+00:00,38.908,-76.865,4.0,46.0,50.0,-105.0,,,False,False,False,L,-1.0
2017_07_ARI_LA,2017,7,REG,LA,ARI,2017-10-22T17:00:00+00:00,51.456,-0.342,10.0,45.5,33.0,-103.0,,,False,False,True,W,0.970874
2017_07_ATL_NE,2017,7,REG,NE,ATL,2017-10-23T00:30:00+00:00,42.091,-71.264,2.0,56.5,30.0,-101.0,,,False,False,False,W,0.990099
2017_07_CAR_CHI,2017,7,REG,CHI,CAR,2017-10-22T17:00:00+00:00,41.862,-87.617,15.0,39.5,20.0,-100.0,,,False,False,True,W,1.0
2017_07_CIN_PIT,2017,7,REG,PIT,CIN,2017-10-22T20:25:00+00:00,40.447,-80.016,6.0,40.0,43.0,-110.0,,,False,False,False,L,-1.0
2017_07_DAL_SF,2017,7,REG,SF,DAL,2017-10-22T20:05:00+00:00,37.403,-121.97,10.0,48.0,50.0,-103.0,,,False,False,True,L,-1.0
2017_07_DEN_LAC,2017,7,REG,LAC,DEN,2017-10-22T20:25:00+00:00,33.864,-118.261,4.0,41.0,21.0,-109.0,,,False,False,False,W,0.917431
2017_07_KC_OAK,2017,7,REG,LV,KC,2017-10-20T00:25:00+00:00,37.752,-122.201,1.0,46.5,61.0,102.0,,,False,False,False,L,-1.0
2017_07_NO_GB,2017,7,REG,GB,NO,2017-10-22T17:00:00+00:00,44.501,-88.062,10.0,45.5,43.0,-104.0,,,False,False,True,W,0.961538
2017_07_NYJ_MIA,2017,7,REG,MIA,NYJ,2017-10-22T17:00:00+00:00,25.958,-80.239,18.0,40.0,59.0,-102.0,,,False,False,True,L,-1.0
2017_07_SEA_NYG,2017,7,REG,NYG,SEA,2017-10-22T20:25:00+00:00,40.813,-74.075,7.0,39.0,31.0,-102.0,,,False,False,False,W,0.980392
2017_07_TB_BUF,2017,7,REG,BUF,TB,2017-10-22T17:00:00+00:00,42.774,-78.787,9.0,46.5,57.0,-108.0,,,False,False,False,L,-1.0
2017_07_TEN_CLE,2017,7,REG,CLE,TEN,2017-10-22T17:00:00+00:00,41.506,-81.7,12.0,42.5,21.0,-102.0,,,False,False,True,W,0.980392
2017_07_WAS_PHI,2017,7,REG,PHI,WAS,2017-10-24T00:30:00+00:00,39.901,-75.168,9.0,48.5,58.0,100.0,,,False,False,False,L,-1.0
2017_08_ATL_NYJ,2017,8,REG,NYJ,ATL,2017-10-29T17:00:00+00:00,40.813,-74.075,5.0,43.5,45.0,-119.0,,,False,False,False,L,-1.0
2017_08_CAR_TB,2017,8,REG,TB,CAR,2017-10-29T17:00:00+00:00,27.976,-82.503,13.0,46.0,20.0,102.0,,,False,False,True,W,1.02
2017_08_DAL_WAS,2017,8,REG,WAS,DAL,2017-10-29T20:25:00+00:00,38.908,-76.865,4.0,46.5,52.0,-113.0,,,False,False,False,L,-1.0
2017_08_DEN_KC,2017,8,REG,KC,DEN,2017-10-31T00:30:00+00:00,39.049,-94.484,12.0,42.0,48.0,102.0,,,False,False,True,L,-1.0
2017_08_HOU_SEA,2017,8,REG,SEA,HOU,2017-10-29T20:05:00+00:00,47.595,-122.332,2.0,45.0,79.0,-105.0,,,False,False,False,L,-1.0
2017_08_IND_CIN,2017,8,REG,CIN,IND,2017-10-29T17:00:00+00:00,39.096,-84.516,9.0,44.0,47.0,100.0,,,False,False,False,L,-1.0
2017_08_LAC_NE,2017,8,REG,NE,LAC,2017-10-29T17:00:00+00:00,42.091,-71.264,8.0,49.5,34.0,-105.0,,,False,False,False,W,0.952381
2017_08_MIA_BAL,2017,8,REG,BAL,MIA,2017-10-27T00:25:00+00:00,39.278,-76.623,9.0,38.0,40.0,-104.0,,,False,False,False,L,-1.0
2017_08_MIN_CLE,2017,8,REG,CLE,MIN,2017-10-30T01:30:00+00:00,51.456,-0.342,11.0,38.5,49.0,-113.0,,,False,False,True,L,-1.0
2017_08_OAK_BUF,2017,8,REG,BUF,LV,2017-10-29T17:00:00+00:00,42.774,-78.787,7.0,47.0,48.0,-106.0,,,False,False,False,L,-1.0
2017_08_SF_PHI,2017,8,REG,PHI,SF,2017-10-29T17:00:00+00:00,39.901,-75.168,12.0,45.0,43.0,-101.0,,,False,False,True,W,0.990099
2017_09_ARI_SF,2017,9,REG,SF,ARI,2017-11-05T21:05:00+00:00,37.403,-121.97,8.0,39.0,30.0,-104.0,,,False,False,False,W,0.961538
2017_09_ATL_CAR,2017,9,REG,CAR,ATL,2017-11-05T18:00:00+00:00,35.226,-80.853,4.0,42.0,37.0,102.0,,,False,False,False,W,1.02
2017_09_BAL_TEN,2017,9,REG,TEN,BAL,2017-11-05T18:00:00+00:00,36.166,-86.771,10.0,41.0,43.0,102.0,,,False,False,True,L,-1.0
2017_09_BUF_NYJ,2017,9,REG,NYJ,BUF,2017-11-03T00:25:00+00:00,40.813,-74.075,11.0,42.0,55.0,-108.0,,,False,False,True,L,-1.0
2017_09_CIN_JAX,2017,9,REG,JAX,CIN,2017-11-05T18:00:00+00:00,30.324,-81.637,12.0,38.0,30.0,-107.0,,,False,False,True,W,0.934579
2017_09_DEN_PHI,2017,9,REG,PHI,DEN,2017-11-05T18:00:00+00:00,39.901,-75.168,5.0,41.0,74.0,-102.0,,,False,False,False,L,-1.0
2017_09_DET_GB,2017,9,REG,GB,DET,2017-11-07T01:30:00+00:00,44.501,-88.062,3.0,42.5,47.0,-110.0,,,False,False,False,L,-1.0
2017_09_LA_NYG,2017,9,REG,NYG,LA,2017-11-05T18:00:00+00:00,40.813,-74.075,6.0,42.5,68.0,-102.0,,,False,False,False,L,-1.0
2017_09_OAK_MIA,2017,9,REG,MIA,LV,2017-11-06T01:30:00+00:00,25.958,-80.239,2.0,44.5,51.0,-100.0,,,False,False,False,L,-1.0
2017_09_WAS_SEA,2017,9,REG,SEA,WAS,2017-11-05T21:05:00+00:00,47.595,-122.332,11.0,44.5,31.0,-103.0,,,False,False,True,W,0.970874
2017_10_CIN_TEN,2017,10,REG,TEN,CIN,2017-11-12T18:00:00+00:00,36.166,-86.771,4.0,40.5,44.0,-111.0,,,False,False,False,L,-1.0
2017_10_GB_CHI,2017,10,REG,CHI,GB,2017-11-12T18:00:00+00:00,41.862,-87.617,6.0,37.5,39.0,-104.0,,,False,False,False,L,-1.0
2017_10_HOU_LA,2017,10,REG,LA,HOU,2017-11-12T21:05:00+00:00,34.014,-118.288,0.0,45.0,40.0,-102.0,,,False,False,False,W,0.980392
2017_10_LAC_JAX,2017,10,REG,JAX,LAC,2017-11-12T18:00:00+00:00,30.324,-81.637,5.0,40.5,37.0,-110.0,,,False,False,False,W,0.909091
2017_10_MIA_CAR,2017,10,REG,CAR,MIA,2017-11-14T01:30:00+00:00,35.226,-80.853,6.0,38.5,66.0,-103.0,,,False,False,False,L,-1.0
2017_10_MIN_WAS,2017,10,REG,WAS,MIN,2017-11-12T18:00:00+00:00,38.908,-76.865,4.0,43.0,68.0,-107.0,,,False,False,False,L,-1.0
2017_10_NE_DEN,2017,10,REG,DEN,NE,2017-11-13T01:30:00+00:00,39.744,-105.02,5.0,45.0,57.0,106.0,,,False,False,False,L,-1.0
2017_10_NO_BUF,2017,10,REG,BUF,NO,2017-11-12T18:00:00+00:00,42.774,-78.787,2.0,48.5,57.0,101.0,,,False,False,False,L,-1.0
2017_10_NYG_SF,2017,10,REG,SF,NYG,2017-11-12T21:25:00+00:00,37.403,-121.97,5.0,41.5,52.0,106.0,,,False,False,False,L,-1.0
2017_10_NYJ_TB,2017,10,REG,TB,NYJ,2017-11-12T18:00:00+00:00,27.976,-82.503,16.0,44.5,25.0,-106.0,,,False,False,True,W,0.943396
2017_11_ATL_SEA,2017,11,REG,SEA,ATL,2017-11-21T01:30:00+00:00,47.595,-122.332,6.0,46.0,65.0,-108.0,,,False,False,False,L,-1.0
2017_11_BAL_GB,2017,11,REG,GB,BAL,2017-11-19T18:00:00+00:00,44.501,-88.062,14.0,38.5,23.0,-103.0,,,False,False,True,W,0.970874
2017_11_BUF_LAC,2017,11,REG,LAC,BUF,2017-11-19T21:05:00+00:00,33.864,-118.261,6.0,41.5,78.0,100.0,,,False,False,False,L,-1.0
2017_11_CIN_DEN,2017,11,REG,DEN,CIN,2017-11-19T21:25:00+00:00,39.744,-105.02,7.0,37.5,37.0,-103.0,,,False,False,False,W,0.970874
2017_11_DET_CHI,2017,11,REG,CHI,DET,2017-11-19T18:00:00+00:00,41.862,-87.617,16.0,41.0,51.0,-101.0,,,False,False,True,L,-1.0
2017_11_JAX_CLE,2017,11,REG,CLE,JAX,2017-11-19T18:00:00+00:00,41.506,-81.7,16.0,37.0,26.0,-102.0,,,False,False,True,W,0.980392
2017_11_KC_NYG,2017,11,REG,NYG,KC,2017-11-19T18:00:00+00:00,40.813,-74.075,23.0,44.5,21.0,-105.0,,,False,False,True,W,0.952381
2017_11_NE_OAK,2017,11,REG,LV,NE,2017-11-19T21:25:00+00:00,19.303,-99.15,0.0,55.0,41.0,-108.0,,,False,False,False,W,0.925926
2017_11_TB_MIA,2017,11,REG,MIA,TB,2017-11-19T18:00:00+00:00,25.958,-80.239,9.0,44.0,50.0,100.0,,,False,False,False,L,-1.0
2017_11_TEN_PIT,2017,11,REG,PIT,TEN,2017-11-17T01:25:00+00:00,40.447,-80.016,17.0,44.5,57.0,-100.0,,,False,False,True,L,-1.0
2017_12_BUF_KC,2017,12,REG,KC,BUF,2017-11-26T18:00:00+00:00,39.049,-94.484,9.0,47.5,26.0,-110.0,,,False,False,False,W,0.909091
2017_12_CAR_NYJ,2017,12,REG,NYJ,CAR,2017-11-26T18:00:00+00:00,40.813,-74.075,23.0,39.5,62.0,-101.0,,,False,False,True,L,-1.0
2017_12_CHI_PHI,2017,12,REG,PHI,CHI,2017-11-26T18:00:00+00:00,39.901,-75.168,17.0,43.5,34.0,103.0,,,False,False,True,W,1.03
2017_12_CLE_CIN,2017,12,REG,CIN,CLE,2017-11-26T18:00:00+00:00,39.096,-84.516,3.0,39.0,46.0,-110.0,,,False,False,False,L,-1.0
2017_12_DEN_OAK,2017,12,REG,LV,DEN,2017-11-26T21:25:00+00:00,37.752,-122.201,13.0,41.0,35.0,-106.0,,,False,False,True,W,0.943396
2017_12_GB_PIT,2017,12,REG,PIT,GB,2017-11-27T01:30:00+00:00,40.447,-80.016,7.0,43.0,59.0,-101.0,,,False,False,False,L,-1.0
2017_12_HOU_BAL,2017,12,REG,BAL,HOU,2017-11-28T01:30:00+00:00,39.278,-76.623,1.0,39.5,39.0,-102.0,,,False,False,False,W,0.980392
2017_12_MIA_NE,2017,12,REG,NE,MIA,2017-11-26T18:00:00+00:00,42.091,-71.264,17.0,49.0,52.0,-108.0,,,False,False,True,L,-1.0
2017_12_NO_LA,2017,12,REG,LA,NO,2017-11-26T21:25:00+00:00,34.014,-118.288,1.0,54.0,46.0,-103.0,,,False,False,False,W,0.970874
2017_12_NYG_WAS,2017,12,REG,WAS,NYG,2017-11-24T01:30:00+00:00,38.908,-76.865,0.0,44.0,30.0,-102.0,,,False,False,False,W,0.980392
2017_12_SEA_SF,2017,12,REG,SF,SEA,2017-11-26T21:05:00+00:00,37.403,-121.97,12.0,45.0,37.0,-107.0,,,False,False,True,W,0.934579
2017_13_CLE_LAC,2017,13,REG,LAC,CLE,2017-12-03T21:05:00+00:00,33.864,-118.261,7.0,45.0,29.0,111.0,,,False,False,False,W,1.11
2017_13_DEN_MIA,2017,13,REG,MIA,DEN,2017-12-03T18:00:00+00:00,25.958,-80.239,11.0,41.0,44.0,-105.0,,,False,False,True,L,-1.0
2017_13_DET_BAL,2017,13,REG,BAL,DET,2017-12-03T18:00:00+00:00,39.278,-76.623,4.0,43.0,64.0,-100.0,,,False,False,False,L,-1.0
2017_13_HOU_TEN,2017,13,REG,TEN,HOU,2017-12-03T18:00:00+00:00,36.166,-86.771,4.0,42.5,37.0,-104.0,,,False,False,False,W,0.961538
2017_13_IND_JAX,2017,13,REG,JAX,IND,2017-12-03T18:00:00+00:00,30.324,-81.637,7.0,41.0,40.0,-104.0,,,False,False,False,W,0.961538
2017_13_KC_NYJ,2017,13,REG,NYJ,KC,2017-12-03T18:00:00+00:00,40.813,-74.075,0.0,44.0,69.0,-105.0,,,False,False,False,L,-1.0
2017_13_NE_BUF,2017,13,REG,BUF,NE,2017-12-03T18:00:00+00:00,42.774,-78.787,13.0,48.5,26.0,-112.0,,,False,False,True,W,0.892857
2017_13_NYG_OAK,2017,13,REG,LV,NYG,2017-12-03T21:25:00+00:00,37.752,-122.201,11.0,43.0,41.0,100.0,,,False,False,True,W,1.0
2017_13_PHI_SEA,2017,13,REG,SEA,PHI,2017-12-04T01:30:00+00:00,47.595,-122.332,3.0,46.5,34.0,-104.0,,,False,False,False,W,0.961538
2017_13_PIT_CIN,2017,13,REG,CIN,PIT,2017-12-05T01:30:00+00:00,39.096,-84.516,9.0,42.5,43.0,-105.0,,,False,False,False,L,-1.0
2017_13_SF_CHI,2017,13,REG,CHI,SF,2017-12-03T18:00:00+00:00,41.862,-87.617,6.0,42.0,29.0,-107.0,,,False,False,False,W,0.934579
2017_13_TB_GB,2017,13,REG,GB,TB,2017-12-03T18:00:00+00:00,44.501,-88.062,8.0,45.0,46.0,-115.0,,,False,False,False,L,-1.0
2017_14_BAL_PIT,2017,14,REG,PIT,BAL,2017-12-11T01:30:00+00:00,40.447,-80.016,12.0,43.0,77.0,-105.0,,,False,False,True,L,-1.0
2017_14_CHI_CIN,2017,14,REG,CIN,CHI,2017-12-10T18:00:00+00:00,39.096,-84.516,11.0,40.5,40.0,104.0,,,False,False,True,W,1.04
2017_14_DAL_NYG,2017,14,REG,NYG,DAL,2017-12-10T18:00:00+00:00,40.813,-74.075,11.0,42.0,40.0,-107.0,,,False,False,True,W,0.934579
2017_14_DET_TB,2017,14,REG,TB,DET,2017-12-10T18:00:00+00:00,27.976,-82.503,9.0,47.5,45.0,-117.0,,,False,False,False,W,0.854701
2017_14_GB_CLE,2017,14,REG,CLE,GB,2017-12-10T18:00:00+00:00,41.506,-81.7,24.0,38.5,48.0,-110.0,,,False,False,True,L,-1.0
2017_14_IND_BUF,2017,14,REG,BUF,IND,2017-12-10T18:00:00+00:00,42.774,-78.787,15.0,36.5,20.0,-113.0,,,False,False,True,W,0.884956
2017_14_MIN_CAR,2017,14,REG,CAR,MIN,2017-12-10T18:00:00+00:00,35.226,-80.853,5.0,40.5,55.0,-102.0,,,False,False,False,L,-1.0
2017_14_NE_MIA,2017,14,REG,MIA,NE,2017-12-12T01:30:00+00:00,25.958,-80.239,7.0,48.0,47.0,-105.0,,,False,False,False,W,0.952381
2017_14_NYJ_DEN,2017,14,REG,DEN,NYJ,2017-12-10T21:05:00+00:00,39.744,-105.02,3.0,40.5,23.0,-107.0,,,False,False,False,W,0.934579
2017_14_OAK_KC,2017,14,REG,KC,LV,2017-12-10T18:00:00+00:00,39.049,-94.484,13.0,48.5,41.0,-105.0,,,False,False,True,W,0.952381
2017_14_PHI_LA,2017,14,REG,LA,PHI,2017-12-10T21:25:00+00:00,34.014,-118.288,0.0,47.5,78.0,-106.0,,,False,False,False,L,-1.0
2017_14_SEA_JAX,2017,14,REG,JAX,SEA,2017-12-10T21:25:00+00:00,30.324,-81.637,5.0,41.0,54.0,-100.0,,,False,False,False,L,-1.0
2017_14_WAS_LAC,2017,14,REG,LAC,WAS,2017-12-10T21:05:00+00:00,33.864,-118.261,4.0,46.5,43.0,-104.0,,,False,False,False,W,0.961538
2017_15_ARI_WAS,2017,15,REG,WAS,ARI,2017-12-17T18:00:00+00:00,38.908,-76.865,1.0,40.0,35.0,-102.0,,,False,False,False,W,0.980392
2017_15_ATL_TB,2017,15,REG,TB,ATL,2017-12-19T01:30:00+00:00,27.976,-82.503,2.0,49.5,45.0,-101.0,,,False,False,False,W,0.990099
2017_15_BAL_CLE,2017,15,REG,CLE,BAL,2017-12-17T18:00:00+00:00,41.506,-81.7,0.0,42.0,37.0,-113.0,,,False,False,False,W,0.884956
2017_15_DAL_OAK,2017,15,REG,LV,DAL,2017-12-18T01:30:00+00:00,37.752,-122.201,4.0,46.0,37.0,-102.0,,,False,False,False,W,0.980392
2017_15_GB_CAR,2017,15,REG,CAR,GB,2017-12-17T18:00:00+00:00,35.226,-80.853,5.0,46.5,55.0,-103.0,,,False,False,False,L,-1.0
2017_15_HOU_JAX,2017,15,REG,JAX,HOU,2017-12-17T18:00:00+00:00,30.324,-81.637,5.0,39.0,52.0,-108.0,,,False,False,False,L,-1.0
2017_15_LAC_KC,2017,15,REG,KC,LAC,2017-12-17T01:25:00+00:00,39.049,-94.484,9.0,47.0,43.0,-113.0,,,False,False,False,W,0.884956
2017_15_LA_SEA,2017,15,REG,SEA,LA,2017-12-17T21:05:00+00:00,47.595,-122.332,15.0,47.5,49.0,-110.0,,,False,False,True,L,-1.0
2017_15_MIA_BUF,2017,15,REG,BUF,MIA,2017-12-17T18:00:00+00:00,42.774,-78.787,8.0,39.5,40.0,-115.0,,,False,False,False,L,-1.0
2017_15_NE_PIT,2017,15,REG,PIT,NE,2017-12-17T21:25:00+00:00,40.447,-80.016,4.0,53.0,51.0,-115.0,,,False,False,False,W,0.869565
2017_15_PHI_NYG,2017,15,REG,NYG,PHI,2017-12-17T18:00:00+00:00,40.813,-74.075,0.0,40.5,63.0,-107.0,,,False,False,False,L,-1.0
2017_15_TEN_SF,2017,15,REG,SF,TEN,2017-12-17T21:25:00+00:00,37.403,-121.97,17.0,44.5,48.0,-102.0,,,False,False,True,L,-1.0
2017_16_BUF_NE,2017,16,REG,NE,BUF,2017-12-24T18:00:00+00:00,42.091,-71.264,7.0,47.5,53.0,-112.0,,,False,False,False,L,-1.0
2017_16_CLE_CHI,2017,16,REG,CHI,CLE,2017-12-24T18:00:00+00:00,41.862,-87.617,8.0,37.0,23.0,-100.0,,,False,False,False,W,1.0
2017_16_DEN_WAS,2017,16,REG,WAS,DEN,2017-12-24T18:00:00+00:00,38.908,-76.865,7.0,39.5,38.0,103.0,,,False,False,False,W,1.03
2017_16_DET_CIN,2017,16,REG,CIN,DET,2017-12-24T18:00:00+00:00,39.096,-84.516,2.0,43.5,43.0,-105.0,,,False,False,False,W,0.952381
2017_16_IND_BAL,2017,16,REG,BAL,IND,2017-12-23T21:30:00+00:00,39.278,-76.623,14.0,41.0,39.0,-100.0,,,False,False,True,W,1.0
2017_16_JAX_SF,2017,16,REG,SF,JAX,2017-12-24T21:05:00+00:00,37.403,-121.97,0.0,43.0,77.0,-104.0,,,False,False,False,L,-1.0
2017_16_LAC_NYJ,2017,16,REG,NYJ,LAC,2017-12-24T18:00:00+00:00,40.813,-74.075,6.0,42.5,21.0,-103.0,,,False,False,False,W,0.970874
2017_16_LA_TEN,2017,16,REG,TEN,LA,2017-12-24T18:00:00+00:00,36.166,-86.771,11.0,46.0,50.0,-105.0,,,False,False,True,L,-1.0
2017_16_MIA_KC,2017,16,REG,KC,MIA,2017-12-24T18:00:00+00:00,39.049,-94.484,15.0,43.5,42.0,-103.0,,,False,False,True,W,0.970874
2017_16_MIN_GB,2017,16,REG,GB,MIN,2017-12-24T01:30:00+00:00,44.501,-88.062,6.0,41.0,16.0,-106.0,,,False,False,False,W,0.943396
2017_16_OAK_PHI,2017,16,REG,PHI,LV,2017-12-26T01:30:00+00:00,39.901,-75.168,15.0,46.0,29.0,-103.0,,,False,False,True,W,0.970874
2017_16_TB_CAR,2017,16,REG,CAR,TB,2017-12-24T18:00:00+00:00,35.226,-80.853,6.0,46.5,41.0,-115.0,,,False,False,False,W,0.869565
2017_17_ARI_SEA,2017,17,REG,SEA,ARI,2017-12-31T21:25:00+00:00,47.595,-122.332,7.0,38.0,50.0,-110.0,,,False,False,False,L,-1.0
2017_17_BUF_MIA,2017,17,REG,MIA,BUF,2017-12-31T21:25:00+00:00,25.958,-80.239,9.0,41.5,38.0,102.0,,,False,False,False,W,1.02
2017_17_CIN_BAL,2017,17,REG,BAL,CIN,2017-12-31T21:25:00+00:00,39.278,-76.623,12.0,40.0,58.0,-104.0,,,False,False,True,L,-1.0
2017_17_CLE_PIT,2017,17,REG,PIT,CLE,2017-12-31T18:00:00+00:00,40.447,-80.016,3.0,38.5,52.0,111.0,,,False,False,False,L,-1.0
2017_17_DAL_PHI,2017,17,REG,PHI,DAL,2017-12-31T18:00:00+00:00,39.901,-75.168,17.0,41.0,6.0,-101.0,,,False,False,True,W,0.990099
2017_17_JAX_TEN,2017,17,REG,TEN,JAX,2017-12-31T21:25:00+00:00,36.166,-86.771,5.0,40.0,25.0,-104.0,,,False,False,False,W,0.961538
2017_17_KC_DEN,2017,17,REG,DEN,KC,2017-12-31T21:25:00+00:00,39.744,-105.02,4.0,37.5,51.0,-105.0,,,False,False,False,L,-1.0
2017_17_NO_TB,2017,17,REG,TB,NO,2017-12-31T21:25:00+00:00,27.976,-82.503,3.0,49.0,55.0,-123.0,,,False,False,False,L,-1.0
2017_17_NYJ_NE,2017,17,REG,NE,NYJ,2017-12-31T18:00:00+00:00,42.091,-71.264,14.0,43.5,32.0,-117.0,,,False,False,True,W,0.854701
2017_17_OAK_LAC,2017,17,REG,LAC,LV,2017-12-31T21:25:00+00:00,33.864,-118.261,2.0,43.0,40.0,-115.0,,,False,False,False,W,0.869565
2017_17_SF_LA,2017,17,REG,LA,SF,2017-12-31T21:25:00+00:00,34.014,-118.288,3.0,44.5,47.0,100.0,,,False,False,False,L,-1.0
2017_17_WAS_NYG,2017,17,REG,NYG,WAS,2017-12-31T18:00:00+00:00,40.813,-74.075,16.0,41.0,28.0,-108.0,,,False,False,True,W,0.925926
2017_18_ATL_LA,2017,18,WC,LA,ATL,2018-01-07T01:15:00+00:00,34.014,-118.288,3.0,48.0,39.0,-110.0,,,False,False,False,W,0.909091
2017_18_BUF_JAX,2017,18,WC,JAX,BUF,2018-01-07T18:05:00+00:00,30.324,-81.637,18.0,39.5,13.0,-110.0,,,False,False,True,W,0.909091
2017_18_TEN_KC,2017,18,WC,KC,TEN,2018-01-06T21:36:00+00:00,39.049,-94.484,10.0,44.0,43.0,-104.0,,,False,False,True,W,0.961538
2017_19_ATL_PHI,2017,19,DIV,PHI,ATL,2018-01-13T21:35:00+00:00,39.901,-75.168,16.0,40.0,25.0,-110.0,,,False,False,True,W,0.909091
2017_19_JAX_PIT,2017,19,DIV,PIT,JAX,2018-01-14T18:05:00+00:00,40.447,-80.016,2.0,40.5,87.0,-107.0,,,False,False,False,L,-1.0
2017_19_TEN_NE,2017,19,DIV,NE,TEN,2018-01-14T01:15:00+00:00,42.091,-71.264,12.0,48.0,49.0,-102.0,,,False,False,True,L,-1.0
2017_20_JAX_NE,2017,20,CON,NE,JAX,2018-01-21T20:05:00+00:00,42.091,-71.264,3.0,46.0,44.0,102.0,,,False,False,False,W,1.02
2017_20_MIN_PHI,2017,20,CON,PHI,MIN,2018-01-21T23:41:00+00:00,39.901,-75.168,5.0,39.0,45.0,-106.0,,,False,False,False,L,-1.0
2018_01_ATL_PHI,2018,1,REG,PHI,ATL,2018-09-07T00:20:00+00:00,39.901,-75.168,8.0,44.5,30.0,-101.0,5.925000000000001,13.374999999999998,False,True,False,W,0.990099
2018_01_BUF_BAL,2018,1,REG,BAL,BUF,2018-09-09T17:00:00+00:00,39.278,-76.623,12.0,39.0,50.0,109.0,9.55,28.25,True,True,True,L,-1.0
2018_01_CHI_GB,2018,1,REG,GB,CHI,2018-09-10T00:20:00+00:00,44.501,-88.062,10.0,45.0,47.0,102.0,2.75,7.1,False,True,True,L,-1.0
2018_01_DAL_CAR,2018,1,REG,CAR,DAL,2018-09-09T20:25:00+00:00,35.226,-80.853,9.0,42.5,24.0,105.0,7.05,11.9,False,True,False,W,1.05
2018_01_HOU_NE,2018,1,REG,NE,HOU,2018-09-09T17:00:00+00:00,42.091,-71.264,10.0,49.5,47.0,108.0,8.525,13.025,False,True,True,W,1.08
2018_01_JAX_NYG,2018,1,REG,NYG,JAX,2018-09-09T17:00:00+00:00,40.813,-74.075,7.0,43.0,35.0,103.0,8.45,15.0,False,True,False,W,1.03
2018_01_KC_LAC,2018,1,REG,LAC,KC,2018-09-09T20:05:00+00:00,33.864,-118.261,8.0,48.0,66.0,-105.0,6.55,8.05,False,True,False,L,-1.0
2018_01_LA_OAK,2018,1,REG,LV,LA,2018-09-11T02:20:00+00:00,37.752,-122.201,10.0,47.5,46.0,-102.0,2.125,5.025,False,True,True,W,0.980392
2018_01_PIT_CLE,2018,1,REG,CLE,PIT,2018-09-09T17:00:00+00:00,41.506,-81.7,11.0,41.0,42.0,-102.0,12.6,29.35,True,True,True,L,-1.0
2018_01_SEA_DEN,2018,1,REG,DEN,SEA,2018-09-09T20:25:00+00:00,39.744,-105.02,5.0,42.5,51.0,-104.0,6.075,14.5,False,True,False,L,-1.0
2018_01_TEN_MIA,2018,1,REG,MIA,TEN,2018-09-09T17:00:00+00:00,25.958,-80.239,7.0,43.5,47.0,-101.0,5.35,7.225,False,True,False,L,-1.0
2018_02_ARI_LA,2018,2,REG,LA,ARI,2018-09-16T20:05:00+00:00,34.014,-118.288,2.0,43.5,34.0,-109.0,7.1,8.975000000000001,False,True,False,W,0.917431
2018_02_BAL_CIN,2018,2,REG,CIN,BAL,2018-09-14T00:20:00+00:00,39.096,-84.516,3.0,43.0,57.0,-107.0,2.05,2.525,False,True,False,L,-1.0
2018_02_DET_SF,2018,2,REG,SF,DET,2018-09-16T20:05:00+00:00,37.403,-121.97,12.0,48.5,57.0,-105.0,13.725,17.3,True,True,True,L,-1.0
2018_02_HOU_TEN,2018,2,REG,TEN,HOU,2018-09-16T17:00:00+00:00,36.166,-86.771,12.0,41.0,37.0,-110.0,7.324999999999999,13.325,False,True,True,W,0.909091
2018_02_IND_WAS,2018,2,REG,WAS,IND,2018-09-16T17:00:00+00:00,38.908,-76.865,5.0,48.0,30.0,-110.0,7.499999999999999,14.075,False,True,False,W,0.909091
2018_02_KC_PIT,2018,2,REG,PIT,KC,2018-09-16T17:00:00+00:00,40.447,-80.016,10.0,52.0,79.0,-114.0,7.749999999999999,13.05,False,True,True,L,-1.0
2018_02_LAC_BUF,2018,2,REG,BUF,LAC,2018-09-16T17:00:00+00:00,42.774,-78.787,6.0,41.5,51.0,-108.0,3.975,7.249999999999999,False,True,False,L,-1.0
2018_02_MIA_NYJ,2018,2,REG,NYJ,MIA,2018-09-16T17:00:00+00:00,40.813,-74.075,4.0,43.0,32.0,-104.0,1.15,7.35,False,True,False,W,0.961538
2018_02_MIN_GB,2018,2,REG,GB,MIN,2018-09-16T17:00:00+00:00,44.501,-88.062,5.0,45.0,58.0,-110.0,6.425,12.525,False,True,False,L,-1.0
2018_02_NE_JAX,2018,2,REG,JAX,NE,2018-09-16T20:25:00+00:00,30.324,-81.637,15.0,44.5,51.0,-104.0,7.9,14.775,False,True,True,L,-1.0
2018_02_OAK_DEN,2018,2,REG,DEN,LV,2018-09-16T20:25:00+00:00,39.744,-105.02,4.0,44.5,39.0,-105.0,4.65,15.7,False,True,False,W,0.952381
2018_02_PHI_TB,2018,2,REG,TB,PHI,2018-09-16T17:00:00+00:00,27.976,-82.503,9.0,46.5,48.0,100.0,8.35,11.25,False,True,False,L,-1.0
2018_02_SEA_CHI,2018,2,REG,CHI,SEA,2018-09-18T00:15:00+00:00,41.862,-87.617,2.0,42.5,41.0,-105.0,2.3,4.875,False,True,False,W,0.952381
2018_03_CIN_CAR,2018,3,REG,CAR,CIN,2018-09-23T17:00:00+00:00,35.226,-80.853,3.0,44.0,52.0,-105.0,4.525,5.75,False,True,False,L,-1.0
2018_03_DAL_SEA,2018,3,REG,SEA,DAL,2018-09-23T20:25:00+00:00,47.595,-122.332,4.0,40.0,37.0,-103.0,1.775,3.875,False,True,False,W,0.970874
2018_03_DEN_BAL,2018,3,REG,BAL,DEN,2018-09-23T17:00:00+00:00,39.278,-76.623,5.0,46.0,41.0,-108.0,3.925,13.575,False,True,False,W,0.925926
2018_03_GB_WAS,2018,3,REG,WAS,GB,2018-09-23T17:00:00+00:00,38.908,-76.865,6.0,46.5,48.0,-122.0,5.1,15.325,False,True,False,L,-1.0
2018_03_IND_PHI,2018,3,REG,PHI,IND,2018-09-23T17:00:00+00:00,39.901,-75.168,5.0,45.5,36.0,103.0,4.75,6.6000000000000005,False,True,False,W,1.03
2018_03_LAC_LA,2018,3,REG,LA,LAC,2018-09-23T20:05:00+00:00,34.014,-118.288,5.0,49.0,58.0,-110.0,6.975,8.875,False,True,False,L,-1.0
2018_03_NYJ_CLE,2018,3,REG,CLE,NYJ,2018-09-21T00:20:00+00:00,41.506,-81.7,11.0,41.0,38.0,-104.0,8.8,15.45,False,True,True,W,0.961538
2018_03_OAK_MIA,2018,3,REG,MIA,LV,2018-09-23T17:00:00+00:00,25.958,-80.239,7.0,46.0,48.0,-103.0,5.75,7.025,False,True,False,L,-1.0
2018_03_PIT_TB,2018,3,REG,TB,PIT,2018-09-25T00:15:00+00:00,27.976,-82.503,5.0,55.0,57.0,-105.0,1.825,9.45,False,True,False,L,-1.0
2018_03_SF_KC,2018,3,REG,KC,SF,2018-09-23T17:00:00+00:00,39.049,-94.484,4.0,53.0,65.0,-105.0,6.75,10.625,False,True,False,L,-1.0
2018_03_TEN_JAX,2018,3,REG,JAX,TEN,2018-09-23T17:00:00+00:00,30.324,-81.637,10.0,39.0,15.0,-102.0,6.95,10.3,False,True,True,W,0.980392
2018_04_BAL_PIT,2018,4,REG,PIT,BAL,2018-10-01T00:20:00+00:00,40.447,-80.016,2.0,51.0,40.0,-108.0,2.975,3.15,False,True,False,W,0.925926
2018_04_BUF_GB,2018,4,REG,GB,BUF,2018-09-30T17:00:00+00:00,44.501,-88.062,9.0,44.0,22.0,-105.0,4.7,9.175,False,True,False,W,0.952381
2018_04_CLE_OAK,2018,4,REG,LV,CLE,2018-09-30T20:05:00+00:00,37.752,-122.201,8.0,44.5,87.0,-102.0,7.449999999999999,8.9,False,True,False,L,-1.0
2018_04_KC_DEN,2018,4,REG,DEN,KC,2018-10-02T00:15:00+00:00,39.744,-105.02,5.0,53.5,50.0,109.0,5.025,7.075000000000001,False,True,False,W,1.09
2018_04_MIA_NE,2018,4,REG,NE,MIA,2018-09-30T17:00:00+00:00,42.091,-71.264,6.0,50.5,45.0,-105.0,6.425000000000001,13.65,False,True,False,W,0.952381
2018_04_MIN_LA,2018,4,REG,LA,MIN,2018-09-28T00:20:00+00:00,34.014,-118.288,3.0,48.5,69.0,-105.0,4.1000000000000005,7.1,False,True,False,L,-1.0
2018_04_NO_NYG,2018,4,REG,NYG,NO,2018-09-30T20:25:00+00:00,40.813,-74.075,7.0,51.5,51.0,-108.0,4.85,11.8,False,True,False,W,0.925926
2018_04_NYJ_JAX,2018,4,REG,JAX,NYJ,2018-09-30T17:00:00+00:00,30.324,-81.637,10.0,40.5,43.0,-107.0,10.575,15.375,True,True,True,L,-1.0
2018_04_PHI_TEN,2018,4,REG,TEN,PHI,2018-09-30T17:00:00+00:00,36.166,-86.771,4.0,41.5,49.0,-102.0,1.75,4.975,False,True,False,L,-1.0
2018_04_SF_LAC,2018,4,REG,LAC,SF,2018-09-30T20:25:00+00:00,33.864,-118.261,9.0,46.0,56.0,-112.0,6.750000000000001,9.9,False,True,False,L,-1.0
2018_04_TB_CHI,2018,4,REG,CHI,TB,2018-09-30T17:00:00+00:00,41.862,-87.617,5.0,46.0,58.0,-101.0,5.0,7.375,False,True,False,L,-1.0
2018_05_ARI_SF,2018,5,REG,SF,ARI,2018-10-07T20:25:00+00:00,37.403,-121.97,15.0,40.5,46.0,106.0,13.25,16.924999999999997,True,True,True,L,-1.0
2018_05_ATL_PIT,2018,5,REG,PIT,ATL,2018-10-07T17:00:00+00:00,40.447,-80.016,5.0,57.0,58.0,-110.0,3.75,9.725,False,True,False,L,-1.0
2018_05_BAL_CLE,2018,5,REG,CLE,BAL,2018-10-07T17:00:00+00:00,41.506,-81.7,5.0,44.5,21.0,-103.0,8.325000000000001,10.55,False,True,False,W,0.970874
2018_05_DEN_NYJ,2018,5,REG,NYJ,DEN,2018-10-07T17:00:00+00:00,40.813,-74.075,7.0,42.0,50.0,-103.0,3.375,9.375,False,True,False,L,-1.0
2018_05_IND_NE,2018,5,REG,NE,IND,2018-10-05T00:20:00+00:00,42.091,-71.264,6.0,49.5,62.0,-109.0,4.65,16.099999999999998,False,True,False,L,-1.0
2018_05_JAX_KC,2018,5,REG,KC,JAX,2018-10-07T17:00:00+00:00,39.049,-94.484,5.0,48.0,44.0,-103.0,4.9,11.325,False,True,False,W,0.970874
2018_05_LA_SEA,2018,5,REG,SEA,LA,2018-10-07T20:25:00+00:00,47.595,-122.332,5.0,50.5,64.0,-102.0,3.5,6.324999999999999,False,True,False,L,-1.0
2018_05_MIA_CIN,2018,5,REG,CIN,MIA,2018-10-07T17:00:00+00:00,39.096,-84.516,4.0,47.5,44.0,-114.0,3.425,10.625,False,True,False,W,0.877193
2018_05_MIN_PHI,2018,5,REG,PHI,MIN,2018-10-07T20:25:00+00:00,39.901,-75.168,6.0,48.0,44.0,-114.0,3.175,5.125,False,True,False,W,0.877193
2018_05_NYG_CAR,2018,5,REG,CAR,NYG,2018-10-07T17:00:00+00:00,35.226,-80.853,3.0,43.5,64.0,-102.0,1.575,3.825,False,True,False,L,-1.0
2018_05_OAK_LAC,2018,5,REG,LAC,LV,2018-10-07T20:05:00+00:00,33.864,-118.261,10.0,52.0,36.0,102.0,6.675000000000001,8.375,False,True,True,W,1.02
2018_05_TEN_BUF,2018,5,REG,BUF,TEN,2018-10-07T17:00:00+00:00,42.774,-78.787,8.0,38.0,25.0,106.0,6.925000000000001,10.0,False,True,False,W,1.06
2018_06_BAL_TEN,2018,6,REG,TEN,BAL,2018-10-14T20:25:00+00:00,36.166,-86.771,4.0,43.5,21.0,-103.0,3.825,11.425,False,True,False,W,0.970874
2018_06_CAR_WAS,2018,6,REG,WAS,CAR,2018-10-14T17:00:00+00:00,38.908,-76.865,0.0,44.5,40.0,-103.0,2.05,10.35,False,True,False,W,0.970874
2018_06_CHI_MIA,2018,6,REG,MIA,CHI,2018-10-14T17:00:00+00:00,25.958,-80.239,8.0,40.5,59.0,-109.0,6.375,7.324999999999999,False,True,False,L,-1.0
2018_06_IND_NYJ,2018,6,REG,NYJ,IND,2018-10-14T17:00:00+00:00,40.813,-74.075,7.0,47.5,76.0,-112.0,6.125000000000001,11.0,False,True,False,L,-1.0
2018_06_KC_NE,2018,6,REG,NE,KC,2018-10-15T00:20:00+00:00,42.091,-71.264,0.0,59.5,83.0,103.0,3.075,7.625,False,True,False,L,-1.0
2018_06_LAC_CLE,2018,6,REG,CLE,LAC,2018-10-14T17:00:00+00:00,41.506,-81.7,9.0,47.0,52.0,-106.0,3.95,7.55,False,True,False,L,-1.0
2018_06_LA_DEN,2018,6,REG,DEN,LA,2018-10-14T20:05:00+00:00,39.744,-105.02,6.0,50.0,43.0,-111.0,3.225,6.975,False,True,False,W,0.900901
2018_06_PHI_NYG,2018,6,REG,NYG,PHI,2018-10-12T00:20:00+00:00,40.813,-74.075,3.0,45.5,47.0,-102.0,1.375,5.425000000000001,False,True,False,L,-1.0
2018_06_PIT_CIN,2018,6,REG,CIN,PIT,2018-10-14T17:00:00+00:00,39.096,-84.516,6.0,49.5,49.0,-108.0,6.1,16.175,False,True,False,W,0.925926
2018_06_SEA_OAK,2018,6,REG,LV,SEA,2018-10-14T17:00:00+00:00,51.556,-0.28,10.0,47.5,30.0,100.0,13.5,26.225,True,True,True,W,1.0
2018_06_SF_GB,2018,6,REG,GB,SF,2018-10-16T00:15:00+00:00,44.501,-88.062,5.0,46.5,63.0,102.0,2.825,12.8,False,True,False,L,-1.0
2018_07_CAR_PHI,2018,7,REG,PHI,CAR,2018-10-21T17:00:00+00:00,39.901,-75.168,19.0,45.0,38.0,-105.0,13.55,26.425,True,True,True,W,0.952381
2018_07_CIN_KC,2018,7,REG,KC,CIN,2018-10-22T00:20:00+00:00,39.049,-94.484,10.0,56.0,55.0,-102.0,7.125,16.65,False,True,True,W,0.980392
2018_07_CLE_TB,2018,7,REG,TB,CLE,2018-10-21T17:00:00+00:00,27.976,-82.503,7.0,52.5,49.0,-101.0,5.825,7.45,False,True,False,W,0.990099
2018_07_DAL_WAS,2018,7,REG,WAS,DAL,2018-10-21T20:25:00+00:00,38.908,-76.865,12.0,40.5,37.0,-103.0,11.025,21.775,True,True,True,W,0.970874
2018_07_DET_MIA,2018,7,REG,MIA,DET,2018-10-21T17:00:00+00:00,25.958,-80.239,8.0,47.0,53.0,101.0,7.949999999999999,9.725,False,True,False,L,-1.0
2018_07_HOU_JAX,2018,7,REG,JAX,HOU,2018-10-21T17:00:00+00:00,30.324,-81.637,15.0,43.0,27.0,-105.0,13.975,17.375,True,True,True,W,0.952381
2018_07_LA_SF,2018,7,REG,SF,LA,2018-10-21T20:25:00+00:00,37.403,-121.97,5.0,52.0,49.0,-103.0,9.7,10.55,False,True,False,W,0.970874
2018_07_MIN_NYJ,2018,7,REG,NYJ,MIN,2018-10-21T17:00:00+00:00,40.813,-74.075,16.0,45.0,54.0,104.0,17.775,27.8,True,True,True,L,-1.0
2018_07_NE_CHI,2018,7,REG,CHI,NE,2018-10-21T17:00:00+00:00,41.862,-87.617,9.0,49.0,69.0,-111.0,9.45,14.599999999999998,False,True,False,L,-1.0
2018_07_NO_BAL,2018,7,REG,BAL,NO,2018-10-21T20:05:00+00:00,39.278,-76.623,15.0,49.0,47.0,-108.0,8.6,18.45,False,True,True,W,0.925926
2018_07_TEN_LAC,2018,7,REG,LAC,TEN,2018-10-22T01:30:00+00:00,51.556,-0.28,6.0,46.0,39.0,-109.0,11.0,21.975,True,True,False,W,0.917431
2018_08_BAL_CAR,2018,8,REG,CAR,BAL,2018-10-28T17:00:00+00:00,35.226,-80.853,10.0,44.0,57.0,-110.0,7.675,15.1,False,True,True,L,-1.0
2018_08_CLE_PIT,2018,8,REG,PIT,CLE,2018-10-28T17:00:00+00:00,40.447,-80.016,11.0,47.5,51.0,-103.0,7.1,15.325,False,True,True,L,-1.0
2018_08_DEN_KC,2018,8,REG,KC,DEN,2018-10-28T17:00:00+00:00,39.049,-94.484,12.0,53.0,53.0,-115.0,9.65,21.25,True,True,True,P,0.0
2018_08_GB_LA,2018,8,REG,LA,GB,2018-10-28T20:25:00+00:00,34.014,-118.288,1.0,57.0,56.0,-109.0,5.325,6.425,False,True,False,W,0.917431
2018_08_IND_OAK,2018,8,REG,LV,IND,2018-10-28T20:05:00+00:00,37.752,-122.201,8.0,51.0,70.0,-103.0,7.625,10.725,False,True,False,L,-1.0
2018_08_NE_BUF,2018,8,REG,BUF,NE,2018-10-30T00:15:00+00:00,42.774,-78.787,16.0,44.0,31.0,-103.0,8.825,24.25,True,True,True,W,0.970874
2018_08_NYJ_CHI,2018,8,REG,CHI,NYJ,2018-10-28T17:00:00+00:00,41.862,-87.617,18.0,42.5,34.0,103.0,12.725,27.575,True,True,True,W,1.03
2018_08_PHI_JAX,2018,8,REG,JAX,PHI,2018-10-29T01:30:00+00:00,51.556,-0.28,12.0,44.5,42.0,-109.0,9.5,17.45,False,True,True,W,0.917431
2018_08_TB_CIN,2018,8,REG,CIN,TB,2018-10-28T17:00:00+00:00,39.096,-84.516,7.0,55.0,71.0,-103.0,14.125000000000002,35.575,True,True,False,L,-1.0
2018_08_WAS_NYG,2018,8,REG,NYG,WAS,2018-10-28T17:00:00+00:00,40.813,-74.075,11.0,43.0,33.0,-109.0,8.2,14.625,False,True,True,W,0.917431
2018_09_ATL_WAS,2018,9,REG,WAS,ATL,2018-11-04T18:00:00+00:00,38.908,-76.865,5.0,46.5,52.0,-103.0,5.375,8.275,False,True,False,L,-1.0
2018_09_CHI_BUF,2018,9,REG,BUF,CHI,2018-11-04T18:00:00+00:00,42.774,-78.787,12.0,38.0,50.0,-106.0,9.825,15.05,False,True,True,L,-1.0
2018_09_GB_NE,2018,9,REG,NE,GB,2018-11-05T01:20:00+00:00,42.091,-71.264,2.0,56.0,48.0,-103.0,3.85,6.324999999999999,False,True,False,W,0.970874
2018_09_HOU_DEN,2018,9,REG,DEN,HOU,2018-11-04T21:05:00+00:00,39.744,-105.02,3.0,46.5,36.0,-106.0,4.6,9.775,False,True,False,W,0.943396
2018_09_KC_CLE,2018,9,REG,CLE,KC,2018-11-04T18:00:00+00:00,41.506,-81.7,16.0,51.0,58.0,-103.0,11.35,20.375,True,True,True,L,-1.0
2018_09_LAC_SEA,2018,9,REG,SEA,LAC,2018-11-04T21:05:00+00:00,47.595,-122.332,4.0,48.5,42.0,-113.0,3.25,6.375,False,True,False,W,0.884956
2018_09_NYJ_MIA,2018,9,REG,MIA,NYJ,2018-11-04T18:00:00+00:00,25.958,-80.239,16.0,43.5,19.0,100.0,9.925,13.125,False,True,True,W,1.0
2018_09_OAK_SF,2018,9,REG,SF,LV,2018-11-02T00:20:00+00:00,37.403,-121.97,8.0,44.0,37.0,100.0,7.375,9.65,False,True,False,W,1.0
2018_09_PIT_BAL,2018,9,REG,BAL,PIT,2018-11-04T18:00:00+00:00,39.278,-76.623,6.0,47.0,39.0,-101.0,4.925000000000001,7.9,False,True,False,W,0.990099
2018_09_TB_CAR,2018,9,REG,CAR,TB,2018-11-04T18:00:00+00:00,35.226,-80.853,8.0,55.5,70.0,102.0,5.125,12.45,False,True,False,L,-1.0
2018_10_ARI_KC,2018,10,REG,KC,ARI,2018-11-11T18:00:00+00:00,39.049,-94.484,5.0,49.5,40.0,-101.0,6.15,7.65,False,True,False,W,0.990099
2018_10_ATL_CLE,2018,10,REG,CLE,ATL,2018-11-11T18:00:00+00:00,41.506,-81.7,9.0,49.5,44.0,100.0,7.5,13.025,False,True,False,W,1.0
2018_10_BUF_NYJ,2018,10,REG,NYJ,BUF,2018-11-11T18:00:00+00:00,40.813,-74.075,10.0,38.0,51.0,102.0,7.449999999999999,14.825,False,True,True,L,-1.0
2018_10_CAR_PIT,2018,10,REG,PIT,CAR,2018-11-09T01:20:00+00:00,40.447,-80.016,4.0,51.0,73.0,101.0,3.075,8.1,False,True,False,L,-1.0
2018_10_DAL_PHI,2018,10,REG,PHI,DAL,2018-11-12T01:20:00+00:00,39.901,-75.168,5.0,45.5,47.0,102.0,1.575,2.8000000000000003,False,True,False,L,-1.0
2018_10_DET_CHI,2018,10,REG,CHI,DET,2018-11-11T18:00:00+00:00,41.862,-87.617,12.0,44.5,56.0,-107.0,8.799999999999999,15.65,False,True,True,L,-1.0
2018_10_LAC_OAK,2018,10,REG,LV,LAC,2018-11-11T21:05:00+00:00,37.752,-122.201,16.0,50.0,26.0,-116.0,8.35,15.699999999999998,False,True,True,W,0.862069
2018_10_MIA_GB,2018,10,REG,GB,MIA,2018-11-11T21:25:00+00:00,44.501,-88.062,6.0,48.5,43.0,-108.0,2.725,15.2,False,True,False,W,0.925926
2018_10_NE_TEN,2018,10,REG,TEN,NE,2018-11-11T18:00:00+00:00,36.166,-86.771,4.0,47.0,44.0,-103.0,2.0,8.35,False,True,False,W,0.970874
2018_10_NO_CIN,2018,10,REG,CIN,NO,2018-11-11T18:00:00+00:00,39.096,-84.516,6.0,53.0,65.0,-103.0,3.875,6.275,False,True,False,L,-1.0
2018_10_NYG_SF,2018,10,REG,SF,NYG,2018-11-13T01:15:00+00:00,37.403,-121.97,0.0,45.0,50.0,-103.0,3.875,4.0,False,True,False,L,-1.0
2018_10_SEA_LA,2018,10,REG,LA,SEA,2018-11-11T21:25:00+00:00,34.014,-118.288,1.0,51.0,67.0,-103.0,3.95,6.375,False,True,False,L,-1.0
2018_10_WAS_TB,2018,10,REG,TB,WAS,2018-11-11T18:00:00+00:00,27.976,-82.503,3.0,51.0,19.0,-105.0,5.175000000000001,6.875,False,True,False,W,0.952381
2018_11_CIN_BAL,2018,11,REG,BAL,CIN,2018-11-18T18:00:00+00:00,39.278,-76.623,8.0,44.0,45.0,102.0,5.275,11.65,False,True,False,L,-1.0
2018_11_DEN_LAC,2018,11,REG,LAC,DEN,2018-11-18T21:05:00+00:00,33.864,-118.261,4.0,47.0,45.0,-108.0,4.425000000000001,5.125,False,True,False,W,0.925926
2018_11_GB_SEA,2018,11,REG,SEA,GB,2018-11-16T01:20:00+00:00,47.595,-122.332,6.0,49.0,51.0,-101.0,5.65,15.775,False,True,False,L,-1.0
2018_11_HOU_WAS,2018,11,REG,WAS,HOU,2018-11-18T18:00:00+00:00,38.908,-76.865,6.0,40.5,44.0,-101.0,4.375,12.65,False,True,False,L,-1.0
2018_11_KC_LA,2018,11,REG,LA,KC,2018-11-20T01:15:00+00:00,34.014,-118.288,0.0,63.5,105.0,-107.0,3.25,4.7,False,True,False,L,-1.0
2018_11_MIN_CHI,2018,11,REG,CHI,MIN,2018-11-19T01:20:00+00:00,41.862,-87.617,6.0,44.0,45.0,-103.0,4.05,9.725,False,True,False,L,-1.0
2018_11_PIT_JAX,2018,11,REG,JAX,PIT,2018-11-18T18:00:00+00:00,30.324,-81.637,8.0,47.0,36.0,-110.0,6.15,9.225,False,True,False,W,0.909091
2018_11_TB_NYG,2018,11,REG,NYG,TB,2018-11-18T18:00:00+00:00,40.813,-74.075,1.0,54.5,73.0,-110.0,2.325,8.65,False,True,False,L,-1.0
2018_12_ARI_LAC,2018,12,REG,LAC,ARI,2018-11-25T21:05:00+00:00,33.864,-118.261,3.0,43.5,55.0,-110.0,4.05,6.1,False,True,False,L,-1.0
2018_12_CLE_CIN,2018,12,REG,CIN,CLE,2018-11-25T18:00:00+00:00,39.096,-84.516,4.0,46.5,55.0,-110.0,5.975,16.375,False,True,False,L,-1.0
2018_12_JAX_BUF,2018,12,REG,BUF,JAX,2018-11-25T18:00:00+00:00,42.774,-78.787,12.0,36.5,45.0,-107.0,10.625,17.900000000000002,True,True,True,L,-1.0
2018_12_NE_NYJ,2018,12,REG,NYJ,NE,2018-11-25T18:00:00+00:00,40.813,-74.075,8.0,46.5,40.0,-110.0,8.049999999999999,15.1,False,True,False,W,0.909091
2018_12_NYG_PHI,2018,12,REG,PHI,NYG,2018-11-25T18:00:00+00:00,39.901,-75.168,10.0,49.0,47.0,-114.0,6.9,15.45,False,True,True,W,0.877193
2018_12_OAK_BAL,2018,12,REG,BAL,LV,2018-11-25T18:00:00+00:00,39.278,-76.623,7.0,42.0,51.0,101.0,6.625000000000001,15.875,False,True,False,L,-1.0
2018_12_PIT_DEN,2018,12,REG,DEN,PIT,2018-11-25T21:25:00+00:00,39.744,-105.02,7.0,47.5,41.0,-110.0,2.85,9.75,False,True,False,W,0.909091
2018_12_SEA_CAR,2018,12,REG,CAR,SEA,2018-11-25T18:00:00+00:00,35.226,-80.853,1.0,46.5,57.0,-105.0,3.175,7.725,False,True,False,L,-1.0
2018_12_SF_TB,2018,12,REG,TB,SF,2018-11-25T18:00:00+00:00,27.976,-82.503,7.0,54.5,36.0,107.0,7.0,12.925,False,True,False,W,1.07
2018_13_ARI_GB,2018,13,REG,GB,ARI,2018-12-02T18:00:00+00:00,44.501,-88.062,20.0,41.0,37.0,-103.0,12.85,32.075,True,True,True,W,0.970874
2018_13_BUF_MIA,2018,13,REG,MIA,BUF,2018-12-02T18:00:00+00:00,25.958,-80.239,15.0,40.0,38.0,-103.0,9.725,16.125,False,True,True,W,0.970874
2018_13_CAR_TB,2018,13,REG,TB,CAR,2018-12-02T18:00:00+00:00,27.976,-82.503,15.0,52.0,41.0,-104.0,14.475,28.25,True,True,True,W,0.961538
2018_13_CHI_NYG,2018,13,REG,NYG,CHI,2018-12-02T18:00:00+00:00,40.813,-74.075,3.0,44.0,57.0,-101.0,1.95,4.75,False,True,False,L,-1.0
2018_13_DEN_CIN,2018,13,REG,CIN,DEN,2018-12-02T18:00:00+00:00,39.096,-84.516,12.0,45.0,34.0,-103.0,16.05,33.725,True,True,True,W,0.970874
2018_13_IND_JAX,2018,13,REG,JAX,IND,2018-12-02T18:00:00+00:00,30.324,-81.637,13.0,45.5,6.0,-102.0,10.275,27.9,True,True,True,W,0.980392
2018_13_KC_OAK,2018,13,REG,LV,KC,2018-12-02T21:05:00+00:00,37.752,-122.201,6.0,53.5,73.0,-106.0,1.875,4.699999999999999,False,True,False,L,-1.0
2018_13_LAC_PIT,2018,13,REG,PIT,LAC,2018-12-03T01:20:00+00:00,40.447,-80.016,8.0,53.5,63.0,-110.0,10.075,19.35,True,True,False,L,-1.0
2018_13_MIN_NE,2018,13,REG,NE,MIN,2018-12-02T21:25:00+00:00,42.091,-71.264,6.0,50.0,34.0,-108.0,3.675,6.7,False,True,False,W,0.925926
2018_13_NYJ_TEN,2018,13,REG,TEN,NYJ,2018-12-02T21:05:00+00:00,36.166,-86.771,13.0,40.5,48.0,-104.0,8.0,17.950000000000003,False,True,True,L,-1.0
2018_13_SF_SEA,2018,13,REG,SEA,SF,2018-12-02T21:25:00+00:00,47.595,-122.332,2.0,45.5,59.0,-103.0,1.725,2.975,False,True,False,L,-1.0
2018_13_WAS_PHI,2018,13,REG,PHI,WAS,2018-12-04T01:15:00+00:00,39.901,-75.168,15.0,45.0,41.0,-111.0,4.325,9.175,False,True,True,W,0.900901
2018_14_ATL_GB,2018,14,REG,GB,ATL,2018-12-09T18:00:00+00:00,44.501,-88.062,10.0,51.0,54.0,-101.0,8.25,15.15,False,True,True,L,-1.0
2018_14_BAL_KC,2018,14,REG,KC,BAL,2018-12-09T18:00:00+00:00,39.049,-94.484,0.0,49.0,51.0,-108.0,1.35,3.675,False,True,False,L,-1.0
2018_14_CAR_CLE,2018,14,REG,CLE,CAR,2018-12-09T18:00:00+00:00,41.506,-81.7,4.0,48.0,46.0,-103.0,2.575,3.1,False,True,False,W,0.970874
2018_14_CIN_LAC,2018,14,REG,LAC,CIN,2018-12-09T21:05:00+00:00,33.864,-118.261,,48.5,47.0,-108.0,3.775,5.875,False,True,False,W,0.925926
2018_14_DEN_SF,2018,14,REG,SF,DEN,2018-12-09T21:05:00+00:00,37.403,-121.97,3.0,45.5,34.0,-101.0,5.4750000000000005,6.45,False,True,False,W,0.990099
2018_14_JAX_TEN,2018,14,REG,TEN,JAX,2018-12-07T01:20:00+00:00,36.166,-86.771,5.0,36.5,39.0,-107.0,2.825,8.85,False,True,False,L,-1.0
2018_14_LA_CHI,2018,14,REG,CHI,LA,2018-12-10T01:20:00+00:00,41.862,-87.617,4.0,50.5,21.0,-101.0,3.95,9.725,False,True,False,W,0.990099
2018_14_MIN_SEA,2018,14,REG,SEA,MIN,2018-12-11T01:15:00+00:00,47.595,-122.332,9.0,45.5,28.0,-103.0,3.7,15.05,False,True,False,W,0.970874
2018_14_NE_MIA,2018,14,REG,MIA,NE,2018-12-09T18:00:00+00:00,25.958,-80.239,13.0,49.5,67.0,-112.0,10.55,20.7,True,True,True,L,-1.0
2018_14_NO_TB,2018,14,REG,TB,NO,2018-12-09T18:00:00+00:00,27.976,-82.503,7.0,55.0,42.0,-110.0,7.775,18.25,False,True,False,W,0.909091
2018_14_NYG_WAS,2018,14,REG,WAS,NYG,2018-12-09T18:00:00+00:00,38.908,-76.865,6.0,40.5,56.0,100.0,5.1,9.225,False,True,False,L,-1.0
2018_14_NYJ_BUF,2018,14,REG,BUF,NYJ,2018-12-09T18:00:00+00:00,42.774,-78.787,12.0,37.0,50.0,-105.0,9.95,16.6,False,True,True,L,-1.0
2018_14_PIT_OAK,2018,14,REG,LV,PIT,2018-12-09T21:25:00+00:00,37.752,-122.201,8.0,51.0,45.0,-108.0,1.875,4.7,False,True,False,W,0.925926
2018_15_CLE_DEN,2018,15,REG,DEN,CLE,2018-12-16T01:20:00+00:00,39.744,-105.02,0.0,47.0,33.0,-106.0,6.75,8.5,False,True,False,W,0.943396
2018_15_DET_BUF,2018,15,REG,BUF,DET,2018-12-16T18:00:00+00:00,42.774,-78.787,7.0,40.0,27.0,100.0,6.625,9.25,False,True,False,W,1.0
2018_15_GB_CHI,2018,15,REG,CHI,GB,2018-12-16T18:00:00+00:00,41.862,-87.617,10.0,46.5,41.0,-103.0,6.050000000000001,14.5,False,True,True,W,0.970874
2018_15_HOU_NYJ,2018,15,REG,NYJ,HOU,2018-12-15T21:30:00+00:00,40.813,-74.075,8.0,44.0,51.0,-105.0,5.7,14.975,False,True,False,L,-1.0
2018_15_LAC_KC,2018,15,REG,KC,LAC,2018-12-14T01:20:00+00:00,39.049,-94.484,5.0,54.0,57.0,-106.0,9.2,24.675,True,True,False,L,-1.0
2018_15_NE_PIT,2018,15,REG,PIT,NE,2018-12-16T21:25:00+00:00,40.447,-80.016,5.0,55.0,27.0,107.0,3.125,9.975,False,True,False,W,1.07
2018_15_NO_CAR,2018,15,REG,CAR,NO,2018-12-18T01:15:00+00:00,35.226,-80.853,3.0,50.5,21.0,102.0,3.425,11.025,False,True,False,W,1.02
2018_15_OAK_CIN,2018,15,REG,CIN,LV,2018-12-16T18:00:00+00:00,39.096,-84.516,2.0,46.0,46.0,100.0,4.2,8.049999999999999,False,True,False,P,0.0
2018_15_PHI_LA,2018,15,REG,LA,PHI,2018-12-17T01:20:00+00:00,34.014,-118.288,5.0,52.5,53.0,-115.0,2.475,6.1,False,True,False,L,-1.0
2018_15_SEA_SF,2018,15,REG,SF,SEA,2018-12-16T21:05:00+00:00,37.403,-121.97,11.0,44.0,49.0,103.0,10.125,16.825,True,True,True,L,-1.0
2018_15_TB_BAL,2018,15,REG,BAL,TB,2018-12-16T18:00:00+00:00,39.278,-76.623,10.0,44.5,32.0,-104.0,7.375,21.3,True,True,True,W,0.961538
2018_15_TEN_NYG,2018,15,REG,NYG,TEN,2018-12-16T18:00:00+00:00,40.813,-74.075,6.0,42.0,17.0,-111.0,11.125,23.725,True,True,False,W,0.900901
2018_15_WAS_JAX,2018,15,REG,JAX,WAS,2018-12-16T18:00:00+00:00,30.324,-81.637,12.0,36.0,29.0,-101.0,9.025,18.625,False,True,True,W,0.990099
2018_16_ATL_CAR,2018,16,REG,CAR,ATL,2018-12-23T18:00:00+00:00,35.226,-80.853,7.0,46.5,34.0,-107.0,5.35,14.775,False,True,False,W,0.934579
2018_16_BAL_LAC,2018,16,REG,LAC,BAL,2018-12-23T01:20:00+00:00,33.864,-118.261,5.0,42.5,32.0,-101.0,2.0,7.175000000000001,False,True,False,W,0.990099
2018_16_BUF_NE,2018,16,REG,NE,BUF,2018-12-23T18:00:00+00:00,42.091,-71.264,12.0,46.0,36.0,-102.0,8.175,13.575,False,True,True,W,0.980392
2018_16_CHI_SF,2018,16,REG,SF,CHI,2018-12-23T21:05:00+00:00,37.403,-121.97,5.0,44.0,23.0,108.0,6.425000000000001,8.674999999999999,False,True,False,W,1.08
2018_16_CIN_CLE,2018,16,REG,CLE,CIN,2018-12-23T18:00:00+00:00,41.506,-81.7,9.0,44.0,44.0,106.0,6.625,10.775,False,True,False,P,0.0
2018_16_DEN_OAK,2018,16,REG,LV,DEN,2018-12-25T01:15:00+00:00,37.752,-122.201,14.0,42.5,41.0,-106.0,7.375,19.3,False,True,True,W,0.943396
2018_16_GB_NYJ,2018,16,REG,NYJ,GB,2018-12-23T18:00:00+00:00,40.813,-74.075,8.0,47.5,82.0,102.0,5.025,10.8,False,True,False,L,-1.0
2018_16_HOU_PHI,2018,16,REG,PHI,HOU,2018-12-23T18:00:00+00:00,39.901,-75.168,5.0,47.0,62.0,-102.0,4.7,10.05,False,True,False,L,-1.0
2018_16_JAX_MIA,2018,16,REG,MIA,JAX,2018-12-23T18:00:00+00:00,25.958,-80.239,9.0,39.5,24.0,-114.0,5.0,6.3,False,True,False,W,0.877193
2018_16_KC_SEA,2018,16,REG,SEA,KC,2018-12-24T01:20:00+00:00,47.595,-122.332,8.0,54.0,69.0,-103.0,3.4750000000000005,13.05,False,True,False,L,-1.0
2018_16_WAS_TEN,2018,16,REG,TEN,WAS,2018-12-22T21:30:00+00:00,36.166,-86.771,9.0,38.0,41.0,-114.0,3.625,8.174999999999999,False,True,False,L,-1.0
2018_17_ARI_SEA,2018,17,REG,SEA,ARI,2018-12-30T21:25:00+00:00,47.595,-122.332,5.0,39.5,51.0,-114.0,1.8,6.825,False,True,False,L,-1.0
2018_17_ATL_TB,2018,17,REG,TB,ATL,2018-12-30T18:00:00+00:00,27.976,-82.503,5.0,52.0,66.0,-110.0,3.6,6.5,False,True,False,L,-1.0
2018_17_CIN_PIT,2018,17,REG,PIT,CIN,2018-12-30T21:25:00+00:00,40.447,-80.016,9.0,45.5,29.0,-114.0,3.225,8.6,False,True,False,W,0.877193
2018_17_CLE_BAL,2018,17,REG,BAL,CLE,2018-12-30T21:25:00+00:00,39.278,-76.623,2.0,41.0,50.0,-103.0,2.4000000000000004,5.775,False,True,False,L,-1.0
2018_17_DAL_NYG,2018,17,REG,NYG,DAL,2018-12-30T18:00:00+00:00,40.813,-74.075,2.0,38.5,71.0,-109.0,3.05,8.325,False,True,False,L,-1.0
2018_17_DET_GB,2018,17,REG,GB,DET,2018-12-30T18:00:00+00:00,44.501,-88.062,15.0,44.5,31.0,-114.0,6.275,22.925,True,True,True,W,0.877193
2018_17_IND_TEN,2018,17,REG,TEN,IND,2018-12-31T01:20:00+00:00,36.166,-86.771,4.0,42.5,50.0,-108.0,1.9250000000000005,4.375,False,True,False,L,-1.0
2018_17_LAC_DEN,2018,17,REG,DEN,LAC,2018-12-30T21:25:00+00:00,39.744,-105.02,6.0,43.5,32.0,-103.0,9.35,16.325,False,True,False,W,0.970874
2018_17_MIA_BUF,2018,17,REG,BUF,MIA,2018-12-30T18:00:00+00:00,42.774,-78.787,9.0,39.5,59.0,102.0,11.125,21.3,True,True,False,L,-1.0
2018_17_NYJ_NE,2018,17,REG,NE,NYJ,2018-12-30T18:00:00+00:00,42.091,-71.264,2.0,47.0,41.0,-114.0,0.95,11.6,False,True,False,W,0.877193
2018_17_OAK_KC,2018,17,REG,KC,LV,2018-12-30T21:25:00+00:00,39.049,-94.484,15.0,54.0,38.0,-110.0,8.175,15.775,False,True,True,W,0.909091
2018_17_PHI_WAS,2018,17,REG,WAS,PHI,2018-12-30T21:25:00+00:00,38.908,-76.865,3.0,43.0,24.0,105.0,2.625,4.6,False,True,False,W,1.05
2018_17_SF_LA,2018,17,REG,LA,SF,2018-12-30T21:25:00+00:00,34.014,-118.288,3.0,50.5,80.0,-110.0,3.5250000000000004,5.675,False,True,False,L,-1.0
2018_18_LAC_BAL,2018,18,WC,BAL,LAC,2019-01-06T18:05:00+00:00,39.278,-76.623,12.0,43.0,40.0,104.0,12.325,26.625,True,True,True,W,1.04
2018_18_PHI_CHI,2018,18,WC,CHI,PHI,2019-01-06T21:40:00+00:00,41.862,-87.617,12.0,42.5,31.0,-108.0,11.166666666666666,18.7,True,True,True,W,0.925926
2018_19_DAL_LA,2018,19,DIV,LA,DAL,2019-01-13T01:15:00+00:00,34.014,-118.288,1.0,48.0,52.0,102.0,2.675,5.4,False,True,False,L,-1.0
2018_19_IND_KC,2018,19,DIV,KC,IND,2019-01-12T21:35:00+00:00,39.049,-94.484,13.0,54.5,44.0,-109.0,9.8,21.766666666666666,True,True,True,W,0.917431
2018_19_LAC_NE,2018,19,DIV,NE,LAC,2019-01-13T18:05:00+00:00,42.091,-71.264,3.0,47.5,69.0,-113.0,4.5,6.9,False,True,False,L,-1.0
2018_20_NE_KC,2018,20,CON,KC,NE,2019-01-20T23:40:00+00:00,39.049,-94.484,14.0,56.5,68.0,-101.0,7.2,20.8,True,True,True,L,-1.0
2019_01_BAL_MIA,2019,1,REG,MIA,BAL,2019-09-08T17:00:00+00:00,25.958,-80.239,8.0,41.0,69.0,-105.0,5.275,7.625000000000001,False,True,False,L,-1.0
2019_01_BUF_NYJ,2019,1,REG,NYJ,BUF,2019-09-08T17:00:00+00:00,40.813,-74.075,6.0,41.0,33.0,-110.0,4.8,15.325,False,True,False,W,0.909091
2019_01_CIN_SEA,2019,1,REG,SEA,CIN,2019-09-08T20:05:00+00:00,47.595,-122.332,7.0,44.0,41.0,-104.0,2.1,9.275,False,True,False,W,0.961538
2019_01_DEN_OAK,2019,1,REG,LV,DEN,2019-09-10T02:20:00+00:00,37.752,-122.201,15.0,42.5,40.0,-110.0,6.725,13.875,False,True,True,W,0.909091
2019_01_GB_CHI,2019,1,REG,CHI,GB,2019-09-06T00:20:00+00:00,41.862,-87.617,10.0,47.0,13.0,102.0,5.824999999999999,11.975,False,True,True,W,1.02
2019_01_IND_LAC,2019,1,REG,LAC,IND,2019-09-08T20:05:00+00:00,33.864,-118.261,10.0,44.5,54.0,-112.0,4.225,6.7250000000000005,False,True,True,L,-1.0
2019_01_KC_JAX,2019,1,REG,JAX,KC,2019-09-08T17:00:00+00:00,30.324,-81.637,6.0,49.0,66.0,102.0,5.550000000000001,6.675,False,True,False,L,-1.0
2019_01_LA_CAR,2019,1,REG,CAR,LA,2019-09-08T17:00:00+00:00,35.226,-80.853,3.0,49.5,57.0,-101.0,1.6749999999999998,3.75,False,True,False,L,-1.0
2019_01_PIT_NE,2019,1,REG,NE,PIT,2019-09-09T00:20:00+00:00,42.091,-71.264,2.0,49.0,36.0,-103.0,2.95,6.7,False,True,False,W,0.970874
2019_01_SF_TB,2019,1,REG,TB,SF,2019-09-08T20:25:00+00:00,27.976,-82.503,9.0,51.0,48.0,-100.0,6.525,8.725,False,True,False,W,1.0
2019_01_TEN_CLE,2019,1,REG,CLE,TEN,2019-09-08T17:00:00+00:00,41.506,-81.7,10.0,44.0,56.0,-107.0,12.400000000000002,13.975,True,True,True,L,-1.0
2019_01_WAS_PHI,2019,1,REG,PHI,WAS,2019-09-08T17:00:00+00:00,39.901,-75.168,4.0,44.0,59.0,-103.0,5.075,9.875,False,True,False,L,-1.0
2019_02_ARI_BAL,2019,2,REG,BAL,ARI,2019-09-15T17:00:00+00:00,39.278,-76.623,8.0,46.0,40.0,100.0,2.4,6.475,False,True,False,W,1.0
2019_02_BUF_NYG,2019,2,REG,NYG,BUF,2019-09-15T17:00:00+00:00,40.813,-74.075,5.0,44.5,42.0,-103.0,4.475,11.25,False,True,False,W,0.970874
2019_02_CHI_DEN,2019,2,REG,DEN,CHI,2019-09-15T20:25:00+00:00,39.744,-105.02,3.0,41.0,30.0,111.0,7.025,12.975,False,True,False,W,1.11
2019_02_CLE_NYJ,2019,2,REG,NYJ,CLE,2019-09-17T00:15:00+00:00,40.813,-74.075,3.0,45.5,26.0,103.0,2.1500000000000004,3.25,False,True,False,W,1.03
2019_02_DAL_WAS,2019,2,REG,WAS,DAL,2019-09-15T17:00:00+00:00,38.908,-76.865,7.0,46.5,52.0,104.0,3.0,7.275,False,True,False,L,-1.0
2019_02_IND_TEN,2019,2,REG,TEN,IND,2019-09-15T17:00:00+00:00,36.166,-86.771,1.0,43.5,36.0,-111.0,1.75,5.25,False,True,False,W,0.900901
2019_02_KC_OAK,2019,2,REG,LV,KC,2019-09-15T20:05:00+00:00,37.752,-122.201,13.0,53.5,38.0,107.0,7.175,12.65,False,True,True,W,1.07
2019_02_MIN_GB,2019,2,REG,GB,MIN,2019-09-15T17:00:00+00:00,44.501,-88.062,5.0,43.0,37.0,-110.0,3.775,7.0,False,True,False,W,0.909091
2019_02_NE_MIA,2019,2,REG,MIA,NE,2019-09-15T17:00:00+00:00,25.958,-80.239,4.0,48.5,43.0,101.0,8.525,13.3,False,True,False,W,1.01
2019_02_NO_LA,2019,2,REG,LA,NO,2019-09-15T20:25:00+00:00,34.014,-118.288,4.0,52.5,36.0,-100.0,6.15,7.925000000000001,False,True,False,W,1.0
2019_02_SEA_PIT,2019,2,REG,PIT,SEA,2019-09-15T17:00:00+00:00,40.447,-80.016,3.0,47.0,54.0,-113.0,2.125,4.15,False,True,False,L,-1.0
2019_02_SF_CIN,2019,2,REG,CIN,SF,2019-09-15T17:00:00+00:00,39.096,-84.516,5.0,46.0,58.0,-113.0,2.9,8.475,False,True,False,L,-1.0
2019_02_TB_CAR,2019,2,REG,CAR,TB,2019-09-13T00:20:00+00:00,35.226,-80.853,3.0,48.0,34.0,-105.0,3.675,8.4,False,True,False,W,0.952381
2019_03_BAL_KC,2019,3,REG,KC,BAL,2019-09-22T17:00:00+00:00,39.049,-94.484,,52.0,61.0,-103.0,6.95,16.0,False,True,False,L,-1.0
2019_03_CHI_WAS,2019,3,REG,WAS,CHI,2019-09-24T00:15:00+00:00,38.908,-76.865,5.0,41.0,46.0,100.0,4.824999999999999,14.825,False,True,False,L,-1.0
2019_03_CIN_BUF,2019,3,REG,BUF,CIN,2019-09-22T17:00:00+00:00,42.774,-78.787,13.0,43.5,38.0,-107.0,12.85,24.5,True,True,True,W,0.934579
2019_03_DEN_GB,2019,3,REG,GB,DEN,2019-09-22T17:00:00+00:00,44.501,-88.062,7.0,42.0,43.0,104.0,6.15,20.65,True,True,False,L,-1.0
2019_03_DET_PHI,2019,3,REG,PHI,DET,2019-09-22T17:00:00+00:00,39.901,-75.168,7.0,45.0,51.0,103.0,5.2,8.025,False,True,False,L,-1.0
2019_03_HOU_LAC,2019,3,REG,LAC,HOU,2019-09-22T20:25:00+00:00,33.864,-118.261,4.0,49.0,47.0,101.0,4.15,6.425,False,True,False,W,1.01
2019_03_LA_CLE,2019,3,REG,CLE,LA,2019-09-23T00:20:00+00:00,41.506,-81.7,12.0,48.0,33.0,-112.0,8.675,14.375,False,True,True,W,0.892857
2019_03_NO_SEA,2019,3,REG,SEA,NO,2019-09-22T20:25:00+00:00,47.595,-122.332,8.0,44.0,60.0,-110.0,6.775,17.95,False,True,False,L,-1.0
2019_03_NYG_TB,2019,3,REG,TB,NYG,2019-09-22T20:05:00+00:00,27.976,-82.503,11.0,48.0,63.0,101.0,9.125,15.775,False,True,True,L,-1.0
2019_03_NYJ_NE,2019,3,REG,NE,NYJ,2019-09-22T17:00:00+00:00,42.091,-71.264,10.0,43.0,44.0,-104.0,8.525,13.925,False,True,True,L,-1.0
2019_03_PIT_SF,2019,3,REG,SF,PIT,2019-09-22T20:25:00+00:00,37.403,-121.97,3.0,44.5,44.0,-103.0,12.775,16.975,True,True,False,W,0.970874
2019_03_TEN_JAX,2019,3,REG,JAX,TEN,2019-09-20T00:20:00+00:00,30.324,-81.637,9.0,38.0,27.0,-100.0,8.4,21.700000000000003,True,True,False,W,1.0
2019_04_CIN_PIT,2019,4,REG,PIT,CIN,2019-10-01T00:15:00+00:00,40.447,-80.016,1.0,45.5,30.0,106.0,2.55,5.175000000000001,False,True,False,W,1.06
2019_04_CLE_BAL,2019,4,REG,BAL,CLE,2019-09-29T17:00:00+00:00,39.278,-76.623,8.0,47.0,65.0,-104.0,4.3,7.65,False,True,False,L,-1.0
2019_04_JAX_DEN,2019,4,REG,DEN,JAX,2019-09-29T20:25:00+00:00,39.744,-105.02,14.0,37.0,50.0,-109.0,15.7,34.5,True,True,True,L,-1.0
2019_04_LAC_MIA,2019,4,REG,MIA,LAC,2019-09-29T17:00:00+00:00,25.958,-80.239,15.0,43.5,40.0,-113.0,12.85,18.05,True,True,True,W,0.884956
2019_04_MIN_CHI,2019,4,REG,CHI,MIN,2019-09-29T20:25:00+00:00,41.862,-87.617,8.0,38.0,22.0,-105.0,4.5,7.9,False,True,False,W,0.952381
2019_04_NE_BUF,2019,4,REG,BUF,NE,2019-09-29T17:00:00+00:00,42.774,-78.787,10.0,41.5,26.0,-103.0,9.025,11.225,False,True,True,W,0.970874
2019_04_PHI_GB,2019,4,REG,GB,PHI,2019-09-27T00:20:00+00:00,44.501,-88.062,3.0,46.0,61.0,-112.0,1.55,4.25,False,True,False,L,-1.0
2019_04_TB_LA,2019,4,REG,LA,TB,2019-09-29T20:05:00+00:00,34.014,-118.288,2.0,48.5,95.0,-104.0,7.950000000000001,10.975,False,True,False,L,-1.0
2019_04_WAS_NYG,2019,4,REG,NYG,WAS,2019-09-29T17:00:00+00:00,40.813,-74.075,11.0,48.0,27.0,-105.0,9.45,11.975,False,True,True,W,0.952381
2019_05_ARI_CIN,2019,5,REG,CIN,ARI,2019-10-06T17:00:00+00:00,39.096,-84.516,6.0,45.0,49.0,-115.0,6.275,10.175,False,True,False,L,-1.0
2019_05_BAL_PIT,2019,5,REG,PIT,BAL,2019-10-06T17:00:00+00:00,40.447,-80.016,7.0,44.0,49.0,-108.0,6.074999999999999,16.125,False,True,False,L,-1.0
2019_05_BUF_TEN,2019,5,REG,TEN,BUF,2019-10-06T17:00:00+00:00,36.166,-86.771,13.0,39.5,21.0,-101.0,3.6,9.8,False,True,True,W,0.990099
2019_05_CHI_OAK,2019,5,REG,LV,CHI,2019-10-06T17:00:00+00:00,51.604,-0.066,15.0,39.5,45.0,-106.0,14.075,29.15,True,True,True,L,-1.0
2019_05_CLE_SF,2019,5,REG,SF,CLE,2019-10-08T00:15:00+00:00,37.403,-121.97,8.0,47.5,34.0,-111.0,9.1,14.425,False,True,False,W,0.900901
2019_05_DEN_LAC,2019,5,REG,LAC,DEN,2019-10-06T20:05:00+00:00,33.864,-118.261,12.0,46.0,33.0,101.0,6.074999999999999,7.875,False,True,True,W,1.01
2019_05_IND_KC,2019,5,REG,KC,IND,2019-10-07T00:20:00+00:00,39.049,-94.484,3.0,55.5,32.0,106.0,3.725,5.425000000000001,False,True,False,W,1.06
2019_05_JAX_CAR,2019,5,REG,CAR,JAX,2019-10-06T17:00:00+00:00,35.226,-80.853,4.0,41.0,61.0,-110.0,1.975,8.125,False,True,False,L,-1.0
2019_05_LA_SEA,2019,5,REG,SEA,LA,2019-10-04T00:20:00+00:00,47.595,-122.332,7.0,49.0,59.0,102.0,4.125,11.025,False,True,False,L,-1.0
2019_05_MIN_NYG,2019,5,REG,NYG,MIN,2019-10-06T17:00:00+00:00,40.813,-74.075,10.0,44.0,38.0,-105.0,10.05,23.95,True,True,True,W,0.952381
2019_05_NE_WAS,2019,5,REG,WAS,NE,2019-10-06T17:00:00+00:00,38.908,-76.865,8.0,42.0,40.0,-109.0,7.050000000000001,22.55,True,True,False,W,0.917431
2019_05_NYJ_PHI,2019,5,REG,PHI,NYJ,2019-10-06T17:00:00+00:00,39.901,-75.168,10.0,43.0,37.0,-105.0,8.8,23.0,True,True,True,W,0.952381
2019_06_CAR_TB,2019,6,REG,TB,CAR,2019-10-13T13:30:00+00:00,51.604,-0.066,14.0,48.5,63.0,-104.0,15.8,31.575,True,True,True,L,-1.0
2019_06_CIN_BAL,2019,6,REG,BAL,CIN,2019-10-13T17:00:00+00:00,39.278,-76.623,7.0,47.0,40.0,-108.0,3.675,6.299999999999999,False,True,False,W,0.925926
2019_06_DAL_NYJ,2019,6,REG,NYJ,DAL,2019-10-13T20:25:00+00:00,40.813,-74.075,7.0,43.5,46.0,102.0,2.5250000000000004,5.9,False,True,False,L,-1.0
2019_06_DET_GB,2019,6,REG,GB,DET,2019-10-15T00:15:00+00:00,44.501,-88.062,5.0,47.0,45.0,100.0,1.625,4.975,False,True,False,W,1.0
2019_06_HOU_KC,2019,6,REG,KC,HOU,2019-10-13T17:00:00+00:00,39.049,-94.484,2.0,54.5,55.0,-108.0,4.25,10.25,False,True,False,L,-1.0
2019_06_NO_JAX,2019,6,REG,JAX,NO,2019-10-13T17:00:00+00:00,30.324,-81.637,3.0,42.5,19.0,-108.0,4.2,5.975,False,True,False,W,0.925926
2019_06_NYG_NE,2019,6,REG,NE,NYG,2019-10-11T00:20:00+00:00,42.091,-71.264,13.0,43.0,49.0,-113.0,10.85,29.2,True,True,True,L,-1.0
2019_06_PIT_LAC,2019,6,REG,LAC,PIT,2019-10-14T00:20:00+00:00,33.864,-118.261,9.0,42.5,41.0,-105.0,3.9,7.825,False,True,False,W,0.952381
2019_06_SEA_CLE,2019,6,REG,CLE,SEA,2019-10-13T17:00:00+00:00,41.506,-81.7,20.0,45.5,60.0,-107.0,14.099999999999998,29.975,True,True,True,L,-1.0
2019_06_SF_LA,2019,6,REG,LA,SF,2019-10-13T20:05:00+00:00,34.014,-118.288,2.0,49.5,27.0,-111.0,6.800000000000001,9.5,False,True,False,W,0.900901
2019_06_TEN_DEN,2019,6,REG,DEN,TEN,2019-10-13T20:25:00+00:00,39.744,-105.02,7.0,41.0,16.0,-102.0,5.6000000000000005,18.575000000000003,False,True,False,W,0.980392
2019_06_WAS_MIA,2019,6,REG,MIA,WAS,2019-10-13T17:00:00+00:00,25.958,-80.239,13.0,42.0,33.0,-105.0,8.325,10.05,False,True,True,W,0.952381
2019_07_ARI_NYG,2019,7,REG,NYG,ARI,2019-10-20T17:00:00+00:00,40.813,-74.075,3.0,49.5,48.0,-101.0,4.3,7.6,False,True,False,W,0.990099
2019_07_BAL_SEA,2019,7,REG,SEA,BAL,2019-10-20T20:25:00+00:00,47.595,-122.332,8.0,49.0,46.0,105.0,6.35,16.150000000000002,False,True,False,W,1.05
2019_07_JAX_CIN,2019,7,REG,CIN,JAX,2019-10-20T17:00:00+00:00,39.096,-84.516,2.0,44.5,44.0,100.0,2.125,4.625,False,True,False,W,1.0
2019_07_KC_DEN,2019,7,REG,DEN,KC,2019-10-18T00:20:00+00:00,39.744,-105.02,6.0,49.5,36.0,-111.0,4.7,8.274999999999999,False,True,False,W,0.900901
2019_07_LAC_TEN,2019,7,REG,TEN,LAC,2019-10-20T20:05:00+00:00,36.166,-86.771,2.0,42.5,43.0,-105.0,2.2750000000000004,5.025,False,True,False,L,-1.0
2019_07_MIA_BUF,2019,7,REG,BUF,MIA,2019-10-20T17:00:00+00:00,42.774,-78.787,7.0,42.5,52.0,-100.0,4.3,8.0,False,True,False,L,-1.0
2019_07_NE_NYJ,2019,7,REG,NYJ,NE,2019-10-22T00:15:00+00:00,40.813,-74.075,0.0,43.0,33.0,100.0,2.475,2.95,False,True,False,W,1.0
2019_07_NO_CHI,2019,7,REG,CHI,NO,2019-10-20T20:25:00+00:00,41.862,-87.617,6.0,37.0,61.0,-101.0,4.9750000000000005,7.775,False,True,False,L,-1.0
2019_07_OAK_GB,2019,7,REG,GB,LV,2019-10-20T17:00:00+00:00,44.501,-88.062,6.0,48.0,66.0,101.0,2.375,6.325,False,True,False,L,-1.0
2019_07_SF_WAS,2019,7,REG,WAS,SF,2019-10-20T17:00:00+00:00,38.908,-76.865,12.0,39.0,9.0,-100.0,11.175,31.550000000000004,True,True,True,W,1.0
2019_08_CAR_SF,2019,8,REG,SF,CAR,2019-10-27T20:05:00+00:00,37.403,-121.97,19.0,41.0,64.0,103.0,18.85,26.875,True,True,True,L,-1.0
2019_08_CIN_LA,2019,8,REG,LA,CIN,2019-10-27T17:00:00+00:00,51.556,-0.28,5.0,48.5,34.0,105.0,4.525,8.225,False,True,False,W,1.05
2019_08_CLE_NE,2019,8,REG,NE,CLE,2019-10-27T20:25:00+00:00,42.091,-71.264,11.0,43.0,40.0,102.0,10.15,29.149999999999995,True,True,True,W,1.02
2019_08_GB_KC,2019,8,REG,KC,GB,2019-10-28T00:20:00+00:00,39.049,-94.484,5.0,48.0,55.0,103.0,8.225,20.875,True,True,False,L,-1.0
2019_08_LAC_CHI,2019,8,REG,CHI,LAC,2019-10-27T17:00:00+00:00,41.862,-87.617,9.0,41.0,33.0,-104.0,5.675,11.05,False,True,False,W,0.961538
2019_08_MIA_PIT,2019,8,REG,PIT,MIA,2019-10-29T00:15:00+00:00,40.447,-80.016,2.0,44.0,41.0,-106.0,3.25,3.75,False,True,False,W,0.943396
2019_08_NYJ_JAX,2019,8,REG,JAX,NYJ,2019-10-27T17:00:00+00:00,30.324,-81.637,11.0,39.5,44.0,-102.0,8.125,19.125,False,True,True,L,-1.0
2019_08_PHI_BUF,2019,8,REG,BUF,PHI,2019-10-27T17:00:00+00:00,42.774,-78.787,23.0,39.5,44.0,105.0,20.85,44.0,True,True,True,L,-1.0
2019_08_TB_TEN,2019,8,REG,TEN,TB,2019-10-27T17:00:00+00:00,36.166,-86.771,3.0,45.5,50.0,102.0,1.475,2.55,False,True,False,L,-1.0
2019_09_CHI_PHI,2019,9,REG,PHI,CHI,2019-11-03T18:00:00+00:00,39.901,-75.168,13.0,41.0,36.0,-102.0,8.5,15.95,False,True,True,W,0.980392
2019_09_CLE_DEN,2019,9,REG,DEN,CLE,2019-11-03T21:25:00+00:00,39.744,-105.02,4.0,39.0,43.0,-104.0,6.325,9.025,False,True,False,L,-1.0
2019_09_DAL_NYG,2019,9,REG,NYG,DAL,2019-11-05T01:15:00+00:00,40.813,-74.075,10.0,48.5,55.0,102.0,3.35,14.125,False,True,True,L,-1.0
2019_09_DET_OAK,2019,9,REG,LV,DET,2019-11-03T21:05:00+00:00,37.752,-122.201,6.0,51.5,55.0,-106.0,4.05,5.050000000000001,False,True,False,L,-1.0
2019_09_GB_LAC,2019,9,REG,LAC,GB,2019-11-03T21:25:00+00:00,33.864,-118.261,2.0,50.0,37.0,-109.0,4.625,6.125,False,True,False,W,0.917431
2019_09_HOU_JAX,2019,9,REG,JAX,HOU,2019-11-03T14:30:00+00:00,51.556,-0.28,6.0,46.0,29.0,-106.0,4.575,10.3,False,True,False,W,0.943396
2019_09_IND_PIT,2019,9,REG,PIT,IND,2019-11-03T18:00:00+00:00,40.447,-80.016,12.0,39.5,50.0,-102.0,8.45,16.725,False,True,True,L,-1.0
2019_09_MIN_KC,2019,9,REG,KC,MIN,2019-11-03T18:00:00+00:00,39.049,-94.484,15.0,46.0,49.0,-100.0,12.075,21.725,True,True,True,L,-1.0
2019_09_NE_BAL,2019,9,REG,BAL,NE,2019-11-04T01:20:00+00:00,39.278,-76.623,1.0,44.5,57.0,-111.0,1.925,2.7,False,True,False,L,-1.0
2019_09_NYJ_MIA,2019,9,REG,MIA,NYJ,2019-11-03T18:00:00+00:00,25.958,-80.239,11.0,42.5,44.0,-108.0,9.05,15.725,False,True,True,L,-1.0
2019_09_TB_SEA,2019,9,REG,SEA,TB,2019-11-03T21:05:00+00:00,47.595,-122.332,6.0,51.0,74.0,107.0,2.3,3.75,False,True,False,L,-1.0
2019_09_TEN_CAR,2019,9,REG,CAR,TEN,2019-11-03T18:00:00+00:00,35.226,-80.853,5.0,43.0,50.0,-104.0,1.4249999999999998,5.875,False,True,False,L,-1.0
2019_09_WAS_BUF,2019,9,REG,BUF,WAS,2019-11-03T18:00:00+00:00,42.774,-78.787,18.0,37.0,33.0,-104.0,13.85,25.7,True,True,True,W,0.961538
2019_10_ARI_TB,2019,10,REG,TB,ARI,2019-11-10T18:00:00+00:00,27.976,-82.503,8.0,51.0,57.0,-113.0,5.824999999999999,8.5,False,True,False,L,-1.0
2019_10_BAL_CIN,2019,10,REG,CIN,BAL,2019-11-10T18:00:00+00:00,39.096,-84.516,9.0,44.0,62.0,-104.0,9.725,20.700000000000003,True,True,False,L,-1.0
2019_10_BUF_CLE,2019,10,REG,CLE,BUF,2019-11-10T18:00:00+00:00,41.506,-81.7,10.0,42.0,35.0,-113.0,8.675,12.2,False,True,True,W,0.884956
2019_10_CAR_GB,2019,10,REG,GB,CAR,2019-11-10T21:25:00+00:00,44.501,-88.062,6.0,49.0,40.0,-107.0,8.8,16.85,False,True,False,W,0.934579
2019_10_DET_CHI,2019,10,REG,CHI,DET,2019-11-10T18:00:00+00:00,41.862,-87.617,12.0,38.0,33.0,-114.0,7.950000000000001,11.975,False,True,True,W,0.877193
2019_10_KC_TEN,2019,10,REG,TEN,KC,2019-11-10T18:00:00+00:00,36.166,-86.771,9.0,49.0,67.0,-104.0,8.35,15.775,False,True,False,L,-1.0
2019_10_LAC_OAK,2019,10,REG,LV,LAC,2019-11-08T01:20:00+00:00,37.752,-122.201,9.0,49.0,50.0,-103.0,4.875,9.275,False,True,False,L,-1.0
2019_10_LA_PIT,2019,10,REG,PIT,LA,2019-11-10T21:25:00+00:00,40.447,-80.016,12.0,43.0,29.0,-114.0,3.5,8.625,False,True,True,W,0.877193
2019_10_NYG_NYJ,2019,10,REG,NYJ,NYG,2019-11-10T18:00:00+00:00,40.813,-74.075,8.0,43.0,61.0,-109.0,7.125,16.7,False,True,False,L,-1.0
2019_10_SEA_SF,2019,10,REG,SF,SEA,2019-11-12T01:15:00+00:00,37.403,-121.97,3.0,47.0,51.0,-104.0,3.6,4.15,False,True,False,L,-1.0
2019_11_ARI_SF,2019,11,REG,SF,ARI,2019-11-17T21:05:00+00:00,37.403,-121.97,0.0,44.0,62.0,-114.0,7.825,10.5,False,True,False,L,-1.0
2019_11_ATL_CAR,2019,11,REG,CAR,ATL,2019-11-17T18:00:00+00:00,35.226,-80.853,11.0,49.0,32.0,-108.0,6.75,13.6,False,True,True,W,0.925926
2019_11_BUF_MIA,2019,11,REG,MIA,BUF,2019-11-17T18:00:00+00:00,25.958,-80.239,13.0,41.5,57.0,-106.0,7.85,12.925,False,True,True,L,-1.0
2019_11_CHI_LA,2019,11,REG,LA,CHI,2019-11-18T01:20:00+00:00,34.014,-118.288,0.0,40.0,24.0,-109.0,4.45,8.425,False,True,False,W,0.917431
2019_11_CIN_OAK,2019,11,REG,LV,CIN,2019-11-17T21:25:00+00:00,37.752,-122.201,13.0,48.0,27.0,-106.0,3.775,8.85,False,True,True,W,0.943396
2019_11_HOU_BAL,2019,11,REG,BAL,HOU,2019-11-17T18:00:00+00:00,39.278,-76.623,10.0,51.0,48.0,-105.0,5.875,16.325,False,True,True,W,0.952381
2019_11_KC_LAC,2019,11,REG,LAC,KC,2019-11-19T01:15:00+00:00,19.303,-99.15,7.0,52.5,41.0,-106.0,3.725,9.55,False,True,False,W,0.943396
2019_11_NE_PHI,2019,11,REG,PHI,NE,2019-11-17T21:25:00+00:00,39.901,-75.168,13.0,45.0,27.0,-100.0,10.55,22.325,True,True,True,W,1.0
2019_11_NO_TB,2019,11,REG,TB,NO,2019-11-17T18:00:00+00:00,27.976,-82.503,4.0,50.5,51.0,-114.0,2.875,8.15,False,True,False,L,-1.0
2019_11_NYJ_WAS,2019,11,REG,WAS,NYJ,2019-11-17T18:00:00+00:00,38.908,-76.865,8.0,37.5,51.0,-103.0,6.3,15.95,False,True,False,L,-1.0
2019_11_PIT_CLE,2019,11,REG,CLE,PIT,2019-11-15T01:20:00+00:00,41.506,-81.7,10.0,41.5,28.0,-108.0,8.725,19.875,False,True,True,W,0.925926
2019_12_BAL_LA,2019,12,REG,LA,BAL,2019-11-26T01:15:00+00:00,34.014,-118.288,5.0,47.0,51.0,103.0,4.775,11.25,False,True,False,L,-1.0
2019_12_DAL_NE,2019,12,REG,NE,DAL,2019-11-24T21:25:00+00:00,42.091,-71.264,16.0,44.5,22.0,-101.0,14.925,40.45,True,True,True,W,0.990099
2019_12_DEN_BUF,2019,12,REG,BUF,DEN,2019-11-24T18:00:00+00:00,42.774,-78.787,17.0,37.0,23.0,-115.0,16.200000000000003,28.85,True,True,True,W,0.869565
2019_12_DET_WAS,2019,12,REG,WAS,DET,2019-11-24T18:00:00+00:00,38.908,-76.865,17.0,39.0,35.0,-110.0,13.825,29.8,True,True,True,W,0.909091
2019_12_GB_SF,2019,12,REG,SF,GB,2019-11-25T01:20:00+00:00,37.403,-121.97,7.0,48.0,45.0,-102.0,4.225,5.525,False,True,False,W,0.980392
2019_12_JAX_TEN,2019,12,REG,TEN,JAX,2019-11-24T21:05:00+00:00,36.166,-86.771,9.0,42.0,62.0,100.0,3.925,6.449999999999999,False,True,False,L,-1.0
2019_12_MIA_CLE,2019,12,REG,CLE,MIA,2019-11-24T18:00:00+00:00,41.506,-81.7,14.0,45.5,65.0,-106.0,11.325,20.925,True,True,True,L,-1.0
2019_12_NYG_CHI,2019,12,REG,CHI,NYG,2019-11-24T18:00:00+00:00,41.862,-87.617,12.0,41.0,33.0,103.0,8.425,19.0,False,True,True,W,1.03
2019_12_OAK_NYJ,2019,12,REG,NYJ,LV,2019-11-24T18:00:00+00:00,40.813,-74.075,12.0,45.0,37.0,103.0,12.15,30.25,True,True,True,W,1.03
2019_12_PIT_CIN,2019,12,REG,CIN,PIT,2019-11-24T18:00:00+00:00,39.096,-84.516,10.0,37.5,26.0,-102.0,9.2,17.075,False,True,True,W,0.980392
2019_12_SEA_PHI,2019,12,REG,PHI,SEA,2019-11-24T18:00:00+00:00,39.901,-75.168,17.0,45.5,26.0,-107.0,12.225,32.65,True,True,True,W,0.934579
2019_13_CLE_PIT,2019,13,REG,PIT,CLE,2019-12-01T18:00:00+00:00,40.447,-80.016,6.0,40.0,33.0,-109.0,7.475,12.475,False,True,False,W,0.917431
2019_13_GB_NYG,2019,13,REG,NYG,GB,2019-12-01T18:00:00+00:00,40.813,-74.075,10.0,43.5,44.0,-107.0,8.950000000000001,20.3,True,True,True,L,-1.0
2019_13_LAC_DEN,2019,13,REG,DEN,LAC,2019-12-01T21:25:00+00:00,39.744,-105.02,7.0,39.0,43.0,105.0,4.55,4.85,False,True,False,L,-1.0
2019_13_MIN_SEA,2019,13,REG,SEA,MIN,2019-12-03T01:15:00+00:00,47.595,-122.332,1.0,48.0,67.0,-102.0,2.725,3.4250000000000003,False,True,False,L,-1.0
2019_13_NYJ_CIN,2019,13,REG,CIN,NYJ,2019-12-01T18:00:00+00:00,39.096,-84.516,15.0,43.0,28.0,-104.0,10.825,22.950000000000003,True,True,True,W,0.961538
2019_13_OAK_KC,2019,13,REG,KC,LV,2019-12-01T21:25:00+00:00,39.049,-94.484,20.0,49.5,49.0,-103.0,15.625,28.5,True,True,True,W,0.970874
2019_13_PHI_MIA,2019,13,REG,MIA,PHI,2019-12-01T18:00:00+00:00,25.958,-80.239,15.0,45.0,68.0,-109.0,7.65,12.0,False,True,True,L,-1.0
2019_13_SF_BAL,2019,13,REG,BAL,SF,2019-12-01T18:00:00+00:00,39.278,-76.623,13.0,45.0,37.0,-103.0,5.075,20.125,True,True,True,W,0.970874
2019_13_TB_JAX,2019,13,REG,JAX,TB,2019-12-01T18:00:00+00:00,30.324,-81.637,15.0,46.5,39.0,-105.0,16.7,32.475,True,True,True,W,0.952381
2019_13_WAS_CAR,2019,13,REG,CAR,WAS,2019-12-01T18:00:00+00:00,35.226,-80.853,16.0,38.5,50.0,-113.0,11.375,25.875,True,True,True,L,-1.0
2019_14_BAL_BUF,2019,14,REG,BUF,BAL,2019-12-08T18:00:00+00:00,42.774,-78.787,18.0,44.0,41.0,-104.0,16.8,37.85,True,True,True,W,0.961538
2019_14_CIN_CLE,2019,14,REG,CLE,CIN,2019-12-08T18:00:00+00:00,41.506,-81.7,16.0,43.0,46.0,-118.0,12.65,27.75,True,True,True,L,-1.0
2019_14_DAL_CHI,2019,14,REG,CHI,DAL,2019-12-06T01:20:00+00:00,41.862,-87.617,9.0,43.0,55.0,-103.0,4.875,20.65,True,True,False,L,-1.0
2019_14_IND_TB,2019,14,REG,TB,IND,2019-12-08T18:00:00+00:00,27.976,-82.503,9.0,46.5,73.0,-105.0,6.425000000000001,9.175,False,True,False,L,-1.0
2019_14_KC_NE,2019,14,REG,NE,KC,2019-12-08T21:25:00+00:00,42.091,-71.264,8.0,49.5,39.0,103.0,5.35,15.05,False,True,False,W,1.03
2019_14_LAC_JAX,2019,14,REG,JAX,LAC,2019-12-08T21:05:00+00:00,30.324,-81.637,7.0,42.0,55.0,-105.0,8.625,18.425,False,True,False,L,-1.0
2019_14_MIA_NYJ,2019,14,REG,NYJ,MIA,2019-12-08T18:00:00+00:00,40.813,-74.075,9.0,47.0,43.0,-102.0,9.325,16.450000000000003,False,True,False,W,0.980392
2019_14_NYG_PHI,2019,14,REG,PHI,NYG,2019-12-10T01:15:00+00:00,39.901,-75.168,11.0,45.5,40.0,-101.0,9.625,27.7,True,True,True,W,0.990099
2019_14_SEA_LA,2019,14,REG,LA,SEA,2019-12-09T01:20:00+00:00,34.014,-118.288,4.0,47.5,40.0,-105.0,4.5,11.4,False,True,False,W,0.952381
2019_14_TEN_OAK,2019,14,REG,LV,TEN,2019-12-08T21:25:00+00:00,37.752,-122.201,5.0,47.0,63.0,-106.0,3.6,4.175000000000001,False,True,False,L,-1.0
2019_14_WAS_GB,2019,14,REG,GB,WAS,2019-12-08T18:00:00+00:00,44.501,-88.062,10.0,42.5,35.0,-102.0,5.549999999999999,17.325,False,True,True,W,0.980392
2019_15_ATL_SF,2019,15,REG,SF,ATL,2019-12-15T21:25:00+00:00,37.403,-121.97,6.0,50.0,51.0,-103.0,8.924999999999999,12.2,False,True,False,L,-1.0
2019_15_BUF_PIT,2019,15,REG,PIT,BUF,2019-12-16T01:20:00+00:00,40.447,-80.016,6.0,37.0,27.0,-105.0,1.15,8.875,False,True,False,W,0.952381
2019_15_CHI_GB,2019,15,REG,GB,CHI,2019-12-15T18:00:00+00:00,44.501,-88.062,7.0,40.0,34.0,-109.0,4.9,10.4,False,True,False,W,0.917431
2019_15_DEN_KC,2019,15,REG,KC,DEN,2019-12-15T18:00:00+00:00,39.049,-94.484,8.0,43.0,26.0,-107.0,7.324999999999999,19.45,False,True,False,W,0.934579
2019_15_HOU_TEN,2019,15,REG,TEN,HOU,2019-12-15T18:00:00+00:00,36.166,-86.771,4.0,50.0,45.0,-107.0,5.0,12.75,False,True,False,W,0.934579
2019_15_JAX_OAK,2019,15,REG,LV,JAX,2019-12-15T21:05:00+00:00,37.752,-122.201,7.0,47.0,36.0,-102.0,5.475,8.049999999999999,False,True,False,W,0.980392
2019_15_MIA_NYG,2019,15,REG,NYG,MIA,2019-12-15T18:00:00+00:00,40.813,-74.075,19.0,47.0,56.0,-102.0,15.724999999999998,29.975,True,True,True,L,-1.0
2019_15_MIN_LAC,2019,15,REG,LAC,MIN,2019-12-15T21:05:00+00:00,33.864,-118.261,14.0,45.0,49.0,-102.0,13.9,21.7,True,True,True,L,-1.0
2019_15_NE_CIN,2019,15,REG,CIN,NE,2019-12-15T18:00:00+00:00,39.096,-84.516,6.0,42.0,47.0,-112.0,1.175,3.075,False,True,False,L,-1.0
2019_15_NYJ_BAL,2019,15,REG,BAL,NYJ,2019-12-13T01:20:00+00:00,39.278,-76.623,3.0,44.0,63.0,-100.0,2.2,5.325,False,True,False,L,-1.0
2019_15_PHI_WAS,2019,15,REG,WAS,PHI,2019-12-15T18:00:00+00:00,38.908,-76.865,13.0,38.0,64.0,-111.0,10.825,23.325,True,True,True,L,-1.0
2019_15_SEA_CAR,2019,15,REG,CAR,SEA,2019-12-15T18:00:00+00:00,35.226,-80.853,5.0,48.5,54.0,-105.0,5.325,11.4,False,True,False,L,-1.0
2019_16_ARI_SEA,2019,16,REG,SEA,ARI,2019-12-22T21:25:00+00:00,47.595,-122.332,7.0,51.0,40.0,-106.0,6.325,17.799999999999997,False,True,False,W,0.943396
2019_16_BAL_CLE,2019,16,REG,CLE,BAL,2019-12-22T18:00:00+00:00,41.506,-81.7,10.0,48.5,46.0,-106.0,8.5,15.275,False,True,True,W,0.943396
2019_16_BUF_NE,2019,16,REG,NE,BUF,2019-12-21T21:30:00+00:00,42.091,-71.264,2.0,39.5,41.0,-101.0,2.225,8.55,False,True,False,L,-1.0
2019_16_CIN_MIA,2019,16,REG,MIA,CIN,2019-12-22T18:00:00+00:00,25.958,-80.239,15.0,46.0,73.0,-101.0,8.65,17.725,False,True,True,L,-1.0
2019_16_DAL_PHI,2019,16,REG,PHI,DAL,2019-12-22T21:25:00+00:00,39.901,-75.168,7.0,47.0,26.0,-104.0,3.75,9.075,False,True,False,W,0.961538
2019_16_DET_DEN,2019,16,REG,DEN,DET,2019-12-22T21:05:00+00:00,39.744,-105.02,3.0,40.0,44.0,-107.0,3.55,5.05,False,True,False,L,-1.0
2019_16_HOU_TB,2019,16,REG,TB,HOU,2019-12-21T18:00:00+00:00,27.976,-82.503,11.0,50.0,43.0,-108.0,9.025,18.700000000000003,False,True,True,W,0.925926
2019_16_KC_CHI,2019,16,REG,CHI,KC,2019-12-23T01:20:00+00:00,41.862,-87.617,10.0,45.5,29.0,-115.0,6.65,21.35,True,True,True,W,0.869565
2019_16_LA_SF,2019,16,REG,SF,LA,2019-12-22T01:15:00+00:00,37.403,-121.97,12.0,45.5,65.0,-110.0,6.275,11.025,False,True,True,L,-1.0
2019_16_NO_TEN,2019,16,REG,TEN,NO,2019-12-22T18:00:00+00:00,36.166,-86.771,4.0,49.0,66.0,-101.0,2.2,9.625,False,True,False,L,-1.0
2019_16_NYG_WAS,2019,16,REG,WAS,NYG,2019-12-22T18:00:00+00:00,38.908,-76.865,6.0,42.0,76.0,-113.0,3.1499999999999995,6.65,False,True,False,L,-1.0
2019_16_OAK_LAC,2019,16,REG,LAC,LV,2019-12-22T21:05:00+00:00,33.864,-118.261,10.0,45.0,41.0,-108.0,8.575,13.1,False,True,True,W,0.925926
2019_16_PIT_NYJ,2019,16,REG,NYJ,PIT,2019-12-22T18:00:00+00:00,40.813,-74.075,6.0,36.5,26.0,-111.0,6.275,15.825,False,True,False,W,0.900901
2019_17_ARI_LA,2019,17,REG,LA,ARI,2019-12-29T21:25:00+00:00,34.014,-118.288,0.0,46.0,55.0,-104.0,2.6,3.2,False,True,False,L,-1.0
2019_17_ATL_TB,2019,17,REG,TB,ATL,2019-12-29T18:00:00+00:00,27.976,-82.503,12.0,48.0,50.0,-107.0,7.95,14.925,False,True,True,L,-1.0
2019_17_CLE_CIN,2019,17,REG,CIN,CLE,2019-12-29T18:00:00+00:00,39.096,-84.516,7.0,44.0,56.0,-108.0,4.075,18.35,False,True,False,L,-1.0
2019_17_IND_JAX,2019,17,REG,JAX,IND,2019-12-29T21:25:00+00:00,30.324,-81.637,,41.5,58.0,-107.0,4.7,11.025000000000002,False,True,False,L,-1.0
2019_17_LAC_KC,2019,17,REG,KC,LAC,2019-12-29T18:00:00+00:00,39.049,-94.484,16.0,46.0,52.0,-103.0,12.25,21.75,True,True,True,L,-1.0
2019_17_MIA_NE,2019,17,REG,NE,MIA,2019-12-29T18:00:00+00:00,42.091,-71.264,2.0,46.0,51.0,-104.0,1.825,6.0,False,True,False,L,-1.0
2019_17_NO_CAR,2019,17,REG,CAR,NO,2019-12-29T18:00:00+00:00,35.226,-80.853,9.0,45.0,52.0,-108.0,6.824999999999999,20.2,True,True,False,L,-1.0
2019_17_NYJ_BUF,2019,17,REG,BUF,NYJ,2019-12-29T18:00:00+00:00,42.774,-78.787,7.0,37.0,19.0,-105.0,5.775,7.675,False,True,False,W,0.952381
2019_17_OAK_DEN,2019,17,REG,DEN,LV,2019-12-29T21:25:00+00:00,39.744,-105.02,6.0,41.5,31.0,-106.0,5.05,7.35,False,True,False,W,0.943396
2019_17_PHI_NYG,2019,17,REG,NYG,PHI,2019-12-29T21:25:00+00:00,40.813,-74.075,5.0,44.0,51.0,-110.0,4.1,12.2,False,True,False,L,-1.0
2019_17_PIT_BAL,2019,17,REG,BAL,PIT,2019-12-29T21:25:00+00:00,39.278,-76.623,7.0,35.0,38.0,-107.0,2.35,12.6,False,True,False,L,-1.0
2019_17_SF_SEA,2019,17,REG,SEA,SF,2019-12-30T01:20:00+00:00,47.595,-122.332,3.0,47.0,47.0,-102.0,2.35,3.9,False,True,False,P,0.0
2019_18_SEA_PHI,2019,18,WC,PHI,SEA,2020-01-05T21:40:00+00:00,39.901,-75.168,17.0,44.0,26.0,-106.0,6.3,15.2,False,True,True,W,0.943396
2019_18_TEN_NE,2019,18,WC,NE,TEN,2020-01-05T01:15:00+00:00,42.091,-71.264,4.0,45.0,33.0,-106.0,7.35,14.4,False,True,False,W,0.943396
2019_19_HOU_KC,2019,19,DIV,KC,HOU,2020-01-12T20:05:00+00:00,39.049,-94.484,,50.5,82.0,-104.0,6.025,18.625,False,True,False,L,-1.0
2019_19_MIN_SF,2019,19,DIV,SF,MIN,2020-01-11T21:35:00+00:00,37.403,-121.97,11.0,44.5,37.0,-105.0,12.566666666666668,17.333333333333332,True,True,True,W,0.952381
2019_19_SEA_GB,2019,19,DIV,GB,SEA,2020-01-12T23:40:00+00:00,44.501,-88.062,8.0,46.0,51.0,-114.0,4.566666666666666,10.366666666666667,False,True,False,L,-1.0
2019_19_TEN_BAL,2019,19,DIV,BAL,TEN,2020-01-12T01:15:00+00:00,39.278,-76.623,12.0,47.5,40.0,-101.0,3.65,20.700000000000003,True,True,True,W,0.990099
2019_20_GB_SF,2019,20,CON,SF,GB,2020-01-19T23:40:00+00:00,37.403,-121.97,5.0,46.5,57.0,-105.0,5.233333333333333,6.866666666666667,False,True,False,L,-1.0
2019_20_TEN_KC,2019,20,CON,KC,TEN,2020-01-19T20:05:00+00:00,39.049,-94.484,,51.0,59.0,-103.0,7.5,14.2,False,True,False,L,-1.0
2019_21_SF_KC,2019,21,SB,KC,SF,2020-02-02T23:30:00+00:00,25.958,-80.239,,52.5,51.0,-101.0,2.425,6.800000000000001,False,True,False,W,0.990099
2020_01_ARI_SF,2020,1,REG,SF,ARI,2020-09-13T20:25:00+00:00,37.403,-121.97,6.0,48.5,44.0,106.0,12.025,15.225,True,True,False,W,1.06
2020_01_CLE_BAL,2020,1,REG,BAL,CLE,2020-09-13T17:00:00+00:00,39.278,-76.623,5.0,47.0,44.0,100.0,5.449999999999999,11.575,False,True,False,W,1.0
2020_01_HOU_KC,2020,1,REG,KC,HOU,2020-09-11T00:20:00+00:00,39.049,-94.484,7.0,53.5,54.0,-109.0,6.4,11.475,False,True,False,L,-1.0
2020_01_IND_JAX,2020,1,REG,JAX,IND,2020-09-13T17:00:00+00:00,30.324,-81.637,3.0,44.0,47.0,-103.0,8.65,21.65,True,True,False,L,-1.0
2020_01_LAC_CIN,2020,1,REG,CIN,LAC,2020-09-13T20:05:00+00:00,39.096,-84.516,6.0,41.5,29.0,-114.0,2.65,6.875,False,True,False,W,0.877193
2020_01_LV_CAR,2020,1,REG,CAR,LV,2020-09-13T17:00:00+00:00,35.226,-80.853,5.0,48.0,64.0,-101.0,2.35,2.975,False,True,False,L,-1.0
2020_01_MIA_NE,2020,1,REG,NE,MIA,2020-09-13T17:00:00+00:00,42.091,-71.264,8.0,41.5,32.0,-110.0,9.55,15.3,False,True,False,W,0.909091
2020_01_NYJ_BUF,2020,1,REG,BUF,NYJ,2020-09-13T17:00:00+00:00,42.774,-78.787,15.0,39.5,44.0,-114.0,14.525,27.7,True,True,True,L,-1.0
2020_01_PHI_WAS,2020,1,REG,WAS,PHI,2020-09-13T17:00:00+00:00,38.908,-76.865,5.0,41.5,44.0,-111.0,4.8,9.425,False,True,False,L,-1.0
2020_01_PIT_NYG,2020,1,REG,NYG,PIT,2020-09-14T23:15:00+00:00,40.813,-74.075,5.0,44.0,42.0,-105.0,8.125,23.75,True,True,False,W,0.952381
2020_01_TEN_DEN,2020,1,REG,DEN,TEN,2020-09-15T02:10:00+00:00,39.744,-105.02,10.0,41.0,30.0,100.0,6.1,10.175,False,True,True,W,1.0
2020_02_BUF_MIA,2020,2,REG,MIA,BUF,2020-09-20T17:00:00+00:00,25.958,-80.239,5.0,42.5,59.0,-102.0,4.574999999999999,6.925,False,True,False,L,-1.0
2020_02_CAR_TB,2020,2,REG,TB,CAR,2020-09-20T17:00:00+00:00,27.976,-82.503,17.0,47.0,48.0,-108.0,13.525,26.0,True,True,True,L,-1.0
2020_02_CIN_CLE,2020,2,REG,CLE,CIN,2020-09-18T00:20:00+00:00,41.506,-81.7,8.0,44.5,65.0,101.0,10.4,14.6,True,True,False,L,-1.0
2020_02_DEN_PIT,2020,2,REG,PIT,DEN,2020-09-20T17:00:00+00:00,40.447,-80.016,5.0,41.0,47.0,-114.0,6.375,9.65,False,True,False,L,-1.0
2020_02_DET_GB,2020,2,REG,GB,DET,2020-09-20T17:00:00+00:00,44.501,-88.062,12.0,51.0,63.0,-101.0,10.55,16.5,True,True,True,L,-1.0
2020_02_JAX_TEN,2020,2,REG,TEN,JAX,2020-09-20T17:00:00+00:00,36.166,-86.771,5.0,44.5,63.0,-103.0,5.1,7.9,False,True,False,L,-1.0
2020_02_LA_PHI,2020,2,REG,PHI,LA,2020-09-20T17:00:00+00:00,39.901,-75.168,12.0,46.0,56.0,-105.0,9.45,12.925,False,True,True,L,-1.0
2020_02_NE_SEA,2020,2,REG,SEA,NE,2020-09-21T00:20:00+00:00,47.595,-122.332,5.0,45.0,65.0,-113.0,2.15,3.3000000000000003,False,True,False,L,-1.0
2020_02_NYG_CHI,2020,2,REG,CHI,NYG,2020-09-20T17:00:00+00:00,41.862,-87.617,12.0,42.5,30.0,-103.0,10.1,13.85,True,True,True,W,0.970874
2020_02_SF_NYJ,2020,2,REG,NYJ,SF,2020-09-20T17:00:00+00:00,40.813,-74.075,7.0,41.5,44.0,-108.0,9.6,14.175,False,True,False,L,-1.0
2020_03_CIN_PHI,2020,3,REG,PHI,CIN,2020-09-27T17:00:00+00:00,39.901,-75.168,5.0,46.5,46.0,100.0,2.375,5.074999999999999,False,True,False,W,1.0
2020_03_DAL_SEA,2020,3,REG,SEA,DAL,2020-09-27T20:25:00+00:00,47.595,-122.332,3.0,58.0,69.0,-116.0,3.275,5.074999999999999,False,True,False,L,-1.0
2020_03_HOU_PIT,2020,3,REG,PIT,HOU,2020-09-27T17:00:00+00:00,40.447,-80.016,6.0,46.5,49.0,-109.0,9.225,12.8,False,True,False,L,-1.0
2020_03_KC_BAL,2020,3,REG,BAL,KC,2020-09-29T00:15:00+00:00,39.278,-76.623,8.0,55.0,54.0,-115.0,3.1500000000000004,17.4,False,True,False,W,0.869565
2020_03_LA_BUF,2020,3,REG,BUF,LA,2020-09-27T17:00:00+00:00,42.774,-78.787,16.0,46.5,67.0,-112.0,10.575,20.5,True,True,True,L,-1.0
2020_03_LV_NE,2020,3,REG,NE,LV,2020-09-27T17:00:00+00:00,42.091,-71.264,8.0,47.0,56.0,-102.0,7.4,15.65,False,True,False,L,-1.0
2020_03_MIA_JAX,2020,3,REG,JAX,MIA,2020-09-25T00:20:00+00:00,30.324,-81.637,12.0,49.0,44.0,-105.0,6.775,16.875,False,True,True,W,0.952381
2020_03_SF_NYG,2020,3,REG,NYG,SF,2020-09-27T17:00:00+00:00,40.813,-74.075,2.0,44.0,45.0,-111.0,3.175,8.274999999999999,False,True,False,L,-1.0
2020_03_TB_DEN,2020,3,REG,DEN,TB,2020-09-27T20:25:00+00:00,39.744,-105.02,7.0,42.5,38.0,-103.0,8.925,15.025,False,True,False,W,0.970874
2020_03_WAS_CLE,2020,3,REG,CLE,WAS,2020-09-27T17:00:00+00:00,41.506,-81.7,18.0,45.0,54.0,-101.0,12.85,20.525,True,True,True,L,-1.0
2020_04_ARI_CAR,2020,4,REG,CAR,ARI,2020-10-04T17:00:00+00:00,35.226,-80.853,8.0,52.5,52.0,-116.0,4.125,6.825000000000001,False,True,False,W,0.862069
2020_04_ATL_GB,2020,4,REG,GB,ATL,2020-10-06T01:00:00+00:00,44.501,-88.062,9.0,56.5,46.0,-112.0,8.55,21.475,True,True,False,W,0.892857
2020_04_BAL_WAS,2020,4,REG,WAS,BAL,2020-10-04T17:00:00+00:00,38.908,-76.865,5.0,45.0,48.0,-113.0,4.025,5.875,False,True,False,L,-1.0
2020_04_DEN_NYJ,2020,4,REG,NYJ,DEN,2020-10-02T00:20:00+00:00,40.813,-74.075,6.0,41.0,65.0,-101.0,2.9,5.55,False,True,False,L,-1.0
2020_04_IND_CHI,2020,4,REG,CHI,IND,2020-10-04T20:25:00+00:00,41.862,-87.617,10.0,43.5,30.0,-110.0,8.525,12.7,False,True,True,W,0.909091
2020_04_JAX_CIN,2020,4,REG,CIN,JAX,2020-10-04T17:00:00+00:00,39.096,-84.516,6.0,50.0,58.0,-106.0,7.9,14.925,False,True,False,L,-1.0
2020_04_LAC_TB,2020,4,REG,TB,LAC,2020-10-04T17:00:00+00:00,27.976,-82.503,6.0,42.5,69.0,-111.0,6.825000000000001,10.725,False,True,False,L,-1.0
2020_04_NE_KC,2020,4,REG,KC,NE,2020-10-05T23:05:00+00:00,39.049,-94.484,14.0,52.5,36.0,-106.0,9.95,19.975,False,True,True,W,0.943396
2020_04_PHI_SF,2020,4,REG,SF,PHI,2020-10-05T00:20:00+00:00,37.403,-121.97,12.0,45.5,45.0,-108.0,10.150000000000002,14.2,True,True,True,W,0.925926
2020_04_SEA_MIA,2020,4,REG,MIA,SEA,2020-10-04T17:00:00+00:00,25.958,-80.239,13.0,55.0,54.0,-113.0,8.4,13.825,False,True,True,W,0.884956
2020_05_ARI_NYJ,2020,5,REG,NYJ,ARI,2020-10-11T17:00:00+00:00,40.813,-74.075,8.0,48.5,40.0,-112.0,6.875,8.6,False,True,False,W,0.892857
2020_05_BUF_TEN,2020,5,REG,TEN,BUF,2020-10-13T23:00:00+00:00,36.166,-86.771,3.0,52.0,58.0,-106.0,1.8,2.925,False,True,False,L,-1.0
2020_05_CIN_BAL,2020,5,REG,BAL,CIN,2020-10-11T17:00:00+00:00,39.278,-76.623,3.0,49.0,30.0,-103.0,5.050000000000001,11.125,False,True,False,W,0.970874
2020_05_IND_CLE,2020,5,REG,CLE,IND,2020-10-11T20:25:00+00:00,41.506,-81.7,16.0,48.5,55.0,-112.0,13.025,18.3,True,True,True,L,-1.0
2020_05_LA_WAS,2020,5,REG,WAS,LA,2020-10-11T17:00:00+00:00,38.908,-76.865,2.0,45.0,40.0,-108.0,3.85,7.574999999999999,False,True,False,W,0.925926
2020_05_LV_KC,2020,5,REG,KC,LV,2020-10-11T17:00:00+00:00,39.049,-94.484,16.0,54.5,72.0,-102.0,13.475,22.275,True,True,True,L,-1.0
2020_05_MIA_SF,2020,5,REG,SF,MIA,2020-10-11T20:05:00+00:00,37.403,-121.97,6.0,50.5,60.0,-110.0,12.675,17.175,True,True,False,L,-1.0
2020_05_MIN_SEA,2020,5,REG,SEA,MIN,2020-10-12T00:20:00+00:00,47.595,-122.332,10.0,54.0,53.0,-112.0,12.525,35.1,True,True,True,W,0.892857
2020_05_PHI_PIT,2020,5,REG,PIT,PHI,2020-10-11T17:00:00+00:00,40.447,-80.016,4.0,44.0,67.0,-107.0,4.45,11.425,False,True,False,L,-1.0
2020_05_TB_CHI,2020,5,REG,CHI,TB,2020-10-09T00:20:00+00:00,41.862,-87.617,7.0,44.0,39.0,-109.0,5.45,9.6,False,True,False,W,0.917431
2020_06_BAL_PHI,2020,6,REG,PHI,BAL,2020-10-18T17:00:00+00:00,39.901,-75.168,7.0,46.5,58.0,-104.0,7.0,12.825,False,True,False,L,-1.0
2020_06_CHI_CAR,2020,6,REG,CAR,CHI,2020-10-18T17:00:00+00:00,35.226,-80.853,6.0,45.0,39.0,-100.0,2.775,6.325,False,True,False,W,1.0
2020_06_CLE_PIT,2020,6,REG,PIT,CLE,2020-10-18T17:00:00+00:00,40.447,-80.016,9.0,50.0,45.0,-106.0,6.65,14.575,False,True,False,W,0.943396
2020_06_DEN_NE,2020,6,REG,NE,DEN,2020-10-18T17:00:00+00:00,42.091,-71.264,7.0,43.5,30.0,101.0,6.574999999999999,11.9,False,True,False,W,1.01
2020_06_DET_JAX,2020,6,REG,JAX,DET,2020-10-18T17:00:00+00:00,30.324,-81.637,10.0,52.5,50.0,100.0,13.9,21.075,True,True,True,W,1.0
2020_06_GB_TB,2020,6,REG,TB,GB,2020-10-18T20:25:00+00:00,27.976,-82.503,12.0,55.0,48.0,-114.0,13.725,26.450000000000003,True,True,True,W,0.877193
2020_06_HOU_TEN,2020,6,REG,TEN,HOU,2020-10-18T17:00:00+00:00,36.166,-86.771,10.0,52.0,78.0,-116.0,4.4,9.125,False,True,True,L,-1.0
2020_06_KC_BUF,2020,6,REG,BUF,KC,2020-10-19T21:00:00+00:00,42.774,-78.787,6.0,55.0,43.0,-109.0,4.9,8.325000000000001,False,True,False,W,0.917431
2020_06_LA_SF,2020,6,REG,SF,LA,2020-10-19T00:20:00+00:00,37.403,-121.97,10.0,51.0,40.0,-102.0,9.6,15.875,False,True,True,W,0.980392
2020_06_NYJ_MIA,2020,6,REG,MIA,NYJ,2020-10-18T20:05:00+00:00,25.958,-80.239,15.0,46.0,24.0,104.0,10.975,19.125,True,True,True,W,1.04
2020_06_WAS_NYG,2020,6,REG,NYG,WAS,2020-10-18T17:00:00+00:00,40.813,-74.075,0.0,42.5,39.0,-114.0,10.95,16.2,True,True,False,W,0.877193
2020_07_BUF_NYJ,2020,7,REG,NYJ,BUF,2020-10-25T17:00:00+00:00,40.813,-74.075,8.0,47.0,28.0,-115.0,5.425,6.875,False,True,False,W,0.869565
2020_07_CLE_CIN,2020,7,REG,CIN,CLE,2020-10-25T17:00:00+00:00,39.096,-84.516,8.0,50.0,71.0,-114.0,6.325,12.249999999999998,False,True,False,L,-1.0
2020_07_DAL_WAS,2020,7,REG,WAS,DAL,2020-10-25T17:00:00+00:00,38.908,-76.865,5.0,44.5,28.0,-104.0,5.1,12.474999999999998,False,True,False,W,0.961538
2020_07_KC_DEN,2020,7,REG,DEN,KC,2020-10-25T20:25:00+00:00,39.744,-105.02,11.0,46.0,59.0,-111.0,11.05,15.125,True,True,True,L,-1.0
2020_07_NYG_PHI,2020,7,REG,PHI,NYG,2020-10-23T00:20:00+00:00,39.901,-75.168,4.0,44.5,43.0,-107.0,0.925,2.975,False,True,False,W,0.934579
2020_07_PIT_TEN,2020,7,REG,TEN,PIT,2020-10-25T17:00:00+00:00,36.166,-86.771,3.0,51.0,51.0,-111.0,1.55,5.9,False,True,False,P,0.0
2020_07_SF_NE,2020,7,REG,NE,SF,2020-10-25T20:25:00+00:00,42.091,-71.264,7.0,44.0,39.0,-113.0,5.0,9.625,False,True,False,W,0.884956
2020_08_ATL_CAR,2020,8,REG,CAR,ATL,2020-10-30T00:20:00+00:00,35.226,-80.853,8.0,52.0,42.0,-110.0,6.35,15.55,False,True,False,W,0.909091
2020_08_DAL_PHI,2020,8,REG,PHI,DAL,2020-11-02T01:20:00+00:00,39.901,-75.168,17.0,43.0,32.0,-105.0,11.325,30.75,True,True,True,W,0.952381
2020_08_LAC_DEN,2020,8,REG,DEN,LAC,2020-11-01T21:05:00+00:00,39.744,-105.02,10.0,44.5,61.0,-106.0,7.525,11.45,False,True,True,L,-1.0
2020_08_LA_MIA,2020,8,REG,MIA,LA,2020-11-01T18:00:00+00:00,25.958,-80.239,10.0,46.5,45.0,-100.0,7.775,10.65,False,True,True,W,1.0
2020_08_LV_CLE,2020,8,REG,CLE,LV,2020-11-01T18:00:00+00:00,41.506,-81.7,35.0,48.0,22.0,-117.0,29.825000000000003,40.75,True,True,True,W,0.854701
2020_08_MIN_GB,2020,8,REG,GB,MIN,2020-11-01T18:00:00+00:00,44.501,-88.062,23.0,47.0,50.0,-102.0,16.650000000000002,34.724999999999994,True,True,True,L,-1.0
2020_08_NE_BUF,2020,8,REG,BUF,NE,2020-11-01T18:00:00+00:00,42.774,-78.787,17.0,41.0,45.0,-102.0,16.825,33.375,True,True,True,L,-1.0
2020_08_NO_CHI,2020,8,REG,CHI,NO,2020-11-01T21:25:00+00:00,41.862,-87.617,20.0,41.0,49.0,-109.0,13.6,27.525,True,True,True,L,-1.0
2020_08_NYJ_KC,2020,8,REG,KC,NYJ,2020-11-01T18:00:00+00:00,39.049,-94.484,11.0,49.0,44.0,-105.0,7.824999999999999,19.8,False,True,True,W,0.952381
2020_08_PIT_BAL,2020,8,REG,BAL,PIT,2020-11-01T18:00:00+00:00,39.278,-76.623,7.0,44.0,52.0,-108.0,3.525,18.775,False,True,False,L,-1.0
2020_08_SF_SEA,2020,8,REG,SEA,SF,2020-11-01T21:25:00+00:00,47.595,-122.332,4.0,54.5,64.0,-103.0,3.2,9.325,False,True,False,L,-1.0
2020_08_TB_NYG,2020,8,REG,NYG,TB,2020-11-03T01:15:00+00:00,40.813,-74.075,8.0,47.0,48.0,-115.0,8.05,25.425,True,True,False,L,-1.0
2020_08_TEN_CIN,2020,8,REG,CIN,TEN,2020-11-01T18:00:00+00:00,39.096,-84.516,24.0,49.5,51.0,-115.0,17.900000000000002,33.5,True,True,True,L,-1.0
2020_09_CAR_KC,2020,9,REG,KC,CAR,2020-11-08T18:00:00+00:00,39.049,-94.484,19.0,51.5,64.0,-102.0,16.0,32.225,True,True,True,L,-1.0
2020_09_CHI_TEN,2020,9,REG,TEN,CHI,2020-11-08T18:00:00+00:00,36.166,-86.771,14.0,46.5,41.0,-106.0,6.025,13.375000000000002,False,True,True,W,0.943396
2020_09_GB_SF,2020,9,REG,SF,GB,2020-11-06T01:20:00+00:00,37.403,-121.97,5.0,48.5,51.0,-113.0,5.675,8.424999999999999,False,True,False,L,-1.0
2020_09_HOU_JAX,2020,9,REG,JAX,HOU,2020-11-08T18:00:00+00:00,30.324,-81.637,14.0,49.0,52.0,-107.0,14.3,25.325000000000003,True,True,True,L,-1.0
2020_09_NE_NYJ,2020,9,REG,NYJ,NE,2020-11-10T01:15:00+00:00,40.813,-74.075,2.0,41.5,57.0,-105.0,1.225,2.425,False,True,False,L,-1.0
2020_09_NO_TB,2020,9,REG,TB,NO,2020-11-09T01:20:00+00:00,27.976,-82.503,17.0,51.0,41.0,-106.0,10.825,35.475,True,True,True,W,0.943396
2020_09_NYG_WAS,2020,9,REG,WAS,NYG,2020-11-08T18:00:00+00:00,38.908,-76.865,1.0,43.0,43.0,-102.0,2.65,4.25,False,True,False,P,0.0
2020_09_SEA_BUF,2020,9,REG,BUF,SEA,2020-11-08T18:00:00+00:00,42.774,-78.787,4.0,55.0,78.0,-101.0,4.3,7.425,False,True,False,L,-1.0
2020_10_BAL_NE,2020,10,REG,NE,BAL,2020-11-16T01:20:00+00:00,42.091,-71.264,13.0,44.0,40.0,-104.0,17.775,45.575,True,True,True,W,0.961538
2020_10_CIN_PIT,2020,10,REG,PIT,CIN,2020-11-15T21:25:00+00:00,40.447,-80.016,21.0,45.5,46.0,101.0,17.025000000000002,34.6,True,True,True,L,-1.0
2020_10_HOU_CLE,2020,10,REG,CLE,HOU,2020-11-15T18:00:00+00:00,41.506,-81.7,25.0,46.0,17.0,-104.0,25.825,45.3,True,True,True,W,0.961538
2020_10_IND_TEN,2020,10,REG,TEN,IND,2020-11-13T01:20:00+00:00,36.166,-86.771,6.0,49.0,51.0,-100.0,0.975,2.125,False,True,False,L,-1.0
2020_10_JAX_GB,2020,10,REG,GB,JAX,2020-11-15T18:00:00+00:00,44.501,-88.062,23.0,47.0,44.0,-104.0,19.025,40.5,True,True,True,W,0.961538
2020_10_LAC_MIA,2020,10,REG,MIA,LAC,2020-11-15T21:05:00+00:00,25.958,-80.239,7.0,48.5,50.0,-107.0,4.05,7.275,False,True,False,L,-1.0
2020_10_MIN_CHI,2020,10,REG,CHI,MIN,2020-11-17T01:15:00+00:00,41.862,-87.617,11.0,44.0,32.0,100.0,10.375,31.475,True,True,True,W,1.0
2020_10_PHI_NYG,2020,10,REG,NYG,PHI,2020-11-15T18:00:00+00:00,40.813,-74.075,18.0,45.0,44.0,102.0,14.125,30.8,True,True,True,W,1.02
2020_10_TB_CAR,2020,10,REG,CAR,TB,2020-11-15T18:00:00+00:00,35.226,-80.853,15.0,49.5,69.0,-105.0,12.8,29.575,True,True,True,L,-1.0
2020_11_ARI_SEA,2020,11,REG,SEA,ARI,2020-11-20T01:20:00+00:00,47.595,-122.332,11.0,56.5,49.0,-101.0,6.2,18.225,False,True,True,W,0.990099
2020_11_CIN_WAS,2020,11,REG,WAS,CIN,2020-11-22T18:00:00+00:00,38.908,-76.865,7.0,48.0,29.0,-106.0,5.75,14.825,False,True,False,W,0.943396
2020_11_DET_CAR,2020,11,REG,CAR,DET,2020-11-22T18:00:00+00:00,35.226,-80.853,7.0,47.0,20.0,-105.0,5.2250000000000005,8.85,False,True,False,W,0.952381
2020_11_LA_TB,2020,11,REG,TB,LA,2020-11-24T01:15:00+00:00,27.976,-82.503,5.0,47.5,51.0,-109.0,2.35,6.25,False,True,False,L,-1.0
2020_11_MIA_DEN,2020,11,REG,DEN,MIA,2020-11-22T21:05:00+00:00,39.744,-105.02,7.0,46.0,33.0,-108.0,3.7,7.725,False,True,False,W,0.925926
2020_11_PHI_CLE,2020,11,REG,CLE,PHI,2020-11-22T18:00:00+00:00,41.506,-81.7,8.0,45.5,39.0,-109.0,5.45,6.875,False,True,False,W,0.917431
2020_11_PIT_JAX,2020,11,REG,JAX,PIT,2020-11-22T18:00:00+00:00,30.324,-81.637,3.0,47.0,30.0,101.0,7.5,10.8,False,True,False,W,1.01
2020_11_TEN_BAL,2020,11,REG,BAL,TEN,2020-11-22T18:00:00+00:00,39.278,-76.623,6.0,50.5,54.0,-102.0,4.6,13.875,False,True,False,L,-1.0
2020_12_ARI_NE,2020,12,REG,NE,ARI,2020-11-29T18:00:00+00:00,42.091,-71.264,8.0,51.0,37.0,-106.0,6.55,13.825,False,True,False,W,0.943396
2020_12_BAL_PIT,2020,12,REG,PIT,BAL,2020-12-02T20:40:00+00:00,40.447,-80.016,14.0,41.5,33.0,-104.0,7.7,21.4,True,True,True,W,0.961538
2020_12_CHI_GB,2020,12,REG,GB,CHI,2020-11-30T01:20:00+00:00,44.501,-88.062,13.0,44.0,66.0,-105.0,9.525,25.950000000000003,True,True,True,L,-1.0
2020_12_CLE_JAX,2020,12,REG,JAX,CLE,2020-11-29T18:00:00+00:00,30.324,-81.637,1.0,48.5,52.0,-112.0,1.65,7.85,False,True,False,L,-1.0
2020_12_KC_TB,2020,12,REG,TB,KC,2020-11-29T21:25:00+00:00,27.976,-82.503,5.0,56.0,51.0,-103.0,4.95,10.525,False,True,False,W,0.970874
2020_12_LAC_BUF,2020,12,REG,BUF,LAC,2020-11-29T18:00:00+00:00,42.774,-78.787,7.0,51.0,44.0,103.0,9.05,21.375,True,True,False,W,1.03
2020_12_MIA_NYJ,2020,12,REG,NYJ,MIA,2020-11-29T18:00:00+00:00,40.813,-74.075,2.0,46.0,23.0,100.0,5.625,9.95,False,True,False,W,1.0
2020_12_NO_DEN,2020,12,REG,DEN,NO,2020-11-29T21:05:00+00:00,39.744,-105.02,6.0,36.5,34.0,-109.0,3.5,5.65,False,True,False,W,0.917431
2020_12_NYG_CIN,2020,12,REG,CIN,NYG,2020-11-29T18:00:00+00:00,39.096,-84.516,4.0,45.0,36.0,-109.0,2.4750000000000005,11.075,False,True,False,W,0.917431
2020_12_SEA_PHI,2020,12,REG,PHI,SEA,2020-12-01T01:15:00+00:00,39.901,-75.168,16.0,50.0,40.0,-108.0,3.975,11.425,False,True,True,W,0.925926
2020_13_CIN_MIA,2020,13,REG,MIA,CIN,2020-12-06T18:00:00+00:00,25.958,-80.239,5.0,43.0,26.0,-103.0,4.225,6.65,False,True,False,W,0.970874
2020_13_CLE_TEN,2020,13,REG,TEN,CLE,2020-12-06T18:00:00+00:00,36.166,-86.771,1.0,54.0,76.0,-107.0,2.1,6.15,False,True,False,L,-1.0
2020_13_DAL_BAL,2020,13,REG,BAL,DAL,2020-12-09T01:05:00+00:00,39.278,-76.623,9.0,46.0,51.0,-108.0,5.775,20.85,True,True,False,L,-1.0
2020_13_DEN_KC,2020,13,REG,KC,DEN,2020-12-07T01:20:00+00:00,39.049,-94.484,9.0,51.0,38.0,-101.0,3.875,8.9,False,True,False,W,0.990099
2020_13_DET_CHI,2020,13,REG,CHI,DET,2020-12-06T18:00:00+00:00,41.862,-87.617,5.0,44.0,64.0,-108.0,3.65,6.6000000000000005,False,True,False,L,-1.0
2020_13_LV_NYJ,2020,13,REG,NYJ,LV,2020-12-06T18:00:00+00:00,40.813,-74.075,18.0,48.0,59.0,104.0,16.925,25.4,True,True,True,L,-1.0
2020_13_NYG_SEA,2020,13,REG,SEA,NYG,2020-12-06T21:05:00+00:00,47.595,-122.332,4.0,48.5,29.0,-102.0,7.1,17.3,False,True,False,W,0.980392
2020_13_PHI_GB,2020,13,REG,GB,PHI,2020-12-06T21:25:00+00:00,44.501,-88.062,9.0,50.0,46.0,-107.0,3.2,7.950000000000001,False,True,False,W,0.934579
2020_13_WAS_PIT,2020,13,REG,PIT,WAS,2020-12-07T22:00:00+00:00,40.447,-80.016,10.0,43.5,40.0,-101.0,5.275,16.900000000000002,False,True,True,W,0.990099
2020_14_ARI_NYG,2020,14,REG,NYG,ARI,2020-12-13T18:00:00+00:00,40.813,-74.075,15.0,47.0,33.0,-101.0,11.575,19.725,True,True,True,W,0.990099
2020_14_BAL_CLE,2020,14,REG,CLE,BAL,2020-12-15T01:15:00+00:00,41.506,-81.7,18.0,45.5,89.0,-100.0,16.175,19.35,True,True,True,L,-1.0
2020_14_DAL_CIN,2020,14,REG,CIN,DAL,2020-12-13T18:00:00+00:00,39.096,-84.516,5.0,44.0,37.0,-106.0,1.3,3.25,False,True,False,W,0.943396
2020_14_DEN_CAR,2020,14,REG,CAR,DEN,2020-12-13T18:00:00+00:00,35.226,-80.853,7.0,46.0,59.0,-101.0,5.45,9.975,False,True,False,L,-1.0
2020_14_HOU_CHI,2020,14,REG,CHI,HOU,2020-12-13T18:00:00+00:00,41.862,-87.617,1.0,46.0,43.0,101.0,4.1,8.675,False,True,False,W,1.01
2020_14_KC_MIA,2020,14,REG,MIA,KC,2020-12-13T18:00:00+00:00,25.958,-80.239,8.0,51.5,60.0,-102.0,4.425000000000001,6.15,False,True,False,L,-1.0
2020_14_MIN_TB,2020,14,REG,TB,MIN,2020-12-13T18:00:00+00:00,27.976,-82.503,5.0,52.5,40.0,-116.0,4.75,7.774999999999999,False,True,False,W,0.862069
2020_14_NO_PHI,2020,14,REG,PHI,NO,2020-12-13T21:25:00+00:00,39.901,-75.168,10.0,43.0,45.0,-106.0,6.85,13.725,False,True,True,L,-1.0
2020_14_NYJ_SEA,2020,14,REG,SEA,NYJ,2020-12-13T21:05:00+00:00,47.595,-122.332,8.0,49.5,43.0,105.0,4.025,13.125,False,True,False,W,1.05
2020_14_PIT_BUF,2020,14,REG,BUF,PIT,2020-12-14T01:20:00+00:00,42.774,-78.787,11.0,48.5,41.0,-106.0,5.025,10.825,False,True,True,W,0.943396
2020_14_TEN_JAX,2020,14,REG,JAX,TEN,2020-12-13T18:00:00+00:00,30.324,-81.637,2.0,53.0,41.0,-112.0,2.6,6.6,False,True,False,W,0.892857
2020_15_BUF_DEN,2020,15,REG,DEN,BUF,2020-12-19T21:30:00+00:00,39.744,-105.02,24.0,49.0,67.0,-103.0,13.05,25.7,True,True,True,L,-1.0
2020_15_CAR_GB,2020,15,REG,GB,CAR,2020-12-20T01:15:00+00:00,44.501,-88.062,5.0,53.0,40.0,-104.0,1.175,3.5,False,True,False,W,0.961538
2020_15_CLE_NYG,2020,15,REG,NYG,CLE,2020-12-21T01:20:00+00:00,40.813,-74.075,0.0,44.5,26.0,-100.0,1.5,3.2,False,True,False,W,1.0
2020_15_DET_TEN,2020,15,REG,TEN,DET,2020-12-20T18:00:00+00:00,36.166,-86.771,5.0,54.5,71.0,-109.0,4.275,8.175,False,True,False,L,-1.0
2020_15_JAX_BAL,2020,15,REG,BAL,JAX,2020-12-20T18:00:00+00:00,39.278,-76.623,3.0,49.5,54.0,-110.0,4.55,11.925,False,True,False,L,-1.0
2020_15_NE_MIA,2020,15,REG,MIA,NE,2020-12-20T18:00:00+00:00,25.958,-80.239,9.0,40.0,34.0,100.0,9.25,12.55,False,True,False,W,1.0
2020_15_PIT_CIN,2020,15,REG,CIN,PIT,2020-12-22T01:15:00+00:00,39.096,-84.516,10.0,40.5,44.0,-107.0,9.8,23.975,True,True,True,L,-1.0
2020_15_SEA_WAS,2020,15,REG,WAS,SEA,2020-12-20T18:00:00+00:00,38.908,-76.865,8.0,44.5,35.0,-103.0,4.725,13.05,False,True,False,W,0.970874
2020_16_ATL_KC,2020,16,REG,KC,ATL,2020-12-27T18:00:00+00:00,39.049,-94.484,8.0,54.0,31.0,-106.0,12.400000000000002,19.525,True,True,False,W,0.943396
2020_16_BUF_NE,2020,16,REG,NE,BUF,2020-12-29T01:15:00+00:00,42.091,-71.264,4.0,47.0,47.0,100.0,7.025,15.425,False,True,False,P,0.0
2020_16_CAR_WAS,2020,16,REG,WAS,CAR,2020-12-27T21:05:00+00:00,38.908,-76.865,6.0,41.0,33.0,102.0,5.15,11.45,False,True,False,W,1.02
2020_16_CHI_JAX,2020,16,REG,JAX,CHI,2020-12-27T18:00:00+00:00,30.324,-81.637,5.0,47.0,58.0,-105.0,5.275,6.75,False,True,False,L,-1.0
2020_16_CLE_NYJ,2020,16,REG,NYJ,CLE,2020-12-27T18:00:00+00:00,40.813,-74.075,5.0,45.0,39.0,-105.0,4.625,7.725,False,True,False,W,0.952381
2020_16_IND_PIT,2020,16,REG,PIT,IND,2020-12-27T18:00:00+00:00,40.447,-80.016,6.0,43.0,52.0,-105.0,4.7250000000000005,18.45,False,True,False,L,-1.0
2020_16_LA_SEA,2020,16,REG,SEA,LA,2020-12-27T21:25:00+00:00,47.595,-122.332,2.0,48.0,29.0,-111.0,3.0250000000000004,7.1,False,True,False,W,0.900901
2020_16_NYG_BAL,2020,16,REG,BAL,NYG,2020-12-27T18:00:00+00:00,39.278,-76.623,3.0,43.5,40.0,-110.0,5.575,9.45,False,True,False,W,0.909091
2020_16_TEN_GB,2020,16,REG,GB,TEN,2020-12-28T01:20:00+00:00,44.501,-88.062,15.0,52.5,54.0,-104.0,10.425,25.575,True,True,True,L,-1.0
2020_17_ATL_TB,2020,17,REG,TB,ATL,2021-01-03T18:00:00+00:00,27.976,-82.503,4.0,51.0,71.0,-100.0,6.075,10.1,False,True,False,L,-1.0
2020_17_BAL_CIN,2020,17,REG,CIN,BAL,2021-01-03T18:00:00+00:00,39.096,-84.516,10.0,46.0,41.0,-109.0,8.4,15.35,False,True,True,W,0.917431
2020_17_DAL_NYG,2020,17,REG,NYG,DAL,2021-01-03T18:00:00+00:00,40.813,-74.075,6.0,44.5,42.0,-109.0,9.2,20.425,True,True,False,W,0.917431
2020_17_GB_CHI,2020,17,REG,CHI,GB,2021-01-03T21:25:00+00:00,41.862,-87.617,7.0,48.5,51.0,-112.0,6.550000000000001,10.15,False,True,False,L,-1.0
2020_17_LAC_KC,2020,17,REG,KC,LAC,2021-01-03T21:25:00+00:00,39.049,-94.484,6.0,43.0,59.0,-103.0,5.625,10.4,False,True,False,L,-1.0
2020_17_LV_DEN,2020,17,REG,DEN,LV,2021-01-03T21:25:00+00:00,39.744,-105.02,10.0,50.5,63.0,-103.0,10.3,25.4,True,True,True,L,-1.0
2020_17_MIA_BUF,2020,17,REG,BUF,MIA,2021-01-03T18:00:00+00:00,42.774,-78.787,1.0,42.5,82.0,102.0,3.2,9.575,False,True,False,L,-1.0
2020_17_NO_CAR,2020,17,REG,CAR,NO,2021-01-03T21:25:00+00:00,35.226,-80.853,2.0,47.0,40.0,-108.0,2.325,7.5,False,True,False,W,0.925926
2020_17_NYJ_NE,2020,17,REG,NE,NYJ,2021-01-03T18:00:00+00:00,42.091,-71.264,5.0,41.0,42.0,-102.0,8.274999999999999,15.525,False,True,False,L,-1.0
2020_17_PIT_CLE,2020,17,REG,CLE,PIT,2021-01-03T18:00:00+00:00,41.506,-81.7,7.0,45.0,46.0,-112.0,6.125,12.3,False,True,False,L,-1.0
2020_17_WAS_PHI,2020,17,REG,PHI,WAS,2021-01-04T01:20:00+00:00,39.901,-75.168,10.0,43.5,34.0,101.0,5.375000000000001,14.45,False,True,True,W,1.01
2020_18_BAL_TEN,2020,18,WC,TEN,BAL,2021-01-10T18:05:00+00:00,36.166,-86.771,1.0,53.0,33.0,100.0,1.5499999999999998,2.4000000000000004,False,True,False,W,1.0
2020_18_CLE_PIT,2020,18,WC,PIT,CLE,2021-01-11T01:15:00+00:00,40.447,-80.016,1.0,47.5,85.0,-110.0,2.45,4.225,False,True,False,L,-1.0
2020_18_IND_BUF,2020,18,WC,BUF,IND,2021-01-09T18:05:00+00:00,42.774,-78.787,6.0,50.5,51.0,-106.0,5.175,12.475,False,True,False,L,-1.0
2020_18_LA_SEA,2020,18,WC,SEA,LA,2021-01-09T21:40:00+00:00,47.595,-122.332,1.0,42.0,50.0,-101.0,2.5,2.966666666666667,False,True,False,L,-1.0
2020_18_TB_WAS,2020,18,WC,WAS,TB,2021-01-10T01:15:00+00:00,38.908,-76.865,10.0,45.0,54.0,-104.0,7.45,22.425,True,True,True,L,-1.0
2020_19_BAL_BUF,2020,19,DIV,BUF,BAL,2021-01-17T01:15:00+00:00,42.774,-78.787,13.0,50.0,20.0,-108.0,15.8,30.000000000000004,True,True,True,W,0.925926
2020_19_CLE_KC,2020,19,DIV,KC,CLE,2021-01-17T20:05:00+00:00,39.049,-94.484,13.0,55.5,39.0,-106.0,12.3,22.975,True,True,True,W,0.943396
2020_19_LA_GB,2020,19,DIV,GB,LA,2021-01-16T21:35:00+00:00,44.501,-88.062,13.0,45.0,50.0,-107.0,5.633333333333333,17.0,False,True,True,L,-1.0
2020_20_BUF_KC,2020,20,CON,KC,BUF,2021-01-24T23:40:00+00:00,39.049,-94.484,7.0,54.5,62.0,102.0,6.866666666666667,15.6,False,True,False,L,-1.0
2020_20_TB_GB,2020,20,CON,GB,TB,2021-01-24T20:05:00+00:00,44.501,-88.062,10.0,53.0,57.0,-102.0,4.275,9.475,False,True,True,L,-1.0
2020_21_KC_TB,2020,21,SB,TB,KC,2021-02-07T23:30:00+00:00,27.976,-82.503,9.0,55.0,40.0,-112.0,6.625,15.45,False,True,False,W,0.892857
2021_01_ARI_TEN,2021,1,REG,TEN,ARI,2021-09-12T17:00:00+00:00,36.166,-86.771,8.0,54.0,51.0,-103.0,6.325,8.775,False,True,False,W,0.970874
2021_01_CLE_KC,2021,1,REG,KC,CLE,2021-09-12T20:25:00+00:00,39.049,-94.484,8.0,54.5,62.0,-107.0,10.8,17.0,True,True,False,L,-1.0
2021_01_DAL_TB,2021,1,REG,TB,DAL,2021-09-10T00:20:00+00:00,27.976,-82.503,9.0,52.5,60.0,-108.0,1.85,8.85,False,True,False,L,-1.0
2021_01_DEN_NYG,2021,1,REG,NYG,DEN,2021-09-12T20:25:00+00:00,40.813,-74.075,19.0,41.5,40.0,-105.0,9.9,20.075,True,True,True,W,0.952381
2021_01_LAC_WAS,2021,1,REG,WAS,LAC,2021-09-12T17:00:00+00:00,38.908,-76.865,4.0,45.5,36.0,-115.0,9.7,17.875,False,True,False,W,0.869565
2021_01_MIA_NE,2021,1,REG,NE,MIA,2021-09-12T20:25:00+00:00,42.091,-71.264,15.0,43.5,33.0,-114.0,8.825000000000001,20.225,True,True,True,W,0.877193
2021_01_MIN_CIN,2021,1,REG,CIN,MIN,2021-09-12T17:00:00+00:00,39.096,-84.516,15.0,47.0,51.0,102.0,12.1,19.45,True,True,True,L,-1.0
2021_01_NYJ_CAR,2021,1,REG,CAR,NYJ,2021-09-12T17:00:00+00:00,35.226,-80.853,0.0,44.5,33.0,-107.0,3.95,5.475,False,True,False,W,0.934579
2021_01_PIT_BUF,2021,1,REG,BUF,PIT,2021-09-12T17:00:00+00:00,42.774,-78.787,17.0,48.0,39.0,-114.0,14.725,28.525,True,True,True,W,0.877193
2021_02_ATL_TB,2021,2,REG,TB,ATL,2021-09-19T20:05:00+00:00,27.976,-82.503,0.0,52.0,73.0,-103.0,3.85,8.05,False,True,False,L,-1.0
2021_02_BUF_MIA,2021,2,REG,MIA,BUF,2021-09-19T17:00:00+00:00,25.958,-80.239,7.0,48.0,35.0,-103.0,6.074999999999999,8.2,False,True,False,W,0.970874
2021_02_CIN_CHI,2021,2,REG,CHI,CIN,2021-09-19T17:00:00+00:00,41.862,-87.617,0.0,44.5,37.0,-107.0,6.075,9.125,False,True,False,W,0.934579
2021_02_DEN_JAX,2021,2,REG,JAX,DEN,2021-09-19T17:00:00+00:00,30.324,-81.637,7.0,45.0,36.0,-107.0,7.9,10.975,False,True,False,W,0.934579
2021_02_DET_GB,2021,2,REG,GB,DET,2021-09-21T00:15:00+00:00,44.501,-88.062,12.0,49.5,52.0,-101.0,11.75,32.15,True,True,True,L,-1.0
2021_02_HOU_CLE,2021,2,REG,CLE,HOU,2021-09-19T17:00:00+00:00,41.506,-81.7,12.0,48.5,52.0,103.0,13.225,14.75,True,True,True,L,-1.0
2021_02_KC_BAL,2021,2,REG,BAL,KC,2021-09-20T00:20:00+00:00,39.278,-76.623,8.0,53.5,71.0,-110.0,1.925,4.550000000000001,False,True,False,L,-1.0
2021_02_LV_PIT,2021,2,REG,PIT,LV,2021-09-19T17:00:00+00:00,40.447,-80.016,4.0,46.5,43.0,104.0,5.325,6.45,False,True,False,W,1.04
2021_02_NE_NYJ,2021,2,REG,NYJ,NE,2021-09-19T17:00:00+00:00,40.813,-74.075,13.0,43.0,31.0,102.0,8.9,11.0,False,True,True,W,1.02
2021_02_NO_CAR,2021,2,REG,CAR,NO,2021-09-19T17:00:00+00:00,35.226,-80.853,4.0,45.0,33.0,-106.0,5.699999999999999,9.525,False,True,False,W,0.943396
2021_02_NYG_WAS,2021,2,REG,WAS,NYG,2021-09-17T00:20:00+00:00,38.908,-76.865,0.0,42.0,59.0,-112.0,4.3500000000000005,13.3,False,True,False,L,-1.0
2021_02_SF_PHI,2021,2,REG,PHI,SF,2021-09-19T17:00:00+00:00,39.901,-75.168,13.0,49.0,28.0,-109.0,6.800000000000001,10.475,False,True,True,W,0.917431
2021_02_TEN_SEA,2021,2,REG,SEA,TEN,2021-09-19T20:25:00+00:00,47.595,-122.332,14.0,53.5,63.0,-102.0,10.65,20.85,True,True,True,L,-1.0
2021_03_ARI_JAX,2021,3,REG,JAX,ARI,2021-09-26T17:00:00+00:00,30.324,-81.637,4.0,51.5,50.0,-104.0,6.449999999999999,9.35,False,True,False,W,0.961538
2021_03_ATL_NYG,2021,3,REG,NYG,ATL,2021-09-26T17:00:00+00:00,40.813,-74.075,13.0,48.0,31.0,-110.0,13.525,21.525,True,True,True,W,0.909091
2021_03_CHI_CLE,2021,3,REG,CLE,CHI,2021-09-26T17:00:00+00:00,41.506,-81.7,22.0,45.0,32.0,-106.0,10.35,21.525,True,True,True,W,0.943396
2021_03_CIN_PIT,2021,3,REG,PIT,CIN,2021-09-26T17:00:00+00:00,40.447,-80.016,9.0,42.5,34.0,-112.0,12.875,24.5,True,True,False,W,0.892857
2021_03_GB_SF,2021,3,REG,SF,GB,2021-09-27T00:20:00+00:00,37.403,-121.97,15.0,50.5,58.0,-103.0,12.650000000000002,17.9,True,True,True,L,-1.0
2021_03_IND_TEN,2021,3,REG,TEN,IND,2021-09-26T17:00:00+00:00,36.166,-86.771,4.0,47.0,41.0,-104.0,3.175,6.1,False,True,False,W,0.961538
2021_03_LAC_KC,2021,3,REG,KC,LAC,2021-09-26T17:00:00+00:00,39.049,-94.484,19.0,55.0,54.0,-108.0,18.625,33.625,True,True,True,W,0.925926
2021_03_NO_NE,2021,3,REG,NE,NO,2021-09-26T17:00:00+00:00,42.091,-71.264,11.0,44.0,41.0,-114.0,11.85,17.674999999999997,True,True,True,W,0.877193
2021_03_NYJ_DEN,2021,3,REG,DEN,NYJ,2021-09-26T20:05:00+00:00,39.744,-105.02,6.0,42.0,26.0,-107.0,8.1,12.65,False,True,False,W,0.934579
2021_03_WAS_BUF,2021,3,REG,BUF,WAS,2021-09-26T17:00:00+00:00,42.774,-78.787,21.0,45.5,64.0,-105.0,16.05,26.7,True,True,True,L,-1.0
2021_04_BAL_DEN,2021,4,REG,DEN,BAL,2021-10-03T20:25:00+00:00,39.744,-105.02,11.0,44.0,30.0,-106.0,5.075,14.7,False,True,True,W,0.943396
2021_04_DET_CHI,2021,4,REG,CHI,DET,2021-10-03T17:00:00+00:00,41.862,-87.617,4.0,42.0,38.0,-110.0,4.225,5.75,False,True,False,W,0.909091
2021_04_HOU_BUF,2021,4,REG,BUF,HOU,2021-10-03T17:00:00+00:00,42.774,-78.787,12.0,47.5,40.0,-106.0,4.725,13.65,False,True,True,W,0.943396
2021_04_IND_MIA,2021,4,REG,MIA,IND,2021-10-03T17:00:00+00:00,25.958,-80.239,16.0,41.5,44.0,-104.0,11.0,14.725,True,True,True,L,-1.0
2021_04_JAX_CIN,2021,4,REG,CIN,JAX,2021-10-01T00:20:00+00:00,39.096,-84.516,0.0,46.0,45.0,101.0,1.2999999999999998,3.075,False,True,False,W,1.01
2021_04_KC_PHI,2021,4,REG,PHI,KC,2021-10-03T17:00:00+00:00,39.901,-75.168,8.0,53.5,72.0,-105.0,4.475,10.85,False,True,False,L,-1.0
2021_04_PIT_GB,2021,4,REG,GB,PIT,2021-10-03T20:25:00+00:00,44.501,-88.062,4.0,45.0,44.0,-103.0,4.225,5.9,False,True,False,W,0.970874
2021_04_SEA_SF,2021,4,REG,SF,SEA,2021-10-03T20:05:00+00:00,37.403,-121.97,0.0,52.0,49.0,-108.0,7.175000000000001,8.35,False,True,False,W,0.925926
2021_04_TB_NE,2021,4,REG,NE,TB,2021-10-04T00:20:00+00:00,42.091,-71.264,4.0,49.5,36.0,-110.0,4.925,12.675,False,True,False,W,0.909091
2021_04_TEN_NYJ,2021,4,REG,NYJ,TEN,2021-10-03T17:00:00+00:00,40.813,-74.075,9.0,44.5,51.0,-106.0,4.35,8.675,False,True,False,L,-1.0
2021_05_BUF_KC,2021,5,REG,KC,BUF,2021-10-11T00:20:00+00:00,39.049,-94.484,0.0,57.0,58.0,103.0,9.3,17.325,False,True,False,L,-1.0
2021_05_DEN_PIT,2021,5,REG,PIT,DEN,2021-10-10T17:00:00+00:00,40.447,-80.016,9.0,40.0,46.0,101.0,6.775,11.8,False,True,False,L,-1.0
2021_05_GB_CIN,2021,5,REG,CIN,GB,2021-10-10T17:00:00+00:00,39.096,-84.516,12.0,50.0,47.0,-108.0,10.25,15.35,True,True,True,W,0.925926
2021_05_IND_BAL,2021,5,REG,BAL,IND,2021-10-12T00:15:00+00:00,39.278,-76.623,6.0,46.5,56.0,-103.0,3.475,7.4,False,True,False,L,-1.0
2021_05_LA_SEA,2021,5,REG,SEA,LA,2021-10-08T00:20:00+00:00,47.595,-122.332,8.0,53.5,43.0,-106.0,4.375,9.7,False,True,False,W,0.943396
2021_05_MIA_TB,2021,5,REG,TB,MIA,2021-10-10T17:00:00+00:00,27.976,-82.503,7.0,48.0,62.0,-104.0,4.175000000000001,7.649999999999999,False,True,False,L,-1.0
2021_05_NO_WAS,2021,5,REG,WAS,NO,2021-10-10T17:00:00+00:00,38.908,-76.865,12.0,43.5,55.0,-101.0,8.525,15.900000000000002,False,True,True,L,-1.0
2021_05_NYJ_ATL,2021,5,REG,ATL,NYJ,2021-10-10T13:30:00+00:00,51.604,-0.066,8.0,45.5,47.0,102.0,7.35,17.0,False,True,False,L,-1.0
2021_05_PHI_CAR,2021,5,REG,CAR,PHI,2021-10-10T17:00:00+00:00,35.226,-80.853,13.0,46.0,39.0,-106.0,6.95,11.25,False,True,True,W,0.943396
2021_05_TEN_JAX,2021,5,REG,JAX,TEN,2021-10-10T17:00:00+00:00,30.324,-81.637,11.0,49.0,56.0,-102.0,9.175,11.475,False,True,True,L,-1.0
2021_06_ARI_CLE,2021,6,REG,CLE,ARI,2021-10-17T20:05:00+00:00,41.506,-81.7,23.0,48.0,51.0,102.0,17.325,23.65,True,True,True,L,-1.0
2021_06_BUF_TEN,2021,6,REG,TEN,BUF,2021-10-19T00:15:00+00:00,36.166,-86.771,6.0,53.5,65.0,-113.0,2.375,2.625,False,True,False,L,-1.0
2021_06_DAL_NE,2021,6,REG,NE,DAL,2021-10-17T20:25:00+00:00,42.091,-71.264,11.0,50.5,64.0,-106.0,7.375,16.375,False,True,True,L,-1.0
2021_06_GB_CHI,2021,6,REG,CHI,GB,2021-10-17T17:00:00+00:00,41.862,-87.617,6.0,44.0,38.0,-105.0,10.075,18.075000000000003,True,True,False,W,0.952381
2021_06_KC_WAS,2021,6,REG,WAS,KC,2021-10-17T17:00:00+00:00,38.908,-76.865,13.0,54.0,44.0,-106.0,14.125,24.925,True,True,True,W,0.943396
2021_06_LAC_BAL,2021,6,REG,BAL,LAC,2021-10-17T17:00:00+00:00,39.278,-76.623,15.0,50.5,40.0,105.0,14.125,23.05,True,True,True,W,1.05
2021_06_LA_NYG,2021,6,REG,NYG,LA,2021-10-17T17:00:00+00:00,40.813,-74.075,13.0,49.5,49.0,-113.0,11.3,17.724999999999998,True,True,True,W,0.884956
2021_06_LV_DEN,2021,6,REG,DEN,LV,2021-10-17T20:25:00+00:00,39.744,-105.02,8.0,45.5,58.0,-111.0,7.4,9.95,False,True,False,L,-1.0
2021_06_MIA_JAX,2021,6,REG,JAX,MIA,2021-10-17T13:30:00+00:00,51.604,-0.066,11.0,47.5,43.0,-107.0,8.975,19.25,False,True,True,W,0.934579
2021_06_MIN_CAR,2021,6,REG,CAR,MIN,2021-10-17T17:00:00+00:00,35.226,-80.853,7.0,45.5,62.0,-110.0,5.25,16.1,False,True,False,L,-1.0
2021_06_SEA_PIT,2021,6,REG,PIT,SEA,2021-10-18T00:20:00+00:00,40.447,-80.016,6.0,43.0,43.0,-104.0,3.1500000000000004,6.8,False,True,False,P,0.0
2021_06_TB_PHI,2021,6,REG,PHI,TB,2021-10-15T00:20:00+00:00,39.901,-75.168,8.0,53.0,50.0,-107.0,3.425,4.825,False,True,False,W,0.934579
2021_07_ATL_MIA,2021,7,REG,MIA,ATL,2021-10-24T17:00:00+00:00,25.958,-80.239,9.0,48.5,58.0,-113.0,6.125,7.65,False,True,False,L,-1.0
2021_07_CAR_NYG,2021,7,REG,NYG,CAR,2021-10-24T17:00:00+00:00,40.813,-74.075,0.0,42.5,28.0,-105.0,4.625,9.55,False,True,False,W,0.952381
2021_07_CHI_TB,2021,7,REG,TB,CHI,2021-10-24T20:25:00+00:00,27.976,-82.503,7.0,47.0,41.0,-110.0,3.625,6.875,False,True,False,W,0.909091
2021_07_CIN_BAL,2021,7,REG,BAL,CIN,2021-10-24T17:00:00+00:00,39.278,-76.623,6.0,45.5,58.0,-102.0,7.125,12.9,False,True,False,L,-1.0
2021_07_DEN_CLE,2021,7,REG,CLE,DEN,2021-10-22T00:20:00+00:00,41.506,-81.7,27.0,40.5,31.0,-106.0,17.45,25.825000000000003,True,True,True,W,0.943396
2021_07_IND_SF,2021,7,REG,SF,IND,2021-10-25T00:20:00+00:00,37.403,-121.97,16.0,41.5,48.0,-102.0,7.35,22.375,True,True,True,L,-1.0
2021_07_KC_TEN,2021,7,REG,TEN,KC,2021-10-24T17:00:00+00:00,36.166,-86.771,14.0,57.5,30.0,-111.0,11.375,20.375,True,True,True,W,0.900901
2021_07_NO_SEA,2021,7,REG,SEA,NO,2021-10-26T00:15:00+00:00,47.595,-122.332,16.0,42.0,23.0,-102.0,14.3,34.900000000000006,True,True,True,W,0.980392
2021_07_NYJ_NE,2021,7,REG,NE,NYJ,2021-10-24T17:00:00+00:00,42.091,-71.264,0.0,43.0,67.0,-112.0,7.9,14.125,False,True,False,L,-1.0
2021_07_WAS_GB,2021,7,REG,GB,WAS,2021-10-24T17:00:00+00:00,44.501,-88.062,11.0,48.0,34.0,-117.0,9.075,12.95,False,True,True,W,0.854701
2021_08_CIN_NYJ,2021,8,REG,NYJ,CIN,2021-10-31T17:00:00+00:00,40.813,-74.075,11.0,43.5,65.0,-109.0,9.65,18.025,False,True,True,L,-1.0
2021_08_JAX_SEA,2021,8,REG,SEA,JAX,2021-10-31T20:05:00+00:00,47.595,-122.332,8.0,44.0,38.0,-101.0,3.35,5.6,False,True,False,W,0.990099
2021_08_MIA_BUF,2021,8,REG,BUF,MIA,2021-10-31T17:00:00+00:00,42.774,-78.787,9.0,48.5,37.0,-103.0,13.975,25.2,True,True,False,W,0.970874
2021_08_NYG_KC,2021,8,REG,KC,NYG,2021-11-02T00:15:00+00:00,39.049,-94.484,4.0,53.0,37.0,-101.0,2.55,5.625,False,True,False,W,0.990099
2021_08_PIT_CLE,2021,8,REG,CLE,PIT,2021-10-31T17:00:00+00:00,41.506,-81.7,13.0,43.0,25.0,-105.0,18.200000000000003,23.050000000000004,True,True,True,W,0.952381
2021_08_SF_CHI,2021,8,REG,CHI,SF,2021-10-31T17:00:00+00:00,41.862,-87.617,12.0,40.0,55.0,102.0,11.85,19.175,True,True,True,L,-1.0
2021_08_WAS_DEN,2021,8,REG,DEN,WAS,2021-10-31T20:25:00+00:00,39.744,-105.02,4.0,45.0,27.0,-116.0,3.875,4.85,False,True,False,W,0.862069
2021_09_ARI_SF,2021,9,REG,SF,ARI,2021-11-07T21:25:00+00:00,37.403,-121.97,8.0,44.5,48.0,-109.0,10.275,12.975,True,True,False,L,-1.0
2021_09_BUF_JAX,2021,9,REG,JAX,BUF,2021-11-07T18:00:00+00:00,30.324,-81.637,16.0,48.0,15.0,-103.0,9.275,18.05,False,True,True,W,0.970874
2021_09_CHI_PIT,2021,9,REG,PIT,CHI,2021-11-09T01:15:00+00:00,40.447,-80.016,7.0,40.0,56.0,-103.0,4.9750000000000005,8.325,False,True,False,L,-1.0
2021_09_CLE_CIN,2021,9,REG,CIN,CLE,2021-11-07T18:00:00+00:00,39.096,-84.516,0.0,47.5,57.0,-106.0,1.575,4.15,False,True,False,L,-1.0
2021_09_GB_KC,2021,9,REG,KC,GB,2021-11-07T21:25:00+00:00,39.049,-94.484,12.0,48.0,20.0,-102.0,14.05,29.4,True,True,True,W,0.980392
2021_09_HOU_MIA,2021,9,REG,MIA,HOU,2021-11-07T18:00:00+00:00,25.958,-80.239,19.0,45.0,26.0,-109.0,11.1,19.9,True,True,True,W,0.917431
2021_09_LAC_PHI,2021,9,REG,PHI,LAC,2021-11-07T21:05:00+00:00,39.901,-75.168,11.0,49.5,51.0,-105.0,4.3,7.999999999999999,False,True,True,L,-1.0
2021_09_LV_NYG,2021,9,REG,NYG,LV,2021-11-07T18:00:00+00:00,40.813,-74.075,4.0,47.0,39.0,-108.0,1.5,4.825,False,True,False,W,0.925926
2021_09_MIN_BAL,2021,9,REG,BAL,MIN,2021-11-07T18:00:00+00:00,39.278,-76.623,8.0,51.0,65.0,-109.0,5.625,9.575,False,True,False,L,-1.0
2021_09_NE_CAR,2021,9,REG,CAR,NE,2021-11-07T18:00:00+00:00,35.226,-80.853,16.0,41.5,30.0,100.0,9.275,20.175,True,True,True,W,1.0
2021_10_BAL_MIA,2021,10,REG,MIA,BAL,2021-11-12T01:20:00+00:00,25.958,-80.239,4.0,46.5,32.0,-106.0,4.575,10.25,False,True,False,W,0.943396
2021_10_BUF_NYJ,2021,10,REG,NYJ,BUF,2021-11-14T18:00:00+00:00,40.813,-74.075,4.0,47.0,62.0,104.0,7.899999999999999,12.025,False,True,False,L,-1.0
2021_10_CLE_NE,2021,10,REG,NE,CLE,2021-11-14T18:00:00+00:00,42.091,-71.264,6.0,45.5,52.0,-108.0,5.55,13.8,False,True,False,L,-1.0
2021_10_DET_PIT,2021,10,REG,PIT,DET,2021-11-14T18:00:00+00:00,40.447,-80.016,12.0,43.0,32.0,-114.0,7.45,17.725,False,True,True,W,0.877193
2021_10_LA_SF,2021,10,REG,SF,LA,2021-11-16T01:15:00+00:00,37.403,-121.97,0.0,50.0,41.0,-110.0,1.875,2.575,False,True,False,W,0.909091
2021_10_NO_TEN,2021,10,REG,TEN,NO,2021-11-14T18:00:00+00:00,36.166,-86.771,12.0,44.0,44.0,-109.0,9.875,22.425,True,True,True,P,0.0
2021_10_PHI_DEN,2021,10,REG,DEN,PHI,2021-11-14T21:25:00+00:00,39.744,-105.02,19.0,44.5,43.0,-103.0,10.5,30.425,True,True,True,W,0.970874
2021_10_SEA_GB,2021,10,REG,GB,SEA,2021-11-14T21:25:00+00:00,44.501,-88.062,11.0,49.5,17.0,-117.0,7.5,22.575,True,True,True,W,0.854701
2021_10_TB_WAS,2021,10,REG,WAS,TB,2021-11-14T18:00:00+00:00,38.908,-76.865,8.0,51.0,48.0,-109.0,9.925,16.725,False,True,False,W,0.917431
2021_11_ARI_SEA,2021,11,REG,SEA,ARI,2021-11-21T21:25:00+00:00,47.595,-122.332,0.0,46.0,36.0,-113.0,1.8,3.35,False,True,False,W,0.884956
2021_11_BAL_CHI,2021,11,REG,CHI,BAL,2021-11-21T18:00:00+00:00,41.862,-87.617,9.0,43.0,29.0,-104.0,15.475,27.675,True,True,False,W,0.961538
2021_11_DAL_KC,2021,11,REG,KC,DAL,2021-11-21T21:25:00+00:00,39.049,-94.484,17.0,56.0,28.0,-115.0,11.475,22.55,True,True,True,W,0.869565
2021_11_DET_CLE,2021,11,REG,CLE,DET,2021-11-21T18:00:00+00:00,41.506,-81.7,7.0,42.5,23.0,-103.0,9.75,24.0,True,True,False,W,0.970874
2021_11_HOU_TEN,2021,11,REG,TEN,HOU,2021-11-21T18:00:00+00:00,36.166,-86.771,8.0,44.5,35.0,-110.0,5.725,18.25,False,True,False,W,0.909091
2021_11_IND_BUF,2021,11,REG,BUF,IND,2021-11-21T18:00:00+00:00,42.774,-78.787,12.0,49.5,56.0,-111.0,14.525000000000002,28.6,True,True,True,L,-1.0
2021_11_MIA_NYJ,2021,11,REG,NYJ,MIA,2021-11-21T18:00:00+00:00,40.813,-74.075,4.0,44.5,41.0,101.0,7.925,19.125,False,True,False,W,1.01
2021_11_NO_PHI,2021,11,REG,PHI,NO,2021-11-21T18:00:00+00:00,39.901,-75.168,4.0,42.5,69.0,-111.0,4.199999999999999,14.4,False,True,False,L,-1.0
2021_11_NYG_TB,2021,11,REG,TB,NYG,2021-11-23T01:15:00+00:00,27.976,-82.503,6.0,49.5,40.0,-102.0,6.175000000000001,20.9,True,True,False,W,0.980392
2021_11_SF_JAX,2021,11,REG,JAX,SF,2021-11-21T18:00:00+00:00,30.324,-81.637,17.0,45.0,40.0,-103.0,8.475000000000001,11.725,False,True,True,W,0.970874
2021_11_WAS_CAR,2021,11,REG,CAR,WAS,2021-11-21T18:00:00+00:00,35.226,-80.853,0.0,43.0,48.0,-108.0,3.575,14.425,False,True,False,L,-1.0
2021_12_ATL_JAX,2021,12,REG,JAX,ATL,2021-11-28T18:00:00+00:00,30.324,-81.637,4.0,46.0,35.0,-108.0,6.7,14.1,False,True,False,W,0.925926
2021_12_CAR_MIA,2021,12,REG,MIA,CAR,2021-11-28T18:00:00+00:00,25.958,-80.239,4.0,41.0,43.0,102.0,1.75,3.475,False,True,False,L,-1.0
2021_12_CLE_BAL,2021,12,REG,BAL,CLE,2021-11-29T01:20:00+00:00,39.278,-76.623,0.0,47.0,26.0,-101.0,2.825,9.875,False,True,False,W,0.990099
2021_12_LAC_DEN,2021,12,REG,DEN,LAC,2021-11-28T21:05:00+00:00,39.744,-105.02,0.0,47.5,41.0,-111.0,8.225,19.075,False,True,False,W,0.900901
2021_12_LA_GB,2021,12,REG,GB,LA,2021-11-28T21:25:00+00:00,44.501,-88.062,14.0,47.0,64.0,-109.0,5.8,16.225,False,True,True,L,-1.0
2021_12_MIN_SF,2021,12,REG,SF,MIN,2021-11-28T21:25:00+00:00,37.403,-121.97,7.0,49.0,60.0,-101.0,4.475,4.725,False,True,False,L,-1.0
2021_12_PHI_NYG,2021,12,REG,NYG,PHI,2021-11-28T18:00:00+00:00,40.813,-74.075,4.0,45.5,20.0,-107.0,2.85,4.55,False,True,False,W,0.934579
2021_12_PIT_CIN,2021,12,REG,CIN,PIT,2021-11-28T18:00:00+00:00,39.096,-84.516,12.0,43.5,51.0,-102.0,12.7,23.25,True,True,True,L,-1.0
2021_12_SEA_WAS,2021,12,REG,WAS,SEA,2021-11-30T01:15:00+00:00,38.908,-76.865,9.0,47.0,32.0,-116.0,2.1500000000000004,5.1,False,True,False,W,0.862069
2021_12_TEN_NE,2021,12,REG,NE,TEN,2021-11-28T18:00:00+00:00,42.091,-71.264,6.0,43.0,49.0,-103.0,4.5,11.65,False,True,False,L,-1.0
2021_13_ARI_CHI,2021,13,REG,CHI,ARI,2021-12-05T18:00:00+00:00,41.862,-87.617,8.0,43.5,55.0,-101.0,7.1,27.05,True,True,False,L,-1.0
2021_13_BAL_PIT,2021,13,REG,PIT,BAL,2021-12-05T21:25:00+00:00,40.447,-80.016,7.0,44.0,39.0,-109.0,5.625,23.775,True,True,False,W,0.917431
2021_13_DEN_KC,2021,13,REG,KC,DEN,2021-12-06T01:20:00+00:00,39.049,-94.484,22.0,46.5,31.0,-108.0,16.35,36.275,True,True,True,W,0.925926
2021_13_LAC_CIN,2021,13,REG,CIN,LAC,2021-12-05T18:00:00+00:00,39.096,-84.516,11.0,49.5,63.0,-101.0,6.675000000000001,20.675,True,True,True,L,-1.0
2021_13_NE_BUF,2021,13,REG,BUF,NE,2021-12-07T01:15:00+00:00,42.774,-78.787,27.0,40.0,24.0,-102.0,21.625,43.225,True,True,True,W,0.980392
2021_13_NYG_MIA,2021,13,REG,MIA,NYG,2021-12-05T18:00:00+00:00,25.958,-80.239,11.0,40.0,29.0,100.0,8.025,9.75,False,True,True,W,1.0
2021_13_PHI_NYJ,2021,13,REG,NYJ,PHI,2021-12-05T18:00:00+00:00,40.813,-74.075,0.0,44.0,51.0,-102.0,3.8,6.225,False,True,False,L,-1.0
2021_13_SF_SEA,2021,13,REG,SEA,SF,2021-12-05T21:25:00+00:00,47.595,-122.332,4.0,44.5,53.0,-103.0,4.574999999999999,6.7250000000000005,False,True,False,L,-1.0
2021_14_ATL_CAR,2021,14,REG,CAR,ATL,2021-12-12T18:00:00+00:00,35.226,-80.853,9.0,41.0,50.0,105.0,5.6,9.125,False,True,False,L,-1.0
2021_14_BAL_CLE,2021,14,REG,CLE,BAL,2021-12-12T18:00:00+00:00,41.506,-81.7,14.0,44.0,46.0,-103.0,14.925,26.5,True,True,True,L,-1.0
2021_14_BUF_TB,2021,14,REG,TB,BUF,2021-12-12T21:25:00+00:00,27.976,-82.503,4.0,52.5,60.0,-101.0,5.449999999999999,8.850000000000001,False,True,False,L,-1.0
2021_14_CHI_GB,2021,14,REG,GB,CHI,2021-12-13T01:20:00+00:00,44.501,-88.062,8.0,43.0,75.0,103.0,9.575,18.075,False,True,False,L,-1.0
2021_14_DAL_WAS,2021,14,REG,WAS,DAL,2021-12-12T18:00:00+00:00,38.908,-76.865,17.0,48.0,47.0,-108.0,9.275,18.125,False,True,True,W,0.925926
2021_14_DET_DEN,2021,14,REG,DEN,DET,2021-12-12T21:05:00+00:00,39.744,-105.02,8.0,42.0,48.0,-106.0,5.525,14.2,False,True,False,L,-1.0
2021_14_JAX_TEN,2021,14,REG,TEN,JAX,2021-12-12T18:00:00+00:00,36.166,-86.771,0.0,44.5,20.0,-108.0,3.0500000000000003,4.425,False,True,False,W,0.925926
2021_14_LV_KC,2021,14,REG,KC,LV,2021-12-12T18:00:00+00:00,39.049,-94.484,19.0,48.0,57.0,-103.0,16.225,28.525,True,True,True,L,-1.0
2021_14_NO_NYJ,2021,14,REG,NYJ,NO,2021-12-12T18:00:00+00:00,40.813,-74.075,13.0,42.0,39.0,-112.0,11.075,23.1,True,True,True,W,0.892857
2021_14_SF_CIN,2021,14,REG,CIN,SF,2021-12-12T21:25:00+00:00,39.096,-84.516,9.0,49.0,49.0,-103.0,5.7,11.625,False,True,False,P,0.0
2021_15_ATL_SF,2021,15,REG,SF,ATL,2021-12-19T21:05:00+00:00,37.403,-121.97,0.0,48.0,44.0,-106.0,1.525,9.325,False,True,False,W,0.943396
2021_15_CAR_BUF,2021,15,REG,BUF,CAR,2021-12-19T18:00:00+00:00,42.774,-78.787,8.0,43.0,45.0,-107.0,6.4,9.15,False,True,False,L,-1.0
2021_15_CIN_DEN,2021,15,REG,DEN,CIN,2021-12-19T21:05:00+00:00,39.744,-105.02,19.0,45.0,25.0,-123.0,8.5,18.75,False,True,True,W,0.813008
2021_15_DAL_NYG,2021,15,REG,NYG,DAL,2021-12-19T18:00:00+00:00,40.813,-74.075,8.0,43.0,27.0,104.0,14.15,23.05,True,True,False,W,1.04
2021_15_GB_BAL,2021,15,REG,BAL,GB,2021-12-19T21:25:00+00:00,39.278,-76.623,11.0,45.5,61.0,-109.0,6.3,16.875,False,True,True,L,-1.0
2021_15_HOU_JAX,2021,15,REG,JAX,HOU,2021-12-19T18:00:00+00:00,30.324,-81.637,12.0,40.0,46.0,-105.0,8.275,16.0,False,True,True,L,-1.0
2021_15_LV_CLE,2021,15,REG,CLE,LV,2021-12-20T22:00:00+00:00,41.506,-81.7,8.0,41.0,30.0,-100.0,11.4,27.025,True,True,False,W,1.0
2021_15_MIN_CHI,2021,15,REG,CHI,MIN,2021-12-21T01:15:00+00:00,41.862,-87.617,8.0,48.0,26.0,-114.0,6.05,16.175,False,True,False,W,0.877193
2021_15_NO_TB,2021,15,REG,TB,NO,2021-12-20T01:20:00+00:00,27.976,-82.503,0.0,45.5,9.0,-101.0,1.525,8.524999999999999,False,True,False,W,0.990099
2021_15_NYJ_MIA,2021,15,REG,MIA,NYJ,2021-12-19T18:00:00+00:00,25.958,-80.239,9.0,42.0,55.0,-104.0,6.1,10.225,False,True,False,L,-1.0
2021_15_TEN_PIT,2021,15,REG,PIT,TEN,2021-12-19T18:00:00+00:00,40.447,-80.016,11.0,44.0,32.0,-105.0,6.675,11.2,False,True,True,W,0.952381
2021_15_WAS_PHI,2021,15,REG,PHI,WAS,2021-12-22T00:00:00+00:00,39.901,-75.168,7.0,39.5,44.0,-110.0,2.675,6.574999999999999,False,True,False,L,-1.0
2021_16_BAL_CIN,2021,16,REG,CIN,BAL,2021-12-26T18:00:00+00:00,39.096,-84.516,0.0,43.0,62.0,102.0,2.075,3.5,False,True,False,L,-1.0
2021_16_BUF_NE,2021,16,REG,NE,BUF,2021-12-26T18:00:00+00:00,42.091,-71.264,13.0,43.5,54.0,-105.0,11.675,25.725,True,True,True,L,-1.0
2021_16_CHI_SEA,2021,16,REG,SEA,CHI,2021-12-26T21:05:00+00:00,47.595,-122.332,11.0,41.0,49.0,-109.0,8.424999999999999,18.75,False,True,True,L,-1.0
2021_16_CLE_GB,2021,16,REG,GB,CLE,2021-12-25T21:30:00+00:00,44.501,-88.062,11.0,46.5,46.0,-100.0,3.825,10.075,False,True,True,W,1.0
2021_16_JAX_NYJ,2021,16,REG,NYJ,JAX,2021-12-26T18:00:00+00:00,40.813,-74.075,0.0,42.5,47.0,106.0,12.75,22.0,True,True,False,L,-1.0
2021_16_NYG_PHI,2021,16,REG,PHI,NYG,2021-12-26T18:00:00+00:00,39.901,-75.168,9.0,41.0,44.0,-105.0,5.9,14.875,False,True,False,L,-1.0
2021_16_PIT_KC,2021,16,REG,KC,PIT,2021-12-26T21:25:00+00:00,39.049,-94.484,22.0,44.0,46.0,-103.0,16.975,33.2,True,True,True,L,-1.0
2021_16_SF_TEN,2021,16,REG,TEN,SF,2021-12-24T01:20:00+00:00,36.166,-86.771,7.0,45.5,37.0,-116.0,4.775,12.375,False,True,False,W,0.862069
2021_16_TB_CAR,2021,16,REG,CAR,TB,2021-12-26T18:00:00+00:00,35.226,-80.853,8.0,44.5,38.0,-113.0,3.2,6.425000000000001,False,True,False,W,0.884956
2021_17_ATL_BUF,2021,17,REG,BUF,ATL,2022-01-02T18:00:00+00:00,42.774,-78.787,11.0,46.5,44.0,-103.0,7.45,11.8,False,True,True,W,0.970874
2021_17_CLE_PIT,2021,17,REG,PIT,CLE,2022-01-04T01:15:00+00:00,40.447,-80.016,12.0,43.5,40.0,-111.0,3.7,9.725,False,True,True,W,0.900901
2021_17_DET_SEA,2021,17,REG,SEA,DET,2022-01-02T21:25:00+00:00,47.595,-122.332,0.0,41.5,80.0,-111.0,6.1,20.125,True,True,False,L,-1.0
2021_17_HOU_SF,2021,17,REG,SF,HOU,2022-01-02T21:05:00+00:00,37.403,-121.97,6.0,44.0,30.0,-102.0,5.55,12.2,False,True,False,W,0.980392
2021_17_JAX_NE,2021,17,REG,NE,JAX,2022-01-02T18:00:00+00:00,42.091,-71.264,4.0,42.0,60.0,-108.0,4.574999999999999,12.425,False,True,False,L,-1.0
2021_17_KC_CIN,2021,17,REG,CIN,KC,2022-01-02T18:00:00+00:00,39.096,-84.516,13.0,51.0,65.0,-102.0,8.424999999999999,13.675,False,True,True,L,-1.0
2021_17_LA_BAL,2021,17,REG,BAL,LA,2022-01-02T18:00:00+00:00,39.278,-76.623,6.0,47.0,39.0,-108.0,6.65,19.5,False,True,False,W,0.925926
2021_17_MIA_TEN,2021,17,REG,TEN,MIA,2022-01-02T18:00:00+00:00,36.166,-86.771,13.0,41.0,37.0,-104.0,7.949999999999999,12.675,False,True,True,W,0.961538
2021_17_MIN_GB,2021,17,REG,GB,MIN,2022-01-03T01:20:00+00:00,44.501,-88.062,9.0,42.0,47.0,-100.0,3.5,9.825,False,True,False,L,-1.0
2021_17_NYG_CHI,2021,17,REG,CHI,NYG,2022-01-02T18:00:00+00:00,41.862,-87.617,13.0,36.5,32.0,-102.0,9.275,16.05,False,True,True,W,0.980392
2021_17_PHI_WAS,2021,17,REG,WAS,PHI,2022-01-02T18:00:00+00:00,38.908,-76.865,4.0,44.5,36.0,102.0,4.2,12.85,False,True,False,W,1.02
2021_17_TB_NYJ,2021,17,REG,NYJ,TB,2022-01-02T18:00:00+00:00,40.813,-74.075,9.0,48.0,52.0,-104.0,7.15,15.9,False,True,False,L,-1.0
2021_18_CAR_TB,2021,18,REG,TB,CAR,2022-01-09T21:25:00+00:00,27.976,-82.503,4.0,43.0,58.0,-105.0,3.35,5.699999999999999,False,True,False,L,-1.0
2021_18_CIN_CLE,2021,18,REG,CLE,CIN,2022-01-09T18:00:00+00:00,41.506,-81.7,22.0,38.0,37.0,-110.0,18.1,30.200000000000003,True,True,True,W,0.909091
2021_18_DAL_PHI,2021,18,REG,PHI,DAL,2022-01-09T01:15:00+00:00,39.901,-75.168,8.0,46.0,77.0,-110.0,2.95,7.875,False,True,False,L,-1.0
2021_18_IND_JAX,2021,18,REG,JAX,IND,2022-01-09T18:00:00+00:00,30.324,-81.637,19.0,43.0,37.0,-110.0,8.875,12.05,False,True,True,W,0.909091
2021_18_KC_DEN,2021,18,REG,DEN,KC,2022-01-08T21:30:00+00:00,39.744,-105.02,4.0,44.5,52.0,-110.0,8.725,13.425,False,True,False,L,-1.0
2021_18_NE_MIA,2021,18,REG,MIA,NE,2022-01-09T21:25:00+00:00,25.958,-80.239,8.0,41.0,57.0,-110.0,6.300000000000001,14.45,False,True,False,L,-1.0
2021_18_NYJ_BUF,2021,18,REG,BUF,NYJ,2022-01-09T21:25:00+00:00,42.774,-78.787,19.0,43.0,37.0,-110.0,19.55,36.725,True,True,True,W,0.909091
2021_18_PIT_BAL,2021,18,REG,BAL,PIT,2022-01-09T18:00:00+00:00,39.278,-76.623,0.0,41.0,29.0,-115.0,3.125,14.475,False,True,False,W,0.869565
2021_18_WAS_NYG,2021,18,REG,NYG,WAS,2022-01-09T18:00:00+00:00,40.813,-74.075,0.0,36.0,29.0,-100.0,9.25,27.025,True,True,False,W,1.0
2021_19_LV_CIN,2021,19,WC,CIN,LV,2022-01-15T21:30:00+00:00,39.096,-84.516,12.0,48.5,45.0,-106.0,8.3,14.125,False,True,True,W,0.943396
2021_19_NE_BUF,2021,19,WC,BUF,NE,2022-01-16T01:15:00+00:00,42.774,-78.787,8.0,43.0,64.0,-111.0,6.375000000000001,14.025,False,True,False,L,-1.0
2021_19_PHI_TB,2021,19,WC,TB,PHI,2022-01-16T18:00:00+00:00,27.976,-82.503,21.0,45.5,46.0,100.0,15.15,30.700000000000003,True,True,True,L,-1.0
2021_19_PIT_KC,2021,19,WC,KC,PIT,2022-01-17T01:15:00+00:00,39.049,-94.484,8.0,46.0,63.0,-107.0,4.15,9.55,False,True,False,L,-1.0
2021_20_BUF_KC,2021,20,DIV,KC,BUF,2022-01-23T23:30:00+00:00,39.049,-94.484,6.0,54.0,78.0,-105.0,5.199999999999999,12.925,False,True,False,L,-1.0
2021_20_CIN_TEN,2021,20,DIV,TEN,CIN,2022-01-22T21:30:00+00:00,36.166,-86.771,0.0,48.5,35.0,-102.0,2.975,6.3500000000000005,False,True,False,W,0.980392
2021_20_LA_TB,2021,20,DIV,TB,LA,2022-01-23T20:00:00+00:00,27.976,-82.503,11.0,48.0,57.0,-102.0,7.45,12.725,False,True,True,L,-1.0
2021_20_SF_GB,2021,20,DIV,GB,SF,2022-01-23T01:15:00+00:00,44.501,-88.062,12.0,47.0,23.0,-104.0,7.425,17.45,False,True,True,W,0.961538
2021_21_CIN_KC,2021,21,CON,KC,CIN,2022-01-30T20:00:00+00:00,39.049,-94.484,4.0,54.5,51.0,-110.0,2.8,7.45,False,True,False,W,0.909091
2022_01_BAL_NYJ,2022,1,REG,NYJ,BAL,2022-09-11T17:00:00+00:00,40.813,-74.075,,44.0,33.0,-109.0,3.125,4.25,False,True,False,W,0.917431
2022_01_CLE_CAR,2022,1,REG,CAR,CLE,2022-09-11T17:00:00+00:00,35.226,-80.853,,42.5,50.0,-113.0,5.625,9.3,False,True,False,L,-1.0
2022_01_DEN_SEA,2022,1,REG,SEA,DEN,2022-09-13T00:15:00+00:00,47.595,-122.332,,44.0,33.0,-115.0,2.725,4.9,False,True,False,W,0.869565
2022_01_JAX_WAS,2022,1,REG,WAS,JAX,2022-09-11T17:00:00+00:00,38.908,-76.865,,43.5,50.0,-110.0,3.8,8.025,False,True,False,L,-1.0
2022_01_NE_MIA,2022,1,REG,MIA,NE,2022-09-11T17:00:00+00:00,25.958,-80.239,,47.0,27.0,-109.0,8.8,10.675,False,True,False,W,0.917431
2022_01_NYG_TEN,2022,1,REG,TEN,NYG,2022-09-11T20:25:00+00:00,36.166,-86.771,,43.5,41.0,-101.0,3.575,11.2,False,True,False,W,0.990099
2022_01_PIT_CIN,2022,1,REG,CIN,PIT,2022-09-11T17:00:00+00:00,39.096,-84.516,,44.5,43.0,101.0,6.9,12.9,False,True,False,W,1.01
2022_01_SF_CHI,2022,1,REG,CHI,SF,2022-09-11T17:00:00+00:00,41.862,-87.617,,38.0,29.0,-103.0,7.0,15.925,False,True,False,W,0.970874
2022_02_CAR_NYG,2022,2,REG,NYG,CAR,2022-09-18T17:00:00+00:00,40.813,-74.075,,44.0,35.0,-102.0,10.6,16.475,True,True,False,W,0.980392
2022_02_CHI_GB,2022,2,REG,GB,CHI,2022-09-19T00:20:00+00:00,44.501,-88.062,,42.0,37.0,-104.0,4.3500000000000005,10.775,False,True,False,W,0.961538
2022_02_HOU_DEN,2022,2,REG,DEN,HOU,2022-09-18T20:25:00+00:00,39.744,-105.02,,46.0,25.0,-110.0,10.225,15.15,True,True,False,W,0.909091
2022_02_IND_JAX,2022,2,REG,JAX,IND,2022-09-18T17:00:00+00:00,30.324,-81.637,,43.5,24.0,-104.0,9.475,15.55,False,True,False,W,0.961538
2022_02_LAC_KC,2022,2,REG,KC,LAC,2022-09-16T00:15:00+00:00,39.049,-94.484,,52.5,51.0,-101.0,9.225,15.925,False,True,False,W,0.990099
2022_02_MIA_BAL,2022,2,REG,BAL,MIA,2022-09-18T17:00:00+00:00,39.278,-76.623,,44.0,80.0,-114.0,4.9,6.699999999999999,False,True,False,L,-1.0
2022_02_MIN_PHI,2022,2,REG,PHI,MIN,2022-09-20T00:30:00+00:00,39.901,-75.168,,49.5,31.0,-115.0,1.475,3.125,False,True,False,W,0.869565
2022_02_NE_PIT,2022,2,REG,PIT,NE,2022-09-18T17:00:00+00:00,40.447,-80.016,,40.0,31.0,-101.0,9.375,14.9,False,True,False,W,0.990099
2022_02_NYJ_CLE,2022,2,REG,CLE,NYJ,2022-09-18T17:00:00+00:00,41.506,-81.7,,38.5,61.0,-107.0,11.4,16.225,True,True,False,L,-1.0
2022_02_SEA_SF,2022,2,REG,SF,SEA,2022-09-18T20:05:00+00:00,37.403,-121.97,,40.0,34.0,-112.0,12.95,25.8,True,True,False,W,0.892857
2022_02_TEN_BUF,2022,2,REG,BUF,TEN,2022-09-19T23:15:00+00:00,42.774,-78.787,,47.5,48.0,-108.0,7.475,23.35,True,True,False,L,-1.0
2022_03_ATL_SEA,2022,3,REG,SEA,ATL,2022-09-25T20:25:00+00:00,47.595,-122.332,,43.0,50.0,103.0,5.75,7.425000000000001,False,True,False,L,-1.0
2022_03_BAL_NE,2022,3,REG,NE,BAL,2022-09-25T17:00:00+00:00,42.091,-71.264,,45.5,63.0,-109.0,9.25,20.025,True,True,False,L,-1.0
2022_03_BUF_MIA,2022,3,REG,MIA,BUF,2022-09-25T17:00:00+00:00,25.958,-80.239,,54.0,40.0,-103.0,5.75,6.825,False,True,False,W,0.970874
2022_03_CIN_NYJ,2022,3,REG,NYJ,CIN,2022-09-25T17:00:00+00:00,40.813,-74.075,,46.0,39.0,-106.0,7.6,17.375,False,True,False,W,0.943396
2022_03_DAL_NYG,2022,3,REG,NYG,DAL,2022-09-27T00:15:00+00:00,40.813,-74.075,,38.5,39.0,-102.0,4.425,12.3,False,True,False,L,-1.0
2022_03_GB_TB,2022,3,REG,TB,GB,2022-09-25T20:25:00+00:00,27.976,-82.503,,41.5,26.0,-103.0,4.8500000000000005,7.0,False,True,False,W,0.970874
2022_03_HOU_CHI,2022,3,REG,CHI,HOU,2022-09-25T17:00:00+00:00,41.862,-87.617,,40.0,43.0,-107.0,10.225,17.275,True,True,False,L,-1.0
2022_03_LV_TEN,2022,3,REG,TEN,LV,2022-09-25T17:00:00+00:00,36.166,-86.771,,45.5,46.0,-109.0,7.800000000000001,17.1,False,True,False,L,-1.0
2022_03_NO_CAR,2022,3,REG,CAR,NO,2022-09-25T17:00:00+00:00,35.226,-80.853,,41.0,36.0,-112.0,7.05,20.625,True,True,False,W,0.892857
2022_03_PHI_WAS,2022,3,REG,WAS,PHI,2022-09-25T17:00:00+00:00,38.908,-76.865,,47.0,32.0,-101.0,9.2,21.800000000000004,True,True,False,W,0.990099
2022_03_PIT_CLE,2022,3,REG,CLE,PIT,2022-09-23T00:15:00+00:00,41.506,-81.7,,38.0,46.0,-107.0,19.3,25.0,True,True,False,L,-1.0
2022_03_SF_DEN,2022,3,REG,DEN,SF,2022-09-26T00:20:00+00:00,39.744,-105.02,,44.0,21.0,101.0,4.925,7.500000000000001,False,True,False,W,1.01
2022_04_ARI_CAR,2022,4,REG,CAR,ARI,2022-10-02T20:05:00+00:00,35.226,-80.853,,44.0,42.0,-113.0,6.9,18.025,False,True,False,W,0.884956
2022_04_BUF_BAL,2022,4,REG,BAL,BUF,2022-10-02T17:00:00+00:00,39.278,-76.623,,50.0,43.0,-103.0,7.950000000000001,30.075000000000003,True,True,False,W,0.970874
2022_04_CHI_NYG,2022,4,REG,NYG,CHI,2022-10-02T17:00:00+00:00,40.813,-74.075,,39.0,32.0,-103.0,11.475,24.275,True,True,False,W,0.970874
2022_04_JAX_PHI,2022,4,REG,PHI,JAX,2022-10-02T17:00:00+00:00,39.901,-75.168,,44.0,50.0,-102.0,14.05,33.5,True,True,False,L,-1.0
2022_04_KC_TB,2022,4,REG,TB,KC,2022-10-03T00:20:00+00:00,27.976,-82.503,,46.5,72.0,102.0,3.425,12.425,False,True,False,L,-1.0
2022_04_LA_SF,2022,4,REG,SF,LA,2022-10-04T00:15:00+00:00,37.403,-121.97,,42.0,33.0,-109.0,11.35,16.05,True,True,False,W,0.917431
2022_04_MIA_CIN,2022,4,REG,CIN,MIA,2022-09-30T00:15:00+00:00,39.096,-84.516,,48.5,42.0,-103.0,3.625,10.225,False,True,False,W,0.970874
2022_04_MIN_NO,2022,4,REG,NO,MIN,2022-10-02T13:30:00+00:00,51.604,-0.066,,42.0,53.0,-110.0,7.125,17.650000000000002,False,True,False,L,-1.0
2022_04_NE_GB,2022,4,REG,GB,NE,2022-10-02T20:25:00+00:00,44.501,-88.062,,40.5,51.0,-111.0,7.025,10.175,False,True,False,L,-1.0
2022_04_NYJ_PIT,2022,4,REG,PIT,NYJ,2022-10-02T17:00:00+00:00,40.447,-80.016,,41.0,44.0,102.0,7.025,15.075,False,True,False,L,-1.0
2022_05_ATL_TB,2022,5,REG,TB,ATL,2022-10-09T17:00:00+00:00,27.976,-82.503,,46.0,36.0,101.0,6.375,7.274999999999999,False,True,False,W,1.01
2022_05_CIN_BAL,2022,5,REG,BAL,CIN,2022-10-10T00:20:00+00:00,39.278,-76.623,,47.5,36.0,-104.0,2.625,4.775,False,True,False,W,0.961538
2022_05_DET_NE,2022,5,REG,NE,DET,2022-10-09T17:00:00+00:00,42.091,-71.264,,46.5,29.0,101.0,10.95,19.35,True,True,False,W,1.01
2022_05_HOU_JAX,2022,5,REG,JAX,HOU,2022-10-09T17:00:00+00:00,30.324,-81.637,,44.0,19.0,-112.0,6.425000000000001,7.45,False,True,False,W,0.892857
2022_05_IND_DEN,2022,5,REG,DEN,IND,2022-10-07T00:15:00+00:00,39.744,-105.02,,42.0,21.0,-106.0,4.824999999999999,6.950000000000001,False,True,False,W,0.943396
2022_05_LAC_CLE,2022,5,REG,CLE,LAC,2022-10-09T17:00:00+00:00,41.506,-81.7,,47.0,58.0,-114.0,11.7,17.0,True,True,False,L,-1.0
2022_05_LV_KC,2022,5,REG,KC,LV,2022-10-11T00:15:00+00:00,39.049,-94.484,,51.5,59.0,-109.0,7.45,13.85,False,True,False,L,-1.0
2022_05_MIA_NYJ,2022,5,REG,NYJ,MIA,2022-10-09T17:00:00+00:00,40.813,-74.075,,46.0,57.0,-101.0,10.175,15.575,True,True,False,L,-1.0
2022_05_NYG_GB,2022,5,REG,GB,NYG,2022-10-09T13:30:00+00:00,51.604,-0.066,,42.0,49.0,-110.0,8.05,18.800000000000004,False,True,False,L,-1.0
2022_05_PIT_BUF,2022,5,REG,BUF,PIT,2022-10-09T17:00:00+00:00,42.774,-78.787,,44.0,41.0,-103.0,16.075000000000003,25.725,True,True,False,W,0.970874
2022_05_SF_CAR,2022,5,REG,CAR,SF,2022-10-09T20:05:00+00:00,35.226,-80.853,,40.0,52.0,-104.0,3.175,4.875,False,True,False,L,-1.0
2022_05_TEN_WAS,2022,5,REG,WAS,TEN,2022-10-09T17:00:00+00:00,38.908,-76.865,,43.0,38.0,-106.0,7.7,13.075,False,True,False,W,0.943396
2022_06_ARI_SEA,2022,6,REG,SEA,ARI,2022-10-16T20:05:00+00:00,47.595,-122.332,,50.0,28.0,-102.0,3.825,7.475,False,True,False,W,0.980392
2022_06_BAL_NYG,2022,6,REG,NYG,BAL,2022-10-16T17:00:00+00:00,40.813,-74.075,,46.0,44.0,-110.0,3.225,7.55,False,True,False,W,0.909091
2022_06_BUF_KC,2022,6,REG,KC,BUF,2022-10-16T20:25:00+00:00,39.049,-94.484,,54.0,44.0,-105.0,12.425,22.225,True,True,False,W,0.952381
2022_06_DAL_PHI,2022,6,REG,PHI,DAL,2022-10-17T00:20:00+00:00,39.901,-75.168,,42.5,43.0,-104.0,1.925,3.5,False,True,False,L,-1.0
2022_06_MIN_MIA,2022,6,REG,MIA,MIN,2022-10-16T17:00:00+00:00,25.958,-80.239,,45.0,40.0,-107.0,10.45,13.4,True,True,False,W,0.934579
2022_06_NE_CLE,2022,6,REG,CLE,NE,2022-10-16T17:00:00+00:00,41.506,-81.7,,43.0,53.0,-104.0,8.35,19.85,False,True,False,L,-1.0
2022_06_NYJ_GB,2022,6,REG,GB,NYJ,2022-10-16T17:00:00+00:00,44.501,-88.062,,44.5,37.0,-101.0,8.575,15.25,False,True,False,W,0.990099
2022_06_TB_PIT,2022,6,REG,PIT,TB,2022-10-16T17:00:00+00:00,40.447,-80.016,,47.0,38.0,-117.0,8.625,16.675,False,True,False,W,0.854701
2022_06_WAS_CHI,2022,6,REG,CHI,WAS,2022-10-14T00:15:00+00:00,41.862,-87.617,,38.5,19.0,-105.0,8.15,21.875,True,True,False,W,0.952381
2022_07_ATL_CIN,2022,7,REG,CIN,ATL,2022-10-23T17:00:00+00:00,39.096,-84.516,,47.5,52.0,100.0,9.125,14.750000000000002,False,True,False,L,-1.0
2022_07_CHI_NE,2022,7,REG,NE,CHI,2022-10-25T00:15:00+00:00,42.091,-71.264,,40.0,47.0,-106.0,4.225,9.95,False,True,False,L,-1.0
2022_07_CLE_BAL,2022,7,REG,BAL,CLE,2022-10-23T17:00:00+00:00,39.278,-76.623,,46.0,43.0,-100.0,7.775,13.65,False,True,False,W,1.0
2022_07_GB_WAS,2022,7,REG,WAS,GB,2022-10-23T17:00:00+00:00,38.908,-76.865,,41.5,44.0,-105.0,6.825000000000001,15.7,False,True,False,L,-1.0
2022_07_IND_TEN,2022,7,REG,TEN,IND,2022-10-23T17:00:00+00:00,36.166,-86.771,,43.0,29.0,-104.0,10.425,14.250000000000002,True,True,False,W,0.961538
2022_07_KC_SF,2022,7,REG,SF,KC,2022-10-23T20:25:00+00:00,37.403,-121.97,,49.0,67.0,-114.0,11.25,16.424999999999997,True,True,False,L,-1.0
2022_07_NYG_JAX,2022,7,REG,JAX,NYG,2022-10-23T17:00:00+00:00,30.324,-81.637,,44.0,40.0,-105.0,8.525,9.7,False,True,False,W,0.952381
2022_07_NYJ_DEN,2022,7,REG,DEN,NYJ,2022-10-23T20:05:00+00:00,39.744,-105.02,,37.0,25.0,-114.0,13.75,23.7,True,True,False,W,0.877193
2022_07_PIT_MIA,2022,7,REG,MIA,PIT,2022-10-24T00:20:00+00:00,25.958,-80.239,,44.5,26.0,-107.0,2.6,13.8,False,True,False,W,0.934579
2022_07_TB_CAR,2022,7,REG,CAR,TB,2022-10-23T17:00:00+00:00,35.226,-80.853,,39.5,24.0,-116.0,3.75,5.925,False,True,False,W,0.862069
2022_08_BAL_TB,2022,8,REG,TB,BAL,2022-10-28T00:15:00+00:00,27.976,-82.503,,46.0,49.0,-102.0,2.175,6.525,False,True,False,L,-1.0
2022_08_CIN_CLE,2022,8,REG,CLE,CIN,2022-11-01T00:15:00+00:00,41.506,-81.7,9.0,45.0,45.0,-102.0,5.2250000000000005,9.625,False,True,False,P,0.0
2022_08_DEN_JAX,2022,8,REG,JAX,DEN,2022-10-30T13:30:00+00:00,51.556,-0.28,,41.0,38.0,-103.0,11.175,23.975,True,True,False,W,0.970874
2022_08_GB_BUF,2022,8,REG,BUF,GB,2022-10-31T00:20:00+00:00,42.774,-78.787,,47.0,44.0,-104.0,5.7,5.675,False,True,False,W,0.961538
2022_08_NE_NYJ,2022,8,REG,NYJ,NE,2022-10-30T17:00:00+00:00,40.813,-74.075,,40.0,39.0,-102.0,1.5750000000000002,5.05,False,True,False,W,0.980392
2022_08_NYG_SEA,2022,8,REG,SEA,NYG,2022-10-30T20:25:00+00:00,47.595,-122.332,,44.5,40.0,-110.0,9.3,25.075,True,True,False,W,0.909091
2022_08_PIT_PHI,2022,8,REG,PHI,PIT,2022-10-30T17:00:00+00:00,39.901,-75.168,,43.0,48.0,-110.0,1.95,6.375,False,True,False,L,-1.0
2022_09_BUF_NYJ,2022,9,REG,NYJ,BUF,2022-11-06T18:00:00+00:00,40.813,-74.075,17.0,46.0,37.0,-102.0,4.65,11.35,False,True,True,W,0.980392
2022_09_CAR_CIN,2022,9,REG,CIN,CAR,2022-11-06T18:00:00+00:00,39.096,-84.516,11.0,43.0,63.0,-114.0,9.075,19.325000000000003,False,True,True,L,-1.0
2022_09_IND_NE,2022,9,REG,NE,IND,2022-11-06T18:00:00+00:00,42.091,-71.264,13.0,40.0,29.0,-109.0,13.075,26.85,True,True,True,W,0.917431
2022_09_LA_TB,2022,9,REG,TB,LA,2022-11-06T21:25:00+00:00,27.976,-82.503,2.0,43.0,29.0,-108.0,7.750000000000001,16.2,False,True,False,W,0.925926
2022_09_LV_JAX,2022,9,REG,JAX,LV,2022-11-06T18:00:00+00:00,30.324,-81.637,14.0,47.5,47.0,105.0,9.475,15.15,False,True,True,W,1.05
2022_09_MIA_CHI,2022,9,REG,CHI,MIA,2022-11-06T18:00:00+00:00,41.862,-87.617,17.0,46.0,67.0,-104.0,12.75,23.05,True,True,True,L,-1.0
2022_09_MIN_WAS,2022,9,REG,WAS,MIN,2022-11-06T18:00:00+00:00,38.908,-76.865,11.0,43.5,37.0,-106.0,7.625,16.525,False,True,True,W,0.943396
2022_09_TEN_KC,2022,9,REG,KC,TEN,2022-11-07T01:20:00+00:00,39.049,-94.484,7.0,45.0,37.0,-106.0,7.3,15.225,False,True,False,W,0.943396
2022_10_ATL_CAR,2022,10,REG,CAR,ATL,2022-11-11T01:15:00+00:00,35.226,-80.853,12.0,41.5,40.0,-106.0,7.774999999999999,22.475,True,True,True,W,0.943396
2022_10_CLE_MIA,2022,10,REG,MIA,CLE,2022-11-13T18:00:00+00:00,25.958,-80.239,7.0,49.0,56.0,-102.0,5.65,7.775,False,True,False,L,-1.0
2022_10_DAL_GB,2022,10,REG,GB,DAL,2022-11-13T21:25:00+00:00,44.501,-88.062,8.0,44.5,59.0,-104.0,3.775,7.924999999999999,False,True,False,L,-1.0
2022_10_DEN_TEN,2022,10,REG,TEN,DEN,2022-11-13T18:00:00+00:00,36.166,-86.771,9.0,40.0,27.0,-107.0,5.35,8.425,False,True,False,W,0.934579
2022_10_DET_CHI,2022,10,REG,CHI,DET,2022-11-13T18:00:00+00:00,41.862,-87.617,13.0,48.5,61.0,-114.0,6.35,8.775,False,True,True,L,-1.0
2022_10_HOU_NYG,2022,10,REG,NYG,HOU,2022-11-13T18:00:00+00:00,40.813,-74.075,15.0,41.5,40.0,-109.0,12.675,20.175,True,True,True,W,0.917431
2022_10_JAX_KC,2022,10,REG,KC,JAX,2022-11-13T18:00:00+00:00,39.049,-94.484,7.0,51.5,44.0,-110.0,5.9,7.375,False,True,False,W,0.909091
2022_10_LAC_SF,2022,10,REG,SF,LAC,2022-11-14T01:20:00+00:00,37.403,-121.97,6.0,45.5,38.0,101.0,3.95,7.275,False,True,False,W,1.01
2022_10_MIN_BUF,2022,10,REG,BUF,MIN,2022-11-13T18:00:00+00:00,42.774,-78.787,11.0,47.0,63.0,-105.0,10.7,18.0,True,True,True,L,-1.0
2022_10_NO_PIT,2022,10,REG,PIT,NO,2022-11-13T18:00:00+00:00,40.447,-80.016,15.0,39.5,30.0,-104.0,9.375,17.5,False,True,True,W,0.961538
2022_10_SEA_TB,2022,10,REG,TB,SEA,2022-11-13T14:30:00+00:00,48.219,11.625,,45.0,37.0,-104.0,3.225,7.675,False,True,False,W,0.961538
2022_10_WAS_PHI,2022,10,REG,PHI,WAS,2022-11-15T01:15:00+00:00,39.901,-75.168,6.0,43.0,53.0,-103.0,4.425,8.275,False,True,False,L,-1.0
2022_11_CAR_BAL,2022,11,REG,BAL,CAR,2022-11-20T18:00:00+00:00,39.278,-76.623,2.0,42.0,16.0,-112.0,13.95,25.475,True,True,False,W,0.892857
2022_11_CIN_PIT,2022,11,REG,PIT,CIN,2022-11-20T21:25:00+00:00,40.447,-80.016,12.0,39.0,67.0,100.0,7.175,15.474999999999998,False,True,True,L,-1.0
2022_11_DET_NYG,2022,11,REG,NYG,DET,2022-11-20T18:00:00+00:00,40.813,-74.075,21.0,44.0,49.0,103.0,15.85,29.625,True,True,True,L,-1.0
2022_11_LV_DEN,2022,11,REG,DEN,LV,2022-11-20T21:05:00+00:00,39.744,-105.02,11.0,41.5,38.0,-113.0,4.6,6.175,False,True,True,W,0.884956
2022_11_NYJ_NE,2022,11,REG,NE,NYJ,2022-11-20T18:00:00+00:00,42.091,-71.264,2.0,38.5,13.0,-103.0,16.775,30.65,True,True,False,W,0.970874
2022_11_SF_ARI,2022,11,REG,ARI,SF,2022-11-22T01:15:00+00:00,19.303,-99.15,,43.5,48.0,-114.0,3.125,10.575,False,True,False,L,-1.0
2022_11_TEN_GB,2022,11,REG,GB,TEN,2022-11-18T01:15:00+00:00,44.501,-88.062,11.0,40.5,44.0,-109.0,9.25,24.95,True,True,True,L,-1.0
2022_12_ATL_WAS,2022,12,REG,WAS,ATL,2022-11-27T18:00:00+00:00,38.908,-76.865,9.0,40.5,32.0,-114.0,5.15,18.35,False,True,False,W,0.877193
2022_12_BAL_JAX,2022,12,REG,JAX,BAL,2022-11-27T18:00:00+00:00,30.324,-81.637,19.0,43.0,55.0,-102.0,13.65,29.65,True,True,True,L,-1.0
2022_12_CHI_NYJ,2022,12,REG,NYJ,CHI,2022-11-27T18:00:00+00:00,40.813,-74.075,9.0,36.5,41.0,-103.0,5.775,17.425,False,True,False,L,-1.0
2022_12_CIN_TEN,2022,12,REG,TEN,CIN,2022-11-27T18:00:00+00:00,36.166,-86.771,14.0,43.0,36.0,-118.0,10.775,23.700000000000003,True,True,True,W,0.847458
2022_12_DEN_CAR,2022,12,REG,CAR,DEN,2022-11-27T18:00:00+00:00,35.226,-80.853,15.0,36.5,33.0,-111.0,10.6,33.225,True,True,True,W,0.900901
2022_12_GB_PHI,2022,12,REG,PHI,GB,2022-11-28T01:20:00+00:00,39.901,-75.168,24.0,46.0,73.0,-106.0,9.5,25.775,True,True,True,L,-1.0
2022_12_HOU_MIA,2022,12,REG,MIA,HOU,2022-11-27T18:00:00+00:00,25.958,-80.239,13.0,47.0,45.0,-103.0,6.5,10.05,False,True,True,W,0.970874
2022_12_LA_KC,2022,12,REG,KC,LA,2022-11-27T21:25:00+00:00,39.049,-94.484,6.0,42.0,36.0,-108.0,6.025,13.525,False,True,False,W,0.925926
2022_12_LV_SEA,2022,12,REG,SEA,LV,2022-11-27T21:05:00+00:00,47.595,-122.332,8.0,47.5,74.0,-103.0,8.65,12.85,False,True,False,L,-1.0
2022_12_NO_SF,2022,12,REG,SF,NO,2022-11-27T21:25:00+00:00,37.403,-121.97,2.0,44.0,13.0,-116.0,6.275,7.225,False,True,False,W,0.862069
2022_12_TB_CLE,2022,12,REG,CLE,TB,2022-11-27T18:00:00+00:00,41.506,-81.7,14.0,42.0,40.0,-103.0,11.0,28.075000000000003,True,True,True,W,0.970874
2022_13_BUF_NE,2022,13,REG,NE,BUF,2022-12-02T01:15:00+00:00,42.091,-71.264,2.0,43.5,34.0,-103.0,6.5,19.075,False,True,False,W,0.970874
2022_13_DEN_BAL,2022,13,REG,BAL,DEN,2022-12-04T18:00:00+00:00,39.278,-76.623,8.0,40.5,19.0,100.0,2.925,11.075,False,True,False,W,1.0
2022_13_GB_CHI,2022,13,REG,CHI,GB,2022-12-04T18:00:00+00:00,41.862,-87.617,12.0,45.0,47.0,-114.0,12.825,23.825,True,True,True,L,-1.0
2022_13_KC_CIN,2022,13,REG,CIN,KC,2022-12-04T21:25:00+00:00,39.096,-84.516,2.0,53.0,51.0,-107.0,2.425,4.2,False,True,False,W,0.934579
2022_13_MIA_SF,2022,13,REG,SF,MIA,2022-12-04T21:05:00+00:00,37.403,-121.97,6.0,46.0,50.0,-110.0,7.55,10.4,False,True,False,L,-1.0
2022_13_NO_TB,2022,13,REG,TB,NO,2022-12-06T01:15:00+00:00,27.976,-82.503,2.0,41.0,33.0,-107.0,2.475,5.550000000000001,False,True,False,W,0.934579
2022_13_TEN_PHI,2022,13,REG,PHI,TEN,2022-12-04T18:00:00+00:00,39.901,-75.168,7.0,44.5,45.0,101.0,5.375000000000001,10.025,False,True,False,L,-1.0
2022_13_WAS_NYG,2022,13,REG,NYG,WAS,2022-12-04T18:00:00+00:00,40.813,-74.075,9.0,40.0,40.0,-104.0,6.125000000000001,12.575,False,True,False,P,0.0
2022_14_BAL_PIT,2022,14,REG,PIT,BAL,2022-12-11T18:00:00+00:00,40.447,-80.016,12.0,37.0,30.0,-114.0,6.7250000000000005,13.525,False,True,True,W,0.877193
2022_14_CAR_SEA,2022,14,REG,SEA,CAR,2022-12-11T21:25:00+00:00,47.595,-122.332,4.0,44.5,54.0,-109.0,5.7250000000000005,11.8,False,True,False,L,-1.0
2022_14_CLE_CIN,2022,14,REG,CIN,CLE,2022-12-11T18:00:00+00:00,39.096,-84.516,8.0,47.0,33.0,-108.0,5.3500000000000005,6.775,False,True,False,W,0.925926
2022_14_JAX_TEN,2022,14,REG,TEN,JAX,2022-12-11T18:00:00+00:00,36.166,-86.771,8.0,42.0,58.0,-112.0,4.95,8.425,False,True,False,L,-1.0
2022_14_KC_DEN,2022,14,REG,DEN,KC,2022-12-11T21:05:00+00:00,39.744,-105.02,4.0,44.5,62.0,-112.0,10.2,15.325,True,True,False,L,-1.0
2022_14_NYJ_BUF,2022,14,REG,BUF,NYJ,2022-12-11T18:00:00+00:00,42.774,-78.787,11.0,43.5,32.0,-104.0,8.975,16.675,False,True,True,W,0.961538
2022_14_PHI_NYG,2022,14,REG,NYG,PHI,2022-12-11T18:00:00+00:00,40.813,-74.075,6.0,44.5,70.0,-109.0,6.45,14.05,False,True,False,L,-1.0
2022_14_TB_SF,2022,14,REG,SF,TB,2022-12-11T21:25:00+00:00,37.403,-121.97,8.0,38.0,42.0,104.0,8.15,14.025,False,True,False,L,-1.0
2022_15_ARI_DEN,2022,15,REG,DEN,ARI,2022-12-18T21:05:00+00:00,39.744,-105.02,4.0,37.5,39.0,-110.0,3.425,5.800000000000001,False,True,False,L,-1.0
2022_15_BAL_CLE,2022,15,REG,CLE,BAL,2022-12-17T21:30:00+00:00,41.506,-81.7,12.0,39.5,16.0,-107.0,9.1,17.525000000000002,False,True,True,W,0.934579
2022_15_CIN_TB,2022,15,REG,TB,CIN,2022-12-18T21:25:00+00:00,27.976,-82.503,6.0,47.0,57.0,101.0,5.15,12.7,False,True,False,L,-1.0
2022_15_DAL_JAX,2022,15,REG,JAX,DAL,2022-12-18T18:00:00+00:00,30.324,-81.637,9.0,48.5,74.0,-103.0,8.1,15.575,False,True,False,L,-1.0
2022_15_DET_NYJ,2022,15,REG,NYJ,DET,2022-12-18T18:00:00+00:00,40.813,-74.075,13.0,44.0,37.0,-109.0,9.9,16.575000000000003,False,True,True,W,0.917431
2022_15_LA_GB,2022,15,REG,GB,LA,2022-12-20T01:15:00+00:00,44.501,-88.062,4.0,39.5,36.0,-101.0,1.7999999999999998,9.775,False,True,False,W,0.990099
2022_15_MIA_BUF,2022,15,REG,BUF,MIA,2022-12-18T01:15:00+00:00,42.774,-78.787,4.0,44.0,61.0,106.0,8.725,25.0,True,True,False,L,-1.0
2022_15_NYG_WAS,2022,15,REG,WAS,NYG,2022-12-19T01:20:00+00:00,38.908,-76.865,13.0,40.5,32.0,-104.0,8.825000000000001,20.475,True,True,True,W,0.961538
2022_15_PHI_CHI,2022,15,REG,CHI,PHI,2022-12-18T18:00:00+00:00,41.862,-87.617,17.0,48.0,45.0,-110.0,12.65,20.675,True,True,True,W,0.909091
2022_15_PIT_CAR,2022,15,REG,CAR,PIT,2022-12-18T18:00:00+00:00,35.226,-80.853,7.0,36.5,40.0,101.0,5.275,17.275,False,True,False,L,-1.0
2022_15_SF_SEA,2022,15,REG,SEA,SF,2022-12-16T01:15:00+00:00,47.595,-122.332,,43.0,34.0,-109.0,4.449999999999999,14.5,False,True,False,W,0.917431
2022_16_ATL_BAL,2022,16,REG,BAL,ATL,2022-12-24T18:00:00+00:00,39.278,-76.623,9.0,35.0,26.0,-105.0,12.35,26.275,True,True,False,W,0.952381
2022_16_BUF_CHI,2022,16,REG,CHI,BUF,2022-12-24T18:00:00+00:00,41.862,-87.617,17.0,40.0,48.0,102.0,19.1,36.5,True,True,True,L,-1.0
2022_16_CIN_NE,2022,16,REG,NE,CIN,2022-12-24T18:00:00+00:00,42.091,-71.264,2.0,42.0,40.0,-109.0,11.75,20.15,True,True,False,W,0.917431
2022_16_DET_CAR,2022,16,REG,CAR,DET,2022-12-24T18:00:00+00:00,35.226,-80.853,12.0,43.5,60.0,-112.0,8.774999999999999,14.925,False,True,True,L,-1.0
2022_16_GB_MIA,2022,16,REG,MIA,GB,2022-12-25T18:00:00+00:00,25.958,-80.239,14.0,49.0,46.0,-103.0,10.15,15.775000000000002,True,True,True,W,0.970874
2022_16_HOU_TEN,2022,16,REG,TEN,HOU,2022-12-24T19:00:00+00:00,36.166,-86.771,14.0,34.0,33.0,-111.0,9.85,17.675,False,True,True,W,0.900901
2022_16_JAX_NYJ,2022,16,REG,NYJ,JAX,2022-12-23T01:15:00+00:00,40.813,-74.075,17.0,36.5,22.0,-106.0,16.025,36.775000000000006,True,True,True,W,0.943396
2022_16_LV_PIT,2022,16,REG,PIT,LV,2022-12-25T01:15:00+00:00,40.447,-80.016,21.0,38.5,23.0,-110.0,12.375,33.425,True,True,True,W,0.909091
2022_16_NO_CLE,2022,16,REG,CLE,NO,2022-12-24T18:00:00+00:00,41.506,-81.7,27.0,32.0,27.0,-108.0,21.65,37.075,True,True,True,W,0.925926
2022_16_SEA_KC,2022,16,REG,KC,SEA,2022-12-24T18:00:00+00:00,39.049,-94.484,9.0,50.5,34.0,-105.0,8.75,18.425,False,True,False,W,0.952381
2022_16_WAS_SF,2022,16,REG,SF,WAS,2022-12-24T21:05:00+00:00,37.403,-121.97,2.0,37.5,57.0,-114.0,3.2750000000000004,3.675,False,True,False,L,-1.0
2022_17_CAR_TB,2022,17,REG,TB,CAR,2023-01-01T18:00:00+00:00,27.976,-82.503,2.0,40.5,54.0,-103.0,1.95,3.95,False,True,False,L,-1.0
2022_17_CLE_WAS,2022,17,REG,WAS,CLE,2023-01-01T18:00:00+00:00,38.908,-76.865,9.0,41.5,34.0,-109.0,3.85,10.8,False,True,False,W,0.917431
2022_17_DAL_TEN,2022,17,REG,TEN,DAL,2022-12-30T01:15:00+00:00,36.166,-86.771,4.0,41.0,40.0,-113.0,4.05,11.175,False,True,False,W,0.884956
2022_17_DEN_KC,2022,17,REG,KC,DEN,2023-01-01T18:00:00+00:00,39.049,-94.484,2.0,46.0,51.0,-104.0,5.85,11.125,False,True,False,L,-1.0
2022_17_IND_NYG,2022,17,REG,NYG,IND,2023-01-01T18:00:00+00:00,40.813,-74.075,14.0,38.5,48.0,-103.0,9.2,19.475,False,True,True,L,-1.0
2022_17_MIA_NE,2022,17,REG,NE,MIA,2023-01-01T18:00:00+00:00,42.091,-71.264,2.0,41.5,44.0,-107.0,10.95,21.525,True,True,False,L,-1.0
2022_17_MIN_GB,2022,17,REG,GB,MIN,2023-01-01T21:25:00+00:00,44.501,-88.062,7.0,47.5,58.0,-103.0,3.75,12.175,False,True,False,L,-1.0
2022_17_NO_PHI,2022,17,REG,PHI,NO,2023-01-01T18:00:00+00:00,39.901,-75.168,11.0,41.5,30.0,101.0,6.325,14.724999999999998,False,True,True,W,1.01
2022_17_NYJ_SEA,2022,17,REG,SEA,NYJ,2023-01-01T21:05:00+00:00,47.595,-122.332,2.0,43.0,29.0,-103.0,3.1500000000000004,4.6,False,True,False,W,0.970874
2022_17_PIT_BAL,2022,17,REG,BAL,PIT,2023-01-02T01:20:00+00:00,39.278,-76.623,2.0,35.5,29.0,-105.0,3.05,3.5500000000000003,False,True,False,W,0.952381
2022_18_ARI_SF,2022,18,REG,SF,ARI,2023-01-08T21:25:00+00:00,37.403,-121.97,2.0,40.0,51.0,-107.0,8.25,14.025,False,True,False,L,-1.0
2022_18_BAL_CIN,2022,18,REG,CIN,BAL,2023-01-08T18:00:00+00:00,39.096,-84.516,7.0,39.0,43.0,-102.0,3.425,5.175,False,True,False,L,-1.0
2022_18_CLE_PIT,2022,18,REG,PIT,CLE,2023-01-08T18:00:00+00:00,40.447,-80.016,8.0,40.0,42.0,-106.0,3.975,6.9,False,True,False,L,-1.0
2022_18_DAL_WAS,2022,18,REG,WAS,DAL,2023-01-08T21:25:00+00:00,38.908,-76.865,7.0,40.5,32.0,-104.0,5.949999999999999,12.875,False,True,False,W,0.961538
2022_18_DET_GB,2022,18,REG,GB,DET,2023-01-09T01:20:00+00:00,44.501,-88.062,4.0,49.0,36.0,-113.0,7.325000000000001,21.4,True,True,False,W,0.884956
2022_18_LAC_DEN,2022,18,REG,DEN,LAC,2023-01-08T21:25:00+00:00,39.744,-105.02,4.0,38.5,59.0,-103.0,3.225,4.95,False,True,False,L,-1.0
2022_18_LA_SEA,2022,18,REG,SEA,LA,2023-01-08T21:25:00+00:00,47.595,-122.332,4.0,41.5,35.0,-101.0,7.4,21.425,True,True,False,W,0.990099
2022_18_MIN_CHI,2022,18,REG,CHI,MIN,2023-01-08T18:00:00+00:00,41.862,-87.617,2.0,42.5,42.0,-103.0,3.525,6.050000000000001,False,True,False,W,0.970874
2022_18_NE_BUF,2022,18,REG,BUF,NE,2023-01-08T18:00:00+00:00,42.774,-78.787,6.0,44.0,58.0,-104.0,5.825,8.575,False,True,False,L,-1.0
2022_18_NYG_PHI,2022,18,REG,PHI,NYG,2023-01-08T21:25:00+00:00,39.901,-75.168,12.0,42.5,38.0,-105.0,4.0,9.55,False,True,True,W,0.952381
2022_18_NYJ_MIA,2022,18,REG,MIA,NYJ,2023-01-08T18:00:00+00:00,25.958,-80.239,9.0,37.5,17.0,-110.0,6.85,8.0,False,True,False,W,0.909091
2022_18_TEN_JAX,2022,18,REG,JAX,TEN,2023-01-08T01:15:00+00:00,30.324,-81.637,4.0,39.5,36.0,-106.0,1.925,3.35,False,True,False,W,0.943396
2022_19_BAL_CIN,2022,19,WC,CIN,BAL,2023-01-16T01:15:00+00:00,39.096,-84.516,4.0,40.0,41.0,-104.0,1.65,7.775,False,True,False,L,-1.0
2022_19_DAL_TB,2022,19,WC,TB,DAL,2023-01-17T01:15:00+00:00,27.976,-82.503,2.0,45.5,45.0,-105.0,2.7750000000000004,4.65,False,True,False,W,0.952381
2022_19_LAC_JAX,2022,19,WC,JAX,LAC,2023-01-15T01:15:00+00:00,30.324,-81.637,4.0,46.5,61.0,-105.0,5.699999999999999,11.675,False,True,False,L,-1.0
2022_19_MIA_BUF,2022,19,WC,BUF,MIA,2023-01-15T18:00:00+00:00,42.774,-78.787,4.0,44.0,65.0,-105.0,2.7,4.95,False,True,False,L,-1.0
2022_19_SEA_SF,2022,19,WC,SF,SEA,2023-01-14T21:30:00+00:00,37.403,-121.97,11.0,42.0,64.0,-102.0,5.275,13.475,False,True,True,L,-1.0
2022_20_CIN_BUF,2022,20,DIV,BUF,CIN,2023-01-22T20:00:00+00:00,42.774,-78.787,4.0,48.5,37.0,-107.0,3.5,6.325,False,True,False,W,0.934579
2022_20_DAL_SF,2022,20,DIV,SF,DAL,2023-01-22T23:30:00+00:00,37.403,-121.97,19.0,46.5,31.0,-105.0,10.1,22.875,True,True,True,W,0.952381
2022_20_JAX_KC,2022,20,DIV,KC,JAX,2023-01-21T21:30:00+00:00,39.049,-94.484,6.0,52.5,47.0,-116.0,3.425,7.075,False,True,False,W,0.862069
2022_20_NYG_PHI,2022,20,DIV,PHI,NYG,2023-01-22T01:15:00+00:00,39.901,-75.168,6.0,48.0,45.0,-113.0,2.575,4.9750000000000005,False,True,False,W,0.884956
2022_21_CIN_KC,2022,21,CON,KC,CIN,2023-01-29T23:30:00+00:00,39.049,-94.484,13.0,48.5,43.0,-106.0,11.475,17.05,True,True,True,W,0.943396
2022_21_SF_PHI,2022,21,CON,PHI,SF,2023-01-29T20:00:00+00:00,39.901,-75.168,14.0,45.0,38.0,-114.0,9.025,25.275,True,True,True,W,0.877193
2023_01_ARI_WAS,2023,1,REG,WAS,ARI,2023-09-10T17:00:00+00:00,38.908,-76.865,,38.0,36.0,-110.0,2.475,6.6,False,True,False,W,0.909091
2023_01_BUF_NYJ,2023,1,REG,NYJ,BUF,2023-09-12T00:15:00+00:00,40.813,-74.075,,44.5,38.0,-110.0,1.65,3.75,False,True,False,W,0.909091
2023_01_CIN_CLE,2023,1,REG,CLE,CIN,2023-09-10T17:00:00+00:00,41.506,-81.7,,46.5,27.0,-110.0,4.8,5.975,False,True,False,W,0.909091
2023_01_DAL_NYG,2023,1,REG,NYG,DAL,2023-09-11T00:20:00+00:00,40.813,-74.075,,44.5,40.0,-110.0,3.45,9.45,False,True,False,W,0.909091
2023_01_DET_KC,2023,1,REG,KC,DET,2023-09-08T00:20:00+00:00,39.049,-94.484,,53.0,41.0,-110.0,6.6000000000000005,11.45,False,True,False,W,0.909091
2023_01_GB_CHI,2023,1,REG,CHI,GB,2023-09-10T20:25:00+00:00,41.862,-87.617,,41.0,58.0,-112.0,9.025,11.525,False,True,False,L,-1.0
2023_01_HOU_BAL,2023,1,REG,BAL,HOU,2023-09-10T17:00:00+00:00,39.278,-76.623,,43.5,34.0,-110.0,2.95,6.75,False,True,False,W,0.909091
2023_01_LA_SEA,2023,1,REG,SEA,LA,2023-09-10T20:25:00+00:00,47.595,-122.332,,45.0,43.0,-110.0,5.700000000000001,11.175,False,True,False,W,0.909091
2023_01_LV_DEN,2023,1,REG,DEN,LV,2023-09-10T20:25:00+00:00,39.744,-105.02,,43.0,33.0,-110.0,7.375,11.3,False,True,False,W,0.909091
2023_01_PHI_NE,2023,1,REG,NE,PHI,2023-09-10T20:25:00+00:00,42.091,-71.264,,44.5,45.0,-112.0,4.275,6.525,False,True,False,L,-1.0
2023_01_SF_PIT,2023,1,REG,PIT,SF,2023-09-10T17:00:00+00:00,40.447,-80.016,,41.5,37.0,-110.0,3.325,4.425,False,True,False,W,0.909091
2023_02_BAL_CIN,2023,2,REG,CIN,BAL,2023-09-17T17:00:00+00:00,39.096,-84.516,,45.5,51.0,-110.0,2.175,6.1,False,True,False,L,-1.0
2023_02_CHI_TB,2023,2,REG,TB,CHI,2023-09-17T17:00:00+00:00,27.976,-82.503,,41.0,44.0,-110.0,8.4,11.1,False,True,False,L,-1.0
2023_02_CLE_PIT,2023,2,REG,PIT,CLE,2023-09-19T00:15:00+00:00,40.447,-80.016,,39.0,48.0,-110.0,2.975,7.175000000000001,False,True,False,L,-1.0
2023_02_KC_JAX,2023,2,REG,JAX,KC,2023-09-17T17:00:00+00:00,30.324,-81.637,,50.5,26.0,-110.0,6.225,10.725,False,True,False,W,0.909091
2023_02_LAC_TEN,2023,2,REG,TEN,LAC,2023-09-17T17:00:00+00:00,36.166,-86.771,,45.5,51.0,-110.0,4.925000000000001,11.75,False,True,False,L,-1.0
2023_02_LV_BUF,2023,2,REG,BUF,LV,2023-09-17T17:00:00+00:00,42.774,-78.787,,47.0,48.0,-110.0,3.775,5.2,False,True,False,L,-1.0
2023_02_MIA_NE,2023,2,REG,NE,MIA,2023-09-18T00:20:00+00:00,42.091,-71.264,,46.5,41.0,-112.0,5.075,13.3,False,True,False,W,0.892857
2023_02_MIN_PHI,2023,2,REG,PHI,MIN,2023-09-15T00:15:00+00:00,39.901,-75.168,,49.0,62.0,-110.0,8.025,16.6,False,True,False,L,-1.0
2023_02_NO_CAR,2023,2,REG,CAR,NO,2023-09-18T23:15:00+00:00,35.226,-80.853,,39.5,37.0,-108.0,1.7000000000000002,3.25,False,True,False,W,0.925926
2023_02_WAS_DEN,2023,2,REG,DEN,WAS,2023-09-17T20:25:00+00:00,39.744,-105.02,,38.5,68.0,-110.0,4.2250000000000005,13.35,False,True,False,L,-1.0
2023_03_BUF_WAS,2023,3,REG,WAS,BUF,2023-09-24T17:00:00+00:00,38.908,-76.865,1.0,44.0,40.0,-108.0,1.75,6.15,False,True,False,W,0.925926
2023_03_CAR_SEA,2023,3,REG,SEA,CAR,2023-09-24T20:05:00+00:00,47.595,-122.332,2.0,42.5,64.0,-110.0,2.175,7.05,False,True,False,L,-1.0
2023_03_CHI_KC,2023,3,REG,KC,CHI,2023-09-24T20:25:00+00:00,39.049,-94.484,,48.0,51.0,-110.0,3.95,12.225,False,True,False,L,-1.0
2023_03_DEN_MIA,2023,3,REG,MIA,DEN,2023-09-24T17:00:00+00:00,25.958,-80.239,5.0,47.5,90.0,-110.0,8.200000000000001,9.65,False,True,False,L,-1.0
2023_03_HOU_JAX,2023,3,REG,JAX,HOU,2023-09-24T17:00:00+00:00,30.324,-81.637,6.0,43.5,54.0,-110.0,6.074999999999999,8.2,False,True,False,L,-1.0
2023_03_IND_BAL,2023,3,REG,BAL,IND,2023-09-24T17:00:00+00:00,39.278,-76.623,3.0,43.5,41.0,-110.0,2.55,3.9,False,True,False,W,0.909091
2023_03_LA_CIN,2023,3,REG,CIN,LA,2023-09-26T00:15:00+00:00,39.096,-84.516,7.0,45.5,35.0,-108.0,3.375,9.575,False,True,False,W,0.925926
2023_03_NE_NYJ,2023,3,REG,NYJ,NE,2023-09-24T17:00:00+00:00,40.813,-74.075,14.0,35.5,25.0,-110.0,11.525000000000002,24.35,True,True,True,W,0.909091
2023_03_NO_GB,2023,3,REG,GB,NO,2023-09-24T17:00:00+00:00,44.501,-88.062,10.0,41.5,35.0,-110.0,10.2,14.525000000000002,True,True,True,W,0.909091
2023_03_NYG_SF,2023,3,REG,SF,NYG,2023-09-22T00:15:00+00:00,37.403,-121.97,13.0,43.5,42.0,-108.0,7.325,12.75,False,True,True,W,0.925926
2023_03_PHI_TB,2023,3,REG,TB,PHI,2023-09-25T23:15:00+00:00,27.976,-82.503,4.0,44.0,36.0,-108.0,4.9750000000000005,11.9,False,True,False,W,0.925926
2023_03_TEN_CLE,2023,3,REG,CLE,TEN,2023-09-24T17:00:00+00:00,41.506,-81.7,5.0,38.0,30.0,-110.0,9.975,12.4,False,True,False,W,0.909091
2023_04_ARI_SF,2023,4,REG,SF,ARI,2023-10-01T20:25:00+00:00,37.403,-121.97,9.0,44.0,51.0,-105.0,8.425,9.6,False,True,False,L,-1.0
2023_04_ATL_JAX,2023,4,REG,JAX,ATL,2023-10-01T13:30:00+00:00,51.556,-0.28,,42.5,30.0,-112.0,8.1,17.725,False,True,False,W,0.892857
2023_04_BAL_CLE,2023,4,REG,CLE,BAL,2023-10-01T17:00:00+00:00,41.506,-81.7,7.0,38.5,31.0,-110.0,6.574999999999999,7.925,False,True,False,W,0.909091
2023_04_CIN_TEN,2023,4,REG,TEN,CIN,2023-10-01T17:00:00+00:00,36.166,-86.771,4.0,41.5,30.0,-108.0,3.0500000000000003,4.824999999999999,False,True,False,W,0.925926
2023_04_DEN_CHI,2023,4,REG,CHI,DEN,2023-10-01T17:00:00+00:00,41.862,-87.617,2.0,47.0,59.0,-110.0,4.65,5.6,False,True,False,L,-1.0
2023_04_DET_GB,2023,4,REG,GB,DET,2023-09-29T00:15:00+00:00,44.501,-88.062,8.0,45.0,54.0,-110.0,2.575,8.925,False,True,False,L,-1.0
2023_04_KC_NYJ,2023,4,REG,NYJ,KC,2023-10-02T00:20:00+00:00,40.813,-74.075,5.0,41.5,43.0,-105.0,3.375,9.05,False,True,False,L,-1.0
2023_04_MIA_BUF,2023,4,REG,BUF,MIA,2023-10-01T17:00:00+00:00,42.774,-78.787,2.0,53.0,68.0,-110.0,6.4,7.725,False,True,False,L,-1.0
2023_04_MIN_CAR,2023,4,REG,CAR,MIN,2023-10-01T17:00:00+00:00,35.226,-80.853,7.0,46.5,34.0,-110.0,6.074999999999999,11.250000000000002,False,True,False,W,0.909091
2023_04_SEA_NYG,2023,4,REG,NYG,SEA,2023-10-03T00:15:00+00:00,40.813,-74.075,8.0,46.5,27.0,-115.0,3.9,5.475,False,True,False,W,0.869565
2023_04_WAS_PHI,2023,4,REG,PHI,WAS,2023-10-01T17:00:00+00:00,39.901,-75.168,,43.0,65.0,-110.0,6.925000000000001,14.15,False,True,False,L,-1.0
2023_05_BAL_PIT,2023,5,REG,PIT,BAL,2023-10-08T17:00:00+00:00,40.447,-80.016,13.0,38.5,27.0,-110.0,13.3,21.075000000000003,True,True,True,W,0.909091
2023_05_CHI_WAS,2023,5,REG,WAS,CHI,2023-10-06T00:15:00+00:00,38.908,-76.865,1.0,45.5,60.0,-112.0,4.525,7.95,False,True,False,L,-1.0
2023_05_DAL_SF,2023,5,REG,SF,DAL,2023-10-09T00:20:00+00:00,37.403,-121.97,10.0,45.0,52.0,-105.0,8.649999999999999,13.35,False,True,True,L,-1.0
2023_05_JAX_BUF,2023,5,REG,BUF,JAX,2023-10-08T13:30:00+00:00,51.604,-0.066,,48.5,45.0,-108.0,6.375,15.675,False,True,False,W,0.925926
2023_05_NO_NE,2023,5,REG,NE,NO,2023-10-08T17:00:00+00:00,42.091,-71.264,10.0,38.5,34.0,-110.0,10.7,19.7,True,True,True,W,0.909091
2023_05_NYG_MIA,2023,5,REG,MIA,NYG,2023-10-08T17:00:00+00:00,25.958,-80.239,8.0,47.5,47.0,-108.0,5.3500000000000005,8.875,False,True,False,W,0.925926
2023_05_NYJ_DEN,2023,5,REG,DEN,NYJ,2023-10-08T20:25:00+00:00,39.744,-105.02,9.0,42.5,52.0,-110.0,4.65,10.175,False,True,False,L,-1.0
2023_06_BAL_TEN,2023,6,REG,TEN,BAL,2023-10-15T13:30:00+00:00,51.604,-0.066,,42.5,40.0,-110.0,6.525,17.450000000000003,False,True,False,W,0.909091
2023_06_CAR_MIA,2023,6,REG,MIA,CAR,2023-10-15T17:00:00+00:00,25.958,-80.239,12.0,47.5,63.0,-112.0,8.05,15.325,False,True,True,L,-1.0
2023_06_DEN_KC,2023,6,REG,KC,DEN,2023-10-13T00:15:00+00:00,39.049,-94.484,,47.5,27.0,-112.0,15.525,36.125,True,True,False,W,0.892857
2023_06_DET_TB,2023,6,REG,TB,DET,2023-10-15T20:25:00+00:00,27.976,-82.503,13.0,43.5,26.0,-112.0,10.375,16.775000000000002,True,True,True,W,0.892857
2023_06_IND_JAX,2023,6,REG,JAX,IND,2023-10-15T17:00:00+00:00,30.324,-81.637,,44.0,57.0,-110.0,10.05,17.275000000000002,True,True,False,L,-1.0
2023_06_MIN_CHI,2023,6,REG,CHI,MIN,2023-10-15T17:00:00+00:00,41.862,-87.617,16.0,44.5,32.0,-112.0,10.225,17.0,True,True,True,W,0.892857
2023_06_NYG_BUF,2023,6,REG,BUF,NYG,2023-10-16T00:20:00+00:00,42.774,-78.787,7.0,43.5,23.0,-110.0,4.2,17.125,False,True,False,W,0.909091
2023_06_PHI_NYJ,2023,6,REG,NYJ,PHI,2023-10-15T20:25:00+00:00,40.813,-74.075,11.0,43.0,34.0,-105.0,9.15,19.3,False,True,True,W,0.952381
2023_06_SEA_CIN,2023,6,REG,CIN,SEA,2023-10-15T17:00:00+00:00,39.096,-84.516,15.0,45.5,30.0,-108.0,8.15,12.675,False,True,True,W,0.925926
2023_06_SF_CLE,2023,6,REG,CLE,SF,2023-10-15T17:00:00+00:00,41.506,-81.7,15.0,36.0,36.0,-110.0,18.275,23.375000000000004,True,True,True,P,0.0
2023_07_ARI_SEA,2023,7,REG,SEA,ARI,2023-10-22T20:05:00+00:00,47.595,-122.332,5.0,43.5,30.0,-110.0,5.175000000000001,8.85,False,True,False,W,0.909091
2023_07_ATL_TB,2023,7,REG,TB,ATL,2023-10-22T17:00:00+00:00,27.976,-82.503,3.0,37.5,29.0,-115.0,3.3000000000000003,7.449999999999999,False,True,False,W,0.869565
2023_07_BUF_NE,2023,7,REG,NE,BUF,2023-10-22T17:00:00+00:00,42.091,-71.264,13.0,41.0,54.0,-110.0,15.025,24.425,True,True,True,L,-1.0
2023_07_DET_BAL,2023,7,REG,BAL,DET,2023-10-22T17:00:00+00:00,39.278,-76.623,16.0,43.5,44.0,-108.0,15.125,25.1,True,True,True,L,-1.0
2023_07_GB_DEN,2023,7,REG,DEN,GB,2023-10-22T20:25:00+00:00,39.744,-105.02,9.0,44.0,36.0,-110.0,7.65,9.5,False,True,False,W,0.909091
2023_07_LAC_KC,2023,7,REG,KC,LAC,2023-10-22T20:25:00+00:00,39.049,-94.484,10.0,48.5,48.0,-108.0,9.35,15.225,False,True,True,W,0.925926
2023_07_LV_CHI,2023,7,REG,CHI,LV,2023-10-22T17:00:00+00:00,41.862,-87.617,8.0,38.5,42.0,-110.0,4.85,6.425000000000001,False,True,False,L,-1.0
2023_07_MIA_PHI,2023,7,REG,PHI,MIA,2023-10-23T00:20:00+00:00,39.901,-75.168,17.0,52.0,48.0,-110.0,8.075,20.3,True,True,True,W,0.909091
2023_07_WAS_NYG,2023,7,REG,NYG,WAS,2023-10-22T17:00:00+00:00,40.813,-74.075,14.0,37.0,21.0,-112.0,14.775,23.675,True,True,True,W,0.892857
2023_08_ATL_TEN,2023,8,REG,TEN,ATL,2023-10-29T17:00:00+00:00,36.166,-86.771,7.0,35.0,51.0,-110.0,8.075,16.5,False,True,False,L,-1.0
2023_08_CIN_SF,2023,8,REG,SF,CIN,2023-10-29T20:25:00+00:00,37.403,-121.97,10.0,44.0,48.0,-110.0,8.525,12.375,False,True,True,L,-1.0
2023_08_CLE_SEA,2023,8,REG,SEA,CLE,2023-10-29T20:05:00+00:00,47.595,-122.332,3.0,39.5,44.0,-112.0,3.85,6.25,False,True,False,L,-1.0
2023_08_HOU_CAR,2023,8,REG,CAR,HOU,2023-10-29T17:00:00+00:00,35.226,-80.853,14.0,43.0,28.0,-110.0,9.025,13.35,False,True,True,W,0.909091
2023_08_JAX_PIT,2023,8,REG,PIT,JAX,2023-10-29T17:00:00+00:00,40.447,-80.016,2.0,41.0,30.0,-110.0,4.65,6.6,False,True,False,W,0.909091
2023_08_KC_DEN,2023,8,REG,DEN,KC,2023-10-29T20:25:00+00:00,39.744,-105.02,7.0,45.5,33.0,-110.0,1.85,4.324999999999999,False,True,False,W,0.909091
2023_08_MIN_GB,2023,8,REG,GB,MIN,2023-10-29T17:00:00+00:00,44.501,-88.062,8.0,41.5,34.0,-108.0,6.125,8.350000000000001,False,True,False,W,0.925926
2023_08_NE_MIA,2023,8,REG,MIA,NE,2023-10-29T17:00:00+00:00,25.958,-80.239,17.0,46.5,48.0,-110.0,13.25,17.675,True,True,True,L,-1.0
2023_08_NYJ_NYG,2023,8,REG,NYG,NYJ,2023-10-29T17:00:00+00:00,40.813,-74.075,6.0,35.0,23.0,-112.0,8.5,16.15,False,True,False,W,0.892857
2023_08_PHI_WAS,2023,8,REG,WAS,PHI,2023-10-29T17:00:00+00:00,38.908,-76.865,4.0,42.5,69.0,-110.0,3.9,7.874999999999999,False,True,False,L,-1.0
2023_08_TB_BUF,2023,8,REG,BUF,TB,2023-10-27T00:15:00+00:00,42.774,-78.787,10.0,43.0,42.0,-110.0,8.475000000000001,24.550000000000004,True,True,True,W,0.909091
2023_09_ARI_CLE,2023,9,REG,CLE,ARI,2023-11-05T18:00:00+00:00,41.506,-81.7,7.0,38.0,27.0,-110.0,7.074999999999999,9.3,False,True,False,W,0.909091
2023_09_BUF_CIN,2023,9,REG,CIN,BUF,2023-11-06T01:20:00+00:00,39.096,-84.516,5.0,51.0,42.0,-110.0,1.2999999999999998,1.275,False,True,False,W,0.909091
2023_09_DAL_PHI,2023,9,REG,PHI,DAL,2023-11-05T21:25:00+00:00,39.901,-75.168,6.0,46.5,51.0,-110.0,6.625,12.375,False,True,False,L,-1.0
2023_09_IND_CAR,2023,9,REG,CAR,IND,2023-11-05T21:05:00+00:00,35.226,-80.853,2.0,45.0,40.0,-110.0,2.625,5.025,False,True,False,W,0.909091
2023_09_LAC_NYJ,2023,9,REG,NYJ,LAC,2023-11-07T01:15:00+00:00,40.813,-74.075,4.0,41.0,33.0,-110.0,2.6,11.15,False,True,False,W,0.909091
2023_09_LA_GB,2023,9,REG,GB,LA,2023-11-05T18:00:00+00:00,44.501,-88.062,8.0,38.0,23.0,-112.0,4.025,10.75,False,True,False,W,0.892857
2023_09_MIA_KC,2023,9,REG,KC,MIA,2023-11-05T14:30:00+00:00,50.069,8.646,,51.0,35.0,-108.0,10.75,30.375,True,True,False,W,0.925926
2023_09_SEA_BAL,2023,9,REG,BAL,SEA,2023-11-05T18:00:00+00:00,39.278,-76.623,6.0,44.5,40.0,-112.0,7.674999999999999,12.375,False,True,False,W,0.892857
2023_09_TEN_PIT,2023,9,REG,PIT,TEN,2023-11-03T00:15:00+00:00,40.447,-80.016,5.0,37.0,36.0,-108.0,3.675,7.825,False,True,False,W,0.925926
2023_09_WAS_NE,2023,9,REG,NE,WAS,2023-11-05T18:00:00+00:00,42.091,-71.264,6.0,40.5,37.0,-110.0,6.85,12.225,False,True,False,W,0.909091
2023_10_CAR_CHI,2023,10,REG,CHI,CAR,2023-11-10T01:15:00+00:00,41.862,-87.617,8.0,38.0,29.0,-105.0,5.45,15.65,False,True,False,W,0.952381
2023_10_CLE_BAL,2023,10,REG,BAL,CLE,2023-11-12T18:00:00+00:00,39.278,-76.623,4.0,38.5,64.0,-108.0,2.05,6.025,False,True,False,L,-1.0
2023_10_DEN_BUF,2023,10,REG,BUF,DEN,2023-11-14T01:15:00+00:00,42.774,-78.787,10.0,47.5,46.0,-112.0,8.65,25.725,True,True,True,W,0.892857
2023_10_GB_PIT,2023,10,REG,PIT,GB,2023-11-12T18:00:00+00:00,40.447,-80.016,5.0,38.5,42.0,-112.0,2.725,4.5,False,True,False,L,-1.0
2023_10_HOU_CIN,2023,10,REG,CIN,HOU,2023-11-12T18:00:00+00:00,39.096,-84.516,6.0,46.0,57.0,-110.0,4.8,6.425000000000001,False,True,False,L,-1.0
2023_10_IND_NE,2023,10,REG,NE,IND,2023-11-12T14:30:00+00:00,50.069,8.646,,42.0,16.0,-110.0,1.775,5.425,False,True,False,W,0.909091
2023_10_SF_JAX,2023,10,REG,JAX,SF,2023-11-12T18:00:00+00:00,30.324,-81.637,11.0,44.5,37.0,-112.0,7.6,13.875,False,True,True,W,0.892857
2023_10_TEN_TB,2023,10,REG,TB,TEN,2023-11-12T18:00:00+00:00,27.976,-82.503,6.0,39.5,26.0,-110.0,4.85,6.6,False,True,False,W,0.909091
2023_10_WAS_SEA,2023,10,REG,SEA,WAS,2023-11-12T21:25:00+00:00,47.595,-122.332,4.0,44.0,55.0,-112.0,4.225,6.475,False,True,False,L,-1.0
2023_11_CIN_BAL,2023,11,REG,BAL,CIN,2023-11-17T01:15:00+00:00,39.278,-76.623,1.0,46.5,54.0,-112.0,2.825,2.85,False,True,False,L,-1.0
2023_11_DAL_CAR,2023,11,REG,CAR,DAL,2023-11-19T18:00:00+00:00,35.226,-80.853,2.0,43.0,43.0,-108.0,2.025,4.45,False,True,False,P,0.0
2023_11_LAC_GB,2023,11,REG,GB,LAC,2023-11-19T18:00:00+00:00,44.501,-88.062,5.0,44.0,43.0,-108.0,3.875,4.8,False,True,False,W,0.925926
2023_11_LV_MIA,2023,11,REG,MIA,LV,2023-11-19T18:00:00+00:00,25.958,-80.239,7.0,44.5,33.0,-110.0,5.725,9.3,False,True,False,W,0.909091
2023_11_MIN_DEN,2023,11,REG,DEN,MIN,2023-11-20T01:20:00+00:00,39.744,-105.02,3.0,43.5,41.0,-115.0,4.975,12.425,False,True,False,W,0.869565
2023_11_NYG_WAS,2023,11,REG,WAS,NYG,2023-11-19T18:00:00+00:00,38.908,-76.865,7.0,39.0,50.0,-110.0,5.9,15.325,False,True,False,L,-1.0
2023_11_NYJ_BUF,2023,11,REG,BUF,NYJ,2023-11-19T21:25:00+00:00,42.774,-78.787,9.0,39.5,38.0,-112.0,6.25,15.075,False,True,False,W,0.892857
2023_11_PHI_KC,2023,11,REG,KC,PHI,2023-11-21T01:15:00+00:00,39.049,-94.484,12.0,46.0,38.0,-108.0,9.725,22.875,True,True,True,W,0.925926
2023_11_PIT_CLE,2023,11,REG,CLE,PIT,2023-11-19T18:00:00+00:00,41.506,-81.7,11.0,34.0,23.0,-108.0,7.575000000000001,10.225,False,True,True,W,0.925926
2023_11_TB_SF,2023,11,REG,SF,TB,2023-11-19T21:05:00+00:00,37.403,-121.97,10.0,41.5,41.0,-108.0,12.975,17.0,True,True,True,W,0.925926
2023_11_TEN_JAX,2023,11,REG,JAX,TEN,2023-11-19T18:00:00+00:00,30.324,-81.637,3.0,40.0,48.0,-110.0,7.675,8.9,False,True,False,L,-1.0
2023_12_BUF_PHI,2023,12,REG,PHI,BUF,2023-11-26T21:25:00+00:00,39.901,-75.168,6.0,49.0,71.0,-108.0,5.225,14.425,False,True,False,L,-1.0
2023_12_CAR_TEN,2023,12,REG,TEN,CAR,2023-11-26T18:00:00+00:00,36.166,-86.771,13.0,36.0,27.0,-112.0,7.6,18.5,False,True,True,W,0.892857
2023_12_CLE_DEN,2023,12,REG,DEN,CLE,2023-11-26T21:05:00+00:00,39.744,-105.02,5.0,37.5,41.0,-110.0,6.175000000000001,9.025,False,True,False,L,-1.0
2023_12_MIA_NYJ,2023,12,REG,NYJ,MIA,2023-11-24T20:00:00+00:00,40.813,-74.075,11.0,40.0,47.0,-110.0,12.1,19.85,True,True,True,L,-1.0
2023_12_NE_NYG,2023,12,REG,NYG,NE,2023-11-26T18:00:00+00:00,40.813,-74.075,6.0,36.5,17.0,-105.0,5.525,13.725,False,True,False,W,0.952381
2023_12_PIT_CIN,2023,12,REG,CIN,PIT,2023-11-26T18:00:00+00:00,39.096,-84.516,9.0,36.0,26.0,-108.0,6.85,20.65,True,True,False,W,0.925926
2023_12_SF_SEA,2023,12,REG,SEA,SF,2023-11-24T01:20:00+00:00,47.595,-122.332,4.0,43.5,44.0,-115.0,3.975,15.400000000000002,False,True,False,L,-1.0
2023_13_ARI_PIT,2023,13,REG,PIT,ARI,2023-12-03T18:00:00+00:00,40.447,-80.016,12.0,41.0,34.0,-112.0,8.725,23.0,True,True,True,W,0.892857
2023_13_ATL_NYJ,2023,13,REG,NYJ,ATL,2023-12-03T18:00:00+00:00,40.813,-74.075,8.0,33.0,21.0,-110.0,7.5,19.05,False,True,False,W,0.909091
2023_13_CAR_TB,2023,13,REG,TB,CAR,2023-12-03T21:05:00+00:00,27.976,-82.503,8.0,37.0,39.0,-110.0,3.65,6.449999999999999,False,True,False,L,-1.0
2023_13_CIN_JAX,2023,13,REG,JAX,CIN,2023-12-05T01:15:00+00:00,30.324,-81.637,4.0,41.0,65.0,-105.0,4.8500000000000005,10.575,False,True,False,L,-1.0
2023_13_IND_TEN,2023,13,REG,TEN,IND,2023-12-03T18:00:00+00:00,36.166,-86.771,13.0,42.0,59.0,-108.0,6.625,16.400000000000002,False,True,True,L,-1.0
2023_13_KC_GB,2023,13,REG,GB,KC,2023-12-04T01:20:00+00:00,44.501,-88.062,9.0,43.5,46.0,-105.0,3.825,12.75,False,True,False,L,-1.0
2023_13_LAC_NE,2023,13,REG,NE,LAC,2023-12-03T18:00:00+00:00,42.091,-71.264,8.0,38.5,6.0,-108.0,8.8,22.7,True,True,False,W,0.925926
2023_13_MIA_WAS,2023,13,REG,WAS,MIA,2023-12-03T18:00:00+00:00,38.908,-76.865,2.0,50.0,60.0,-110.0,1.525,5.025,False,True,False,L,-1.0
2023_13_SF_PHI,2023,13,REG,PHI,SF,2023-12-03T21:25:00+00:00,39.901,-75.168,44.0,46.5,61.0,-108.0,3.175,7.950000000000001,False,True,True,L,-1.0
2023_14_BUF_KC,2023,14,REG,KC,BUF,2023-12-10T21:25:00+00:00,39.049,-94.484,5.0,49.5,37.0,-110.0,5.15,10.4,False,True,False,W,0.909091
2023_14_DET_CHI,2023,14,REG,CHI,DET,2023-12-10T18:00:00+00:00,41.862,-87.617,12.0,44.5,41.0,-110.0,7.5,12.025000000000002,False,True,True,W,0.909091
2023_14_GB_NYG,2023,14,REG,NYG,GB,2023-12-12T01:15:00+00:00,40.813,-74.075,14.0,37.5,46.0,-110.0,7.449999999999999,21.975,True,True,True,L,-1.0
2023_14_HOU_NYJ,2023,14,REG,NYJ,HOU,2023-12-10T18:00:00+00:00,40.813,-74.075,7.0,33.5,36.0,-110.0,4.2,12.025,False,True,False,L,-1.0
2023_14_IND_CIN,2023,14,REG,CIN,IND,2023-12-10T18:00:00+00:00,39.096,-84.516,9.0,45.0,48.0,-110.0,7.175000000000001,11.9,False,True,False,L,-1.0
2023_14_JAX_CLE,2023,14,REG,CLE,JAX,2023-12-10T18:00:00+00:00,41.506,-81.7,11.0,37.5,58.0,-110.0,9.675,11.975,False,True,True,L,-1.0
2023_14_LA_BAL,2023,14,REG,BAL,LA,2023-12-10T18:00:00+00:00,39.278,-76.623,5.0,42.0,68.0,-110.0,5.225,12.025,False,True,False,L,-1.0
2023_14_NE_PIT,2023,14,REG,PIT,NE,2023-12-08T01:15:00+00:00,40.447,-80.016,5.0,30.0,39.0,-105.0,1.9,4.7,False,True,False,L,-1.0
2023_14_SEA_SF,2023,14,REG,SF,SEA,2023-12-10T21:05:00+00:00,37.403,-121.97,5.0,44.5,44.0,-110.0,4.9,6.175,False,True,False,W,0.909091
2023_14_TEN_MIA,2023,14,REG,MIA,TEN,2023-12-12T01:15:00+00:00,25.958,-80.239,9.0,45.0,55.0,-110.0,8.575,23.025,True,True,False,L,-1.0
2023_15_ATL_CAR,2023,15,REG,CAR,ATL,2023-12-17T18:00:00+00:00,35.226,-80.853,11.0,32.0,16.0,-110.0,12.15,27.35,True,True,True,W,0.909091
2023_15_BAL_JAX,2023,15,REG,JAX,BAL,2023-12-18T01:20:00+00:00,30.324,-81.637,13.0,42.5,30.0,-108.0,10.95,29.25,True,True,True,W,0.925926
2023_15_CHI_CLE,2023,15,REG,CLE,CHI,2023-12-17T18:00:00+00:00,41.506,-81.7,15.0,38.0,37.0,-110.0,13.125,25.550000000000004,True,True,True,W,0.909091
2023_15_DAL_BUF,2023,15,REG,BUF,DAL,2023-12-17T21:25:00+00:00,42.774,-78.787,9.0,49.5,41.0,-110.0,8.025,22.75,True,True,False,W,0.909091
2023_15_HOU_TEN,2023,15,REG,TEN,HOU,2023-12-17T18:00:00+00:00,36.166,-86.771,9.0,38.0,35.0,-108.0,7.449999999999999,10.025,False,True,False,W,0.925926
2023_15_KC_NE,2023,15,REG,NE,KC,2023-12-17T18:00:00+00:00,42.091,-71.264,7.0,39.5,44.0,-110.0,6.0,15.225,False,True,False,L,-1.0
2023_15_MIN_CIN,2023,15,REG,CIN,MIN,2023-12-16T18:00:00+00:00,39.096,-84.516,5.0,41.5,51.0,-110.0,4.1,11.374999999999998,False,True,False,L,-1.0
2023_15_NYJ_MIA,2023,15,REG,MIA,NYJ,2023-12-17T18:00:00+00:00,25.958,-80.239,15.0,36.0,30.0,-110.0,14.725,22.75,True,True,True,W,0.909091
2023_15_PHI_SEA,2023,15,REG,SEA,PHI,2023-12-19T01:15:00+00:00,47.595,-122.332,2.0,46.0,37.0,-112.0,2.45,3.925,False,True,False,W,0.892857
2023_15_TB_GB,2023,15,REG,GB,TB,2023-12-17T18:00:00+00:00,44.501,-88.062,8.0,41.5,54.0,-110.0,9.775,18.65,False,True,False,L,-1.0
2023_16_ARI_CHI,2023,16,REG,CHI,ARI,2023-12-24T21:25:00+00:00,41.862,-87.617,4.0,42.0,43.0,-105.0,7.375,15.175,False,True,False,L,-1.0
2023_16_BAL_SF,2023,16,REG,SF,BAL,2023-12-26T01:15:00+00:00,37.403,-121.97,8.0,47.5,52.0,-112.0,4.3,6.574999999999999,False,True,False,L,-1.0
2023_16_CIN_PIT,2023,16,REG,PIT,CIN,2023-12-23T21:30:00+00:00,40.447,-80.016,5.0,39.5,45.0,-110.0,3.5,13.075,False,True,False,L,-1.0
2023_16_DAL_MIA,2023,16,REG,MIA,DAL,2023-12-24T21:25:00+00:00,25.958,-80.239,15.0,48.5,42.0,100.0,12.1,22.0,True,True,True,W,1.0
2023_16_GB_CAR,2023,16,REG,CAR,GB,2023-12-24T18:00:00+00:00,35.226,-80.853,1.0,39.5,63.0,-110.0,2.1,6.049999999999999,False,True,False,L,-1.0
2023_16_JAX_TB,2023,16,REG,TB,JAX,2023-12-24T21:05:00+00:00,27.976,-82.503,11.0,43.0,42.0,-108.0,7.025,20.075,True,True,True,W,0.925926
2023_16_LV_KC,2023,16,REG,KC,LV,2023-12-25T18:00:00+00:00,39.049,-94.484,11.0,40.5,34.0,-110.0,11.3,19.225,True,True,True,W,0.909091
2023_16_NE_DEN,2023,16,REG,DEN,NE,2023-12-25T01:15:00+00:00,39.744,-105.02,9.0,37.5,49.0,-110.0,5.775,13.75,False,True,False,L,-1.0
2023_16_NYG_PHI,2023,16,REG,PHI,NYG,2023-12-25T21:30:00+00:00,39.901,-75.168,5.0,41.0,58.0,-108.0,4.9,8.525,False,True,False,L,-1.0
2023_16_SEA_TEN,2023,16,REG,TEN,SEA,2023-12-24T18:00:00+00:00,36.166,-86.771,4.0,42.0,37.0,-108.0,7.75,16.3,False,True,False,W,0.925926
2023_16_WAS_NYJ,2023,16,REG,NYJ,WAS,2023-12-24T18:00:00+00:00,40.813,-74.075,2.0,36.5,58.0,-110.0,1.5,4.25,False,True,False,L,-1.0
2023_17_ARI_PHI,2023,17,REG,PHI,ARI,2023-12-31T18:00:00+00:00,39.901,-75.168,9.0,48.0,66.0,-110.0,5.7,12.675,False,True,False,L,-1.0
2023_17_ATL_CHI,2023,17,REG,CHI,ATL,2023-12-31T18:00:00+00:00,41.862,-87.617,5.0,39.0,54.0,-110.0,7.875,16.325000000000003,False,True,False,L,-1.0
2023_17_CAR_JAX,2023,17,REG,JAX,CAR,2023-12-31T18:00:00+00:00,30.324,-81.637,8.0,38.0,26.0,-110.0,8.575,14.0,False,True,False,W,0.909091
2023_17_CIN_KC,2023,17,REG,KC,CIN,2023-12-31T21:25:00+00:00,39.049,-94.484,12.0,46.0,42.0,-112.0,7.825000000000001,13.025000000000002,False,True,True,W,0.892857
2023_17_LAC_DEN,2023,17,REG,DEN,LAC,2023-12-31T21:25:00+00:00,39.744,-105.02,6.0,39.5,25.0,-110.0,3.775,4.8,False,True,False,W,0.909091
2023_17_LA_NYG,2023,17,REG,NYG,LA,2023-12-31T18:00:00+00:00,40.813,-74.075,10.0,43.5,51.0,-108.0,8.625,12.425,False,True,True,L,-1.0
2023_17_MIA_BAL,2023,17,REG,BAL,MIA,2023-12-31T18:00:00+00:00,39.278,-76.623,7.0,47.0,75.0,-108.0,4.75,11.8,False,True,False,L,-1.0
2023_17_NE_BUF,2023,17,REG,BUF,NE,2023-12-31T18:00:00+00:00,42.774,-78.787,4.0,40.0,48.0,-108.0,2.075,8.875,False,True,False,L,-1.0
2023_17_NO_TB,2023,17,REG,TB,NO,2023-12-31T18:00:00+00:00,27.976,-82.503,5.0,42.5,36.0,-112.0,4.925000000000001,8.549999999999999,False,True,False,W,0.892857
2023_17_NYJ_CLE,2023,17,REG,CLE,NYJ,2023-12-29T01:15:00+00:00,41.506,-81.7,6.0,33.5,57.0,-110.0,6.8,17.775000000000002,False,True,False,L,-1.0
2023_17_PIT_SEA,2023,17,REG,SEA,PIT,2023-12-31T21:05:00+00:00,47.595,-122.332,4.0,40.5,53.0,-108.0,2.225,3.725,False,True,False,L,-1.0
2023_17_SF_WAS,2023,17,REG,WAS,SF,2023-12-31T18:00:00+00:00,38.908,-76.865,7.0,49.0,37.0,-112.0,6.35,13.475,False,True,False,W,0.892857
2023_18_BUF_MIA,2023,18,REG,MIA,BUF,2024-01-08T01:20:00+00:00,25.958,-80.239,6.0,47.5,35.0,-110.0,4.275,16.6,False,True,False,W,0.909091
2023_18_CHI_GB,2023,18,REG,GB,CHI,2024-01-07T21:25:00+00:00,44.501,-88.062,7.0,45.5,26.0,-108.0,4.35,11.325,False,True,False,W,0.925926
2023_18_CLE_CIN,2023,18,REG,CIN,CLE,2024-01-07T18:00:00+00:00,39.096,-84.516,12.0,37.0,45.0,-112.0,9.525,20.05,True,True,True,L,-1.0
2023_18_DAL_WAS,2023,18,REG,WAS,DAL,2024-01-07T21:25:00+00:00,38.908,-76.865,13.0,47.5,48.0,-110.0,11.125,27.8,True,True,True,L,-1.0
2023_18_JAX_TEN,2023,18,REG,TEN,JAX,2024-01-07T18:00:00+00:00,36.166,-86.771,11.0,41.5,48.0,-112.0,6.5,19.475,False,True,True,L,-1.0
2023_18_LA_SF,2023,18,REG,SF,LA,2024-01-07T21:25:00+00:00,37.403,-121.97,11.0,40.0,41.0,-108.0,8.2,11.575,False,True,True,L,-1.0
2023_18_NYJ_NE,2023,18,REG,NE,NYJ,2024-01-07T18:00:00+00:00,42.091,-71.264,14.0,28.5,20.0,-110.0,14.7,34.1,True,True,True,W,0.909091
2023_18_PHI_NYG,2023,18,REG,NYG,PHI,2024-01-07T21:25:00+00:00,40.813,-74.075,12.0,43.0,37.0,-105.0,6.249999999999999,16.150000000000002,False,True,True,W,0.952381
2023_18_PIT_BAL,2023,18,REG,BAL,PIT,2024-01-06T21:30:00+00:00,39.278,-76.623,15.0,34.0,27.0,-110.0,10.499999999999998,31.75,True,True,True,W,0.909091
2023_18_TB_CAR,2023,18,REG,CAR,TB,2024-01-07T18:00:00+00:00,35.226,-80.853,19.0,36.5,9.0,-110.0,11.55,25.175,True,True,True,W,0.909091
2023_19_MIA_KC,2023,19,WC,KC,MIA,2024-01-14T01:00:00+00:00,39.049,-94.484,19.0,43.5,33.0,-118.0,12.75,25.5,True,True,True,W,0.847458
2023_19_PHI_TB,2023,19,WC,TB,PHI,2024-01-16T01:00:00+00:00,27.976,-82.503,2.0,43.0,41.0,-102.0,2.875,4.125,False,True,False,W,0.980392
2023_19_PIT_BUF,2023,19,WC,BUF,PIT,2024-01-15T21:30:00+00:00,42.774,-78.787,10.0,39.5,48.0,-115.0,9.05,20.35,True,True,True,L,-1.0
2023_20_GB_SF,2023,20,DIV,SF,GB,2024-01-21T01:15:00+00:00,37.403,-121.97,8.0,50.5,45.0,-105.0,5.525,12.875,False,True,False,W,0.952381
2023_20_HOU_BAL,2023,20,DIV,BAL,HOU,2024-01-20T21:30:00+00:00,39.278,-76.623,16.0,44.0,44.0,-105.0,10.975,27.9,True,True,True,P,0.0
2023_20_KC_BUF,2023,20,DIV,BUF,KC,2024-01-21T23:30:00+00:00,42.774,-78.787,11.0,45.5,51.0,-108.0,7.625,18.025,False,True,True,L,-1.0
2023_21_DET_SF,2023,21,CON,SF,DET,2024-01-28T23:30:00+00:00,37.403,-121.97,5.0,52.5,65.0,-110.0,3.325,3.75,False,True,False,L,-1.0
2023_21_KC_BAL,2023,21,CON,BAL,KC,2024-01-28T20:00:00+00:00,39.278,-76.623,7.0,44.0,27.0,-105.0,7.025,15.1,False,True,False,W,0.952381
2024_01_ARI_BUF,2024,1,REG,BUF,ARI,2024-09-08T17:00:00+00:00,42.774,-78.787,20.0,46.0,62.0,-112.0,18.15,27.300000000000004,True,True,True,L,-1.0
2024_01_BAL_KC,2024,1,REG,KC,BAL,2024-09-06T00:20:00+00:00,39.049,-94.484,8.0,46.0,47.0,-110.0,7.025,14.8,False,True,False,L,-1.0
2024_01_DAL_CLE,2024,1,REG,CLE,DAL,2024-09-08T20:25:00+00:00,41.506,-81.7,17.0,42.0,50.0,-108.0,13.975,18.125,True,True,True,L,-1.0
2024_01_DEN_SEA,2024,1,REG,SEA,DEN,2024-09-08T20:05:00+00:00,47.595,-122.332,7.0,42.0,46.0,-108.0,4.3,9.0,False,True,False,L,-1.0
2024_01_GB_PHI,2024,1,REG,PHI,GB,2024-09-07T00:15:00+00:00,-23.545,-46.474,,49.5,63.0,-112.0,5.425,10.225,False,True,False,L,-1.0
2024_01_JAX_MIA,2024,1,REG,MIA,JAX,2024-09-08T17:00:00+00:00,25.958,-80.239,10.0,49.5,37.0,-112.0,9.1,11.1,False,True,True,W,0.892857
2024_01_MIN_NYG,2024,1,REG,NYG,MIN,2024-09-08T17:00:00+00:00,40.813,-74.075,10.0,42.5,34.0,-108.0,10.775,19.025,True,True,True,W,0.925926
2024_01_NE_CIN,2024,1,REG,CIN,NE,2024-09-08T17:00:00+00:00,39.096,-84.516,5.0,40.5,26.0,-112.0,1.65,3.35,False,True,False,W,0.892857
2024_01_NYJ_SF,2024,1,REG,SF,NYJ,2024-09-10T00:15:00+00:00,37.403,-121.97,10.0,43.0,51.0,-108.0,12.000000000000002,16.1,True,True,True,L,-1.0
2024_01_TEN_CHI,2024,1,REG,CHI,TEN,2024-09-08T17:00:00+00:00,41.862,-87.617,8.0,43.0,41.0,-110.0,8.649999999999999,11.8,False,True,False,W,0.909091
2024_01_WAS_TB,2024,1,REG,TB,WAS,2024-09-08T20:25:00+00:00,27.976,-82.503,6.0,42.0,57.0,-110.0,4.175,7.549999999999999,False,True,False,L,-1.0
2024_02_ATL_PHI,2024,2,REG,PHI,ATL,2024-09-17T00:15:00+00:00,39.901,-75.168,9.0,46.5,43.0,-110.0,3.25,8.375,False,True,False,W,0.909091
2024_02_BUF_MIA,2024,2,REG,MIA,BUF,2024-09-13T00:15:00+00:00,25.958,-80.239,3.0,48.5,41.0,-105.0,3.8,7.949999999999999,False,True,False,W,0.952381
2024_02_CIN_KC,2024,2,REG,KC,CIN,2024-09-15T20:25:00+00:00,39.049,-94.484,8.0,47.5,51.0,-108.0,7.45,9.575,False,True,False,L,-1.0
2024_02_CLE_JAX,2024,2,REG,JAX,CLE,2024-09-15T17:00:00+00:00,30.324,-81.637,12.0,41.5,31.0,-108.0,9.575,17.0,False,True,True,W,0.925926
2024_02_IND_GB,2024,2,REG,GB,IND,2024-09-15T17:00:00+00:00,44.501,-88.062,7.0,41.5,26.0,-110.0,4.6,6.925,False,True,False,W,0.909091
2024_02_LAC_CAR,2024,2,REG,CAR,LAC,2024-09-15T17:00:00+00:00,35.226,-80.853,13.0,39.0,29.0,-112.0,12.2,21.6,True,True,True,W,0.892857
2024_02_LV_BAL,2024,2,REG,BAL,LV,2024-09-15T17:00:00+00:00,39.278,-76.623,10.0,41.0,49.0,-108.0,9.725,14.775,False,True,True,L,-1.0
2024_02_NYG_WAS,2024,2,REG,WAS,NYG,2024-09-15T17:00:00+00:00,38.908,-76.865,11.0,42.5,39.0,-105.0,8.425,15.725,False,True,True,W,0.952381
2024_02_NYJ_TEN,2024,2,REG,TEN,NYJ,2024-09-15T17:00:00+00:00,36.166,-86.771,13.0,41.5,41.0,-112.0,6.275,13.925,False,True,True,W,0.892857
2024_02_PIT_DEN,2024,2,REG,DEN,PIT,2024-09-15T20:25:00+00:00,39.744,-105.02,4.0,36.5,19.0,-112.0,10.725,18.5,True,True,False,W,0.892857
2024_02_SEA_NE,2024,2,REG,NE,SEA,2024-09-15T17:00:00+00:00,42.091,-71.264,5.0,39.0,43.0,-110.0,5.5,7.15,False,True,False,L,-1.0
2024_03_DEN_TB,2024,3,REG,TB,DEN,2024-09-22T17:00:00+00:00,27.976,-82.503,6.0,40.5,33.0,-108.0,4.95,5.7,False,True,False,W,0.925926
2024_03_GB_TEN,2024,3,REG,TEN,GB,2024-09-22T17:00:00+00:00,36.166,-86.771,7.0,37.0,44.0,-108.0,6.074999999999999,9.325,False,True,False,L,-1.0
2024_03_JAX_BUF,2024,3,REG,BUF,JAX,2024-09-23T23:30:00+00:00,42.774,-78.787,5.0,46.5,57.0,-110.0,4.525,11.2,False,True,False,L,-1.0
2024_03_LAC_PIT,2024,3,REG,PIT,LAC,2024-09-22T17:00:00+00:00,40.447,-80.016,2.0,36.0,30.0,-115.0,2.625,3.8,False,True,False,W,0.869565
2024_03_MIA_SEA,2024,3,REG,SEA,MIA,2024-09-22T20:05:00+00:00,47.595,-122.332,2.0,41.5,27.0,-110.0,3.45,5.875,False,True,False,W,0.909091
2024_03_NE_NYJ,2024,3,REG,NYJ,NE,2024-09-20T00:15:00+00:00,40.813,-74.075,5.0,39.0,27.0,-108.0,3.85,7.15,False,True,False,W,0.925926
2024_03_NYG_CLE,2024,3,REG,CLE,NYG,2024-09-22T17:00:00+00:00,41.506,-81.7,4.0,38.0,36.0,-108.0,6.699999999999999,9.5,False,True,False,W,0.925926
2024_03_WAS_CIN,2024,3,REG,CIN,WAS,2024-09-24T00:15:00+00:00,39.096,-84.516,5.0,46.0,71.0,-112.0,1.75,5.85,False,True,False,L,-1.0
2024_04_BUF_BAL,2024,4,REG,BAL,BUF,2024-09-30T00:20:00+00:00,39.278,-76.623,8.0,46.5,45.0,-110.0,4.325,15.375,False,True,False,W,0.909091
2024_04_CIN_CAR,2024,4,REG,CAR,CIN,2024-09-29T17:00:00+00:00,35.226,-80.853,6.0,47.0,58.0,-108.0,4.45,11.9,False,True,False,L,-1.0
2024_04_DAL_NYG,2024,4,REG,NYG,DAL,2024-09-27T00:15:00+00:00,40.813,-74.075,3.0,45.0,35.0,-112.0,1.225,2.6750000000000003,False,True,False,W,0.892857
2024_04_DEN_NYJ,2024,4,REG,NYJ,DEN,2024-09-29T17:00:00+00:00,40.813,-74.075,8.0,39.5,19.0,-112.0,6.124999999999999,11.9,False,True,False,W,0.892857
2024_04_LA_CHI,2024,4,REG,CHI,LA,2024-09-29T17:00:00+00:00,41.862,-87.617,16.0,40.0,42.0,-105.0,12.525,19.15,True,True,True,L,-1.0
2024_04_MIN_GB,2024,4,REG,GB,MIN,2024-09-29T17:00:00+00:00,44.501,-88.062,15.0,44.0,60.0,-112.0,11.575,17.025,True,True,True,L,-1.0
2024_04_NE_SF,2024,4,REG,SF,NE,2024-09-29T20:05:00+00:00,37.403,-121.97,5.0,41.5,43.0,-110.0,8.525,9.225,False,True,False,L,-1.0
2024_04_PHI_TB,2024,4,REG,TB,PHI,2024-09-29T17:00:00+00:00,27.976,-82.503,9.0,42.0,49.0,-108.0,7.649999999999999,10.2,False,True,False,L,-1.0
2024_04_TEN_MIA,2024,4,REG,MIA,TEN,2024-09-30T23:30:00+00:00,25.958,-80.239,9.0,37.0,43.0,-110.0,5.375,10.125,False,True,False,L,-1.0
2024_05_ARI_SF,2024,5,REG,SF,ARI,2024-10-06T20:05:00+00:00,37.403,-121.97,3.0,48.5,47.0,-108.0,8.075,12.3,False,True,False,W,0.925926
2024_05_BAL_CIN,2024,5,REG,CIN,BAL,2024-10-06T17:00:00+00:00,39.096,-84.516,10.0,48.5,79.0,-112.0,11.0,20.175,True,True,True,L,-1.0
2024_05_CAR_CHI,2024,5,REG,CHI,CAR,2024-10-06T17:00:00+00:00,41.862,-87.617,7.0,40.0,46.0,-108.0,16.825,28.450000000000003,True,True,False,L,-1.0
2024_05_CLE_WAS,2024,5,REG,WAS,CLE,2024-10-06T17:00:00+00:00,38.908,-76.865,5.0,44.0,47.0,-112.0,6.6,9.325,False,True,False,L,-1.0
2024_05_DAL_PIT,2024,5,REG,PIT,DAL,2024-10-07T00:20:00+00:00,40.447,-80.016,6.0,43.5,37.0,-108.0,9.875,21.875,True,True,False,W,0.925926
2024_05_IND_JAX,2024,5,REG,JAX,IND,2024-10-06T17:00:00+00:00,30.324,-81.637,4.0,45.0,71.0,-110.0,7.725,14.2,False,True,False,L,-1.0
2024_05_LV_DEN,2024,5,REG,DEN,LV,2024-10-06T20:05:00+00:00,39.744,-105.02,7.0,36.0,52.0,-108.0,6.375,8.200000000000001,False,True,False,L,-1.0
2024_05_MIA_NE,2024,5,REG,NE,MIA,2024-10-06T17:00:00+00:00,42.091,-71.264,2.0,37.0,25.0,-108.0,2.55,4.675,False,True,False,W,0.925926
2024_05_NO_KC,2024,5,REG,KC,NO,2024-10-08T00:15:00+00:00,39.049,-94.484,1.0,43.0,39.0,-110.0,3.05,4.425,False,True,False,W,0.909091
2024_05_NYG_SEA,2024,5,REG,SEA,NYG,2024-10-06T20:25:00+00:00,47.595,-122.332,3.0,42.5,49.0,-110.0,2.775,8.525,False,True,False,L,-1.0
2024_05_NYJ_MIN,2024,5,REG,MIN,NYJ,2024-10-06T13:30:00+00:00,51.604,-0.066,8.0,42.0,40.0,-112.0,8.525,19.675,False,True,False,W,0.892857
2024_06_ARI_GB,2024,6,REG,GB,ARI,2024-10-13T17:00:00+00:00,44.501,-88.062,4.0,47.0,47.0,-110.0,4.824999999999999,12.775,False,True,False,P,0.0
2024_06_ATL_CAR,2024,6,REG,CAR,ATL,2024-10-13T20:25:00+00:00,35.226,-80.853,9.0,45.5,58.0,-110.0,6.225,13.05,False,True,False,L,-1.0
2024_06_BUF_NYJ,2024,6,REG,NYJ,BUF,2024-10-15T00:15:00+00:00,40.813,-74.075,14.0,42.0,43.0,-110.0,13.375,29.35,True,True,True,L,-1.0
2024_06_CIN_NYG,2024,6,REG,NYG,CIN,2024-10-14T00:20:00+00:00,40.813,-74.075,2.0,46.0,24.0,-102.0,4.6,9.6,False,True,False,W,0.980392
2024_06_CLE_PHI,2024,6,REG,PHI,CLE,2024-10-13T17:00:00+00:00,39.901,-75.168,10.0,42.0,36.0,-110.0,8.425,17.175,False,True,True,W,0.909091
2024_06_HOU_NE,2024,6,REG,NE,HOU,2024-10-13T17:00:00+00:00,42.091,-71.264,5.0,38.5,62.0,-112.0,6.85,10.275,False,True,False,L,-1.0
2024_06_IND_TEN,2024,6,REG,TEN,IND,2024-10-13T17:00:00+00:00,36.166,-86.771,12.0,42.0,37.0,-112.0,9.425,20.075,True,True,True,W,0.892857
2024_06_JAX_CHI,2024,6,REG,CHI,JAX,2024-10-13T13:30:00+00:00,51.604,-0.066,3.0,44.5,51.0,-108.0,2.275,7.825,False,True,False,L,-1.0
2024_06_LAC_DEN,2024,6,REG,DEN,LAC,2024-10-13T20:05:00+00:00,39.744,-105.02,7.0,37.0,39.0,-108.0,5.925,7.125,False,True,False,L,-1.0
2024_06_SF_SEA,2024,6,REG,SEA,SF,2024-10-11T00:15:00+00:00,47.595,-122.332,10.0,49.0,60.0,-110.0,3.675,12.425,False,True,True,L,-1.0
2024_06_WAS_BAL,2024,6,REG,BAL,WAS,2024-10-13T17:00:00+00:00,39.278,-76.623,8.0,51.5,53.0,-110.0,9.525,15.175,False,True,False,L,-1.0
2024_07_BAL_TB,2024,7,REG,TB,BAL,2024-10-22T00:15:00+00:00,27.976,-82.503,8.0,51.0,72.0,-110.0,6.925000000000001,20.025,True,True,False,L,-1.0
2024_07_CAR_WAS,2024,7,REG,WAS,CAR,2024-10-20T20:05:00+00:00,38.908,-76.865,2.0,51.0,47.0,-110.0,1.875,6.325000000000001,False,True,False,W,0.909091
2024_07_CIN_CLE,2024,7,REG,CLE,CIN,2024-10-20T17:00:00+00:00,41.506,-81.7,8.0,42.0,35.0,-112.0,6.025,9.05,False,True,False,W,0.892857
2024_07_HOU_GB,2024,7,REG,GB,HOU,2024-10-20T17:00:00+00:00,44.501,-88.062,3.0,48.0,46.0,-108.0,9.75,19.125,False,True,False,W,0.925926
2024_07_KC_SF,2024,7,REG,SF,KC,2024-10-20T20:25:00+00:00,37.403,-121.97,3.0,47.5,46.0,-110.0,6.7250000000000005,9.525,False,True,False,W,0.909091
2024_07_NE_JAX,2024,7,REG,JAX,NE,2024-10-20T13:30:00+00:00,51.556,-0.28,12.0,42.0,48.0,-108.0,14.65,33.225,True,True,True,L,-1.0
2024_07_NYJ_PIT,2024,7,REG,PIT,NYJ,2024-10-21T00:20:00+00:00,40.447,-80.016,4.0,40.0,52.0,-110.0,2.425,3.75,False,True,False,L,-1.0
2024_07_PHI_NYG,2024,7,REG,NYG,PHI,2024-10-20T17:00:00+00:00,40.813,-74.075,4.0,42.0,31.0,-110.0,3.3,7.825,False,True,False,W,0.909091
2024_07_TEN_BUF,2024,7,REG,BUF,TEN,2024-10-20T17:00:00+00:00,42.774,-78.787,12.0,41.0,44.0,-108.0,13.675,22.700000000000003,True,True,True,L,-1.0
2024_08_ARI_MIA,2024,8,REG,MIA,ARI,2024-10-27T17:00:00+00:00,25.958,-80.239,14.0,46.5,55.0,-110.0,12.225,15.900000000000002,True,True,True,L,-1.0
2024_08_ATL_TB,2024,8,REG,TB,ATL,2024-10-27T17:00:00+00:00,27.976,-82.503,6.0,47.0,57.0,-108.0,6.275,10.5,False,True,False,L,-1.0
2024_08_BAL_CLE,2024,8,REG,CLE,BAL,2024-10-27T17:00:00+00:00,41.506,-81.7,4.0,44.5,53.0,-105.0,4.4,5.425000000000001,False,True,False,L,-1.0
2024_08_BUF_SEA,2024,8,REG,SEA,BUF,2024-10-27T20:05:00+00:00,47.595,-122.332,14.0,45.5,41.0,-105.0,10.9,27.25,True,True,True,W,0.952381
2024_08_CAR_DEN,2024,8,REG,DEN,CAR,2024-10-27T20:25:00+00:00,39.744,-105.02,4.0,40.5,42.0,-112.0,4.925000000000001,6.65,False,True,False,L,-1.0
2024_08_CHI_WAS,2024,8,REG,WAS,CHI,2024-10-27T20:25:00+00:00,38.908,-76.865,2.0,46.5,33.0,-108.0,3.0,5.300000000000001,False,True,False,W,0.925926
2024_08_DAL_SF,2024,8,REG,SF,DAL,2024-10-28T00:20:00+00:00,37.403,-121.97,9.0,48.0,54.0,-110.0,10.225,14.425,True,True,False,L,-1.0
2024_08_GB_JAX,2024,8,REG,JAX,GB,2024-10-27T17:00:00+00:00,30.324,-81.637,4.0,49.0,57.0,-112.0,4.800000000000001,6.55,False,True,False,L,-1.0
2024_08_NYG_PIT,2024,8,REG,PIT,NYG,2024-10-29T00:15:00+00:00,40.447,-80.016,7.0,37.5,44.0,-110.0,2.15,3.875,False,True,False,L,-1.0
2024_08_NYJ_NE,2024,8,REG,NE,NYJ,2024-10-27T17:00:00+00:00,42.091,-71.264,8.0,41.0,47.0,-110.0,10.5,20.5,True,True,False,L,-1.0
2024_08_PHI_CIN,2024,8,REG,CIN,PHI,2024-10-27T17:00:00+00:00,39.096,-84.516,6.0,47.5,54.0,-108.0,3.025,4.2,False,True,False,L,-1.0
2024_09_DEN_BAL,2024,9,REG,BAL,DEN,2024-11-03T18:00:00+00:00,39.278,-76.623,3.0,46.5,51.0,-110.0,3.65,5.15,False,True,False,L,-1.0
2024_09_DET_GB,2024,9,REG,GB,DET,2024-11-03T21:25:00+00:00,44.501,-88.062,15.0,47.5,38.0,-108.0,8.075000000000001,33.224999999999994,True,True,True,W,0.925926
2024_09_HOU_NYJ,2024,9,REG,NYJ,HOU,2024-11-01T00:15:00+00:00,40.813,-74.075,8.0,43.5,34.0,-105.0,7.050000000000001,19.3,False,True,False,W,0.952381
2024_09_JAX_PHI,2024,9,REG,PHI,JAX,2024-11-03T21:05:00+00:00,39.901,-75.168,6.0,46.0,51.0,-110.0,2.925,5.35,False,True,False,L,-1.0
2024_09_LAC_CLE,2024,9,REG,CLE,LAC,2024-11-03T18:00:00+00:00,41.506,-81.7,10.0,42.5,37.0,-108.0,8.774999999999999,14.7,False,True,True,W,0.925926
2024_09_LA_SEA,2024,9,REG,SEA,LA,2024-11-03T21:25:00+00:00,47.595,-122.332,4.0,48.5,46.0,-110.0,3.575,5.4750000000000005,False,True,False,W,0.909091
2024_09_LV_CIN,2024,9,REG,CIN,LV,2024-11-03T18:00:00+00:00,39.096,-84.516,7.0,45.0,65.0,-108.0,5.525,11.125,False,True,False,L,-1.0
2024_09_MIA_BUF,2024,9,REG,BUF,MIA,2024-11-03T18:00:00+00:00,42.774,-78.787,9.0,49.0,57.0,-108.0,9.05,12.125,False,True,False,L,-1.0
2024_09_NE_TEN,2024,9,REG,TEN,NE,2024-11-03T18:00:00+00:00,36.166,-86.771,10.0,38.5,37.0,-110.0,11.275,20.075,True,True,True,W,0.909091
2024_09_NO_CAR,2024,9,REG,CAR,NO,2024-11-03T18:00:00+00:00,35.226,-80.853,7.0,43.5,45.0,-108.0,5.45,8.85,False,True,False,L,-1.0
2024_09_TB_KC,2024,9,REG,KC,TB,2024-11-05T01:15:00+00:00,39.049,-94.484,6.0,45.5,54.0,-108.0,6.199999999999999,13.375,False,True,False,L,-1.0
2024_09_WAS_NYG,2024,9,REG,NYG,WAS,2024-11-03T18:00:00+00:00,40.813,-74.075,6.0,44.5,49.0,-110.0,5.200000000000001,7.625,False,True,False,L,-1.0
2024_10_CIN_BAL,2024,10,REG,BAL,CIN,2024-11-08T01:15:00+00:00,39.278,-76.623,6.0,53.0,69.0,-108.0,2.5,5.875,False,True,False,L,-1.0
2024_10_DEN_KC,2024,10,REG,KC,DEN,2024-11-10T18:00:00+00:00,39.049,-94.484,12.0,42.5,30.0,-110.0,8.35,15.1,False,True,True,W,0.909091
2024_10_MIN_JAX,2024,10,REG,JAX,MIN,2024-11-10T18:00:00+00:00,30.324,-81.637,7.0,42.5,19.0,-108.0,10.125,20.775,True,True,False,W,0.925926
2024_10_NE_CHI,2024,10,REG,CHI,NE,2024-11-10T18:00:00+00:00,41.862,-87.617,6.0,37.5,22.0,-112.0,14.9,29.475,True,True,False,W,0.892857
2024_10_NYG_CAR,2024,10,REG,CAR,NYG,2024-11-10T14:30:00+00:00,48.219,11.625,,40.5,37.0,-115.0,2.325,4.6,False,True,False,W,0.869565
2024_10_PIT_WAS,2024,10,REG,WAS,PIT,2024-11-10T18:00:00+00:00,38.908,-76.865,9.0,45.0,55.0,-108.0,8.85,22.55,True,True,False,L,-1.0
2024_10_SF_TB,2024,10,REG,TB,SF,2024-11-10T18:00:00+00:00,27.976,-82.503,9.0,50.5,43.0,-112.0,7.550000000000001,10.9,False,True,False,W,0.892857
2024_11_ATL_DEN,2024,11,REG,DEN,ATL,2024-11-17T21:05:00+00:00,39.744,-105.02,9.0,44.5,44.0,-112.0,3.1,5.324999999999999,False,True,False,W,0.892857
2024_11_BAL_PIT,2024,11,REG,PIT,BAL,2024-11-17T18:00:00+00:00,40.447,-80.016,5.0,48.0,34.0,-108.0,4.924999999999999,10.475,False,True,False,W,0.925926
2024_11_GB_CHI,2024,11,REG,CHI,GB,2024-11-17T18:00:00+00:00,41.862,-87.617,5.0,41.0,39.0,-108.0,7.225,13.65,False,True,False,W,0.925926
2024_11_IND_NYJ,2024,11,REG,NYJ,IND,2024-11-17T18:00:00+00:00,40.813,-74.075,4.0,43.0,55.0,-110.0,4.6000000000000005,8.35,False,True,False,L,-1.0
2024_11_KC_BUF,2024,11,REG,BUF,KC,2024-11-17T21:25:00+00:00,42.774,-78.787,3.0,46.5,51.0,-108.0,5.375,14.575,False,True,False,L,-1.0
2024_11_LA_NE,2024,11,REG,NE,LA,2024-11-17T18:00:00+00:00,42.091,-71.264,9.0,42.5,50.0,-112.0,9.5,18.6,False,True,False,L,-1.0
2024_11_LV_MIA,2024,11,REG,MIA,LV,2024-11-17T18:00:00+00:00,25.958,-80.239,16.0,43.5,53.0,-112.0,10.9,14.575,True,True,True,L,-1.0
2024_11_MIN_TEN,2024,11,REG,TEN,MIN,2024-11-17T18:00:00+00:00,36.166,-86.771,7.0,40.0,36.0,-110.0,6.4750000000000005,12.9,False,True,False,W,0.909091
2024_11_SEA_SF,2024,11,REG,SF,SEA,2024-11-17T21:05:00+00:00,37.403,-121.97,4.0,49.0,37.0,-112.0,4.275,5.375,False,True,False,W,0.892857
2024_11_WAS_PHI,2024,11,REG,PHI,WAS,2024-11-15T01:15:00+00:00,39.901,-75.168,9.0,49.5,44.0,-110.0,6.55,15.425,False,True,False,W,0.909091
2024_12_ARI_SEA,2024,12,REG,SEA,ARI,2024-11-24T21:25:00+00:00,47.595,-122.332,5.0,46.5,22.0,-108.0,3.95,10.349999999999998,False,True,False,W,0.925926
2024_12_DAL_WAS,2024,12,REG,WAS,DAL,2024-11-24T18:00:00+00:00,38.908,-76.865,5.0,45.0,60.0,-110.0,6.125,16.225,False,True,False,L,-1.0
2024_12_KC_CAR,2024,12,REG,CAR,KC,2024-11-24T18:00:00+00:00,35.226,-80.853,5.0,43.0,57.0,-110.0,2.775,6.425,False,True,False,L,-1.0
2024_12_MIN_CHI,2024,12,REG,CHI,MIN,2024-11-24T18:00:00+00:00,41.862,-87.617,5.0,39.5,57.0,-108.0,8.625,15.775000000000002,False,True,False,L,-1.0
2024_12_NE_MIA,2024,12,REG,MIA,NE,2024-11-24T18:00:00+00:00,25.958,-80.239,6.0,46.0,49.0,-108.0,6.45,7.899999999999999,False,True,False,L,-1.0
2024_12_PIT_CLE,2024,12,REG,CLE,PIT,2024-11-22T01:15:00+00:00,41.506,-81.7,13.0,36.5,43.0,-108.0,11.775,22.025,True,True,True,L,-1.0
2024_12_SF_GB,2024,12,REG,GB,SF,2024-11-24T21:25:00+00:00,44.501,-88.062,11.0,44.5,48.0,-108.0,8.775,19.975,False,True,True,L,-1.0
2024_12_TB_NYG,2024,12,REG,NYG,TB,2024-11-24T18:00:00+00:00,40.813,-74.075,13.0,40.5,37.0,-110.0,13.425,28.125,True,True,True,W,0.909091
2024_13_CLE_DEN,2024,13,REG,DEN,CLE,2024-12-03T01:15:00+00:00,39.744,-105.02,4.0,41.5,73.0,-110.0,3.55,4.15,False,True,False,L,-1.0
2024_13_HOU_JAX,2024,13,REG,JAX,HOU,2024-12-01T18:00:00+00:00,30.324,-81.637,,44.5,43.0,-108.0,5.825,8.45,False,True,False,W,0.925926
2024_13_IND_NE,2024,13,REG,NE,IND,2024-12-01T18:00:00+00:00,42.091,-71.264,9.0,41.5,49.0,-110.0,8.35,15.85,False,True,False,L,-1.0
2024_13_LV_KC,2024,13,REG,KC,LV,2024-11-29T20:00:00+00:00,39.049,-94.484,5.0,42.0,36.0,-108.0,2.225,6.5,False,True,False,W,0.925926
2024_13_MIA_GB,2024,13,REG,GB,MIA,2024-11-29T01:20:00+00:00,44.501,-88.062,10.0,47.5,47.0,-110.0,9.725,21.5,True,True,True,W,0.909091
2024_13_PHI_BAL,2024,13,REG,BAL,PHI,2024-12-01T21:25:00+00:00,39.278,-76.623,7.0,50.0,43.0,-110.0,4.5,13.15,False,True,False,W,0.909091
2024_13_PIT_CIN,2024,13,REG,CIN,PIT,2024-12-01T18:00:00+00:00,39.096,-84.516,9.0,46.0,82.0,-108.0,8.375,15.05,False,True,False,L,-1.0
2024_13_SEA_NYJ,2024,13,REG,NYJ,SEA,2024-12-01T18:00:00+00:00,40.813,-74.075,12.0,41.5,47.0,-110.0,11.85,21.125,True,True,True,L,-1.0
2024_13_SF_BUF,2024,13,REG,BUF,SF,2024-12-02T01:20:00+00:00,42.774,-78.787,11.0,45.0,45.0,-110.0,9.475,19.525,False,True,True,P,0.0
2024_13_TB_CAR,2024,13,REG,CAR,TB,2024-12-01T21:05:00+00:00,35.226,-80.853,7.0,46.0,49.0,-110.0,2.85,8.5,False,True,False,L,-1.0
2024_13_TEN_WAS,2024,13,REG,WAS,TEN,2024-12-01T18:00:00+00:00,38.908,-76.865,6.0,45.0,61.0,-108.0,5.4,16.55,False,True,False,L,-1.0
2024_14_CAR_PHI,2024,14,REG,PHI,CAR,2024-12-08T18:00:00+00:00,39.901,-75.168,16.0,44.5,38.0,-112.0,12.175,25.225,True,True,True,W,0.892857
2024_14_CHI_SF,2024,14,REG,SF,CHI,2024-12-08T21:25:00+00:00,37.403,-121.97,4.0,43.5,51.0,-108.0,7.175,10.8,False,True,False,L,-1.0
2024_14_CLE_PIT,2024,14,REG,PIT,CLE,2024-12-08T18:00:00+00:00,40.447,-80.016,12.0,43.0,41.0,-110.0,9.95,19.125,False,True,True,W,0.909091
2024_14_JAX_TEN,2024,14,REG,TEN,JAX,2024-12-08T18:00:00+00:00,36.166,-86.771,9.0,40.0,16.0,-108.0,6.725,15.375000000000002,False,True,False,W,0.925926
2024_14_LAC_KC,2024,14,REG,KC,LAC,2024-12-09T01:20:00+00:00,39.049,-94.484,10.0,43.5,36.0,-110.0,10.325,26.825000000000003,True,True,True,W,0.909091
2024_14_LV_TB,2024,14,REG,TB,LV,2024-12-08T18:00:00+00:00,27.976,-82.503,4.0,47.0,41.0,-112.0,3.375,4.575,False,True,False,W,0.892857
2024_14_NO_NYG,2024,14,REG,NYG,NO,2024-12-08T18:00:00+00:00,40.813,-74.075,13.0,41.0,25.0,-110.0,13.25,22.200000000000003,True,True,True,W,0.909091
2024_14_NYJ_MIA,2024,14,REG,MIA,NYJ,2024-12-08T18:00:00+00:00,25.958,-80.239,12.0,45.0,58.0,-112.0,8.725,10.675,False,True,True,L,-1.0
2024_15_BAL_NYG,2024,15,REG,NYG,BAL,2024-12-15T18:00:00+00:00,40.813,-74.075,6.0,43.5,49.0,-112.0,6.25,10.75,False,True,False,L,-1.0
2024_15_CIN_TEN,2024,15,REG,TEN,CIN,2024-12-15T18:00:00+00:00,36.166,-86.771,12.0,46.5,64.0,-112.0,5.025,16.575000000000003,False,True,True,L,-1.0
2024_15_DAL_CAR,2024,15,REG,CAR,DAL,2024-12-15T18:00:00+00:00,35.226,-80.853,7.0,42.0,44.0,-112.0,6.800000000000001,9.15,False,True,False,L,-1.0
2024_15_GB_SEA,2024,15,REG,SEA,GB,2024-12-16T01:20:00+00:00,47.595,-122.332,3.0,48.0,43.0,-110.0,3.925,6.3,False,True,False,W,0.909091
2024_15_IND_DEN,2024,15,REG,DEN,IND,2024-12-15T21:25:00+00:00,39.744,-105.02,15.0,43.5,44.0,-108.0,12.45,21.05,True,True,True,L,-1.0
2024_15_KC_CLE,2024,15,REG,CLE,KC,2024-12-15T18:00:00+00:00,41.506,-81.7,18.0,41.5,28.0,-112.0,12.675,22.575,True,True,True,W,0.892857
2024_15_LA_SF,2024,15,REG,SF,LA,2024-12-13T01:15:00+00:00,37.403,-121.97,4.0,48.5,18.0,-110.0,4.25,7.875,False,True,False,W,0.909091
2024_15_NYJ_JAX,2024,15,REG,JAX,NYJ,2024-12-15T18:00:00+00:00,30.324,-81.637,,41.5,57.0,-112.0,8.725,12.375,False,True,False,L,-1.0
2024_15_PIT_PHI,2024,15,REG,PHI,PIT,2024-12-15T21:25:00+00:00,39.901,-75.168,5.0,43.0,40.0,-110.0,4.975,14.125,False,True,False,W,0.909091
2024_16_ARI_CAR,2024,16,REG,CAR,ARI,2024-12-22T18:00:00+00:00,35.226,-80.853,10.0,47.0,66.0,-110.0,2.225,3.825,False,True,True,L,-1.0
2024_16_CLE_CIN,2024,16,REG,CIN,CLE,2024-12-22T18:00:00+00:00,39.096,-84.516,6.0,46.5,30.0,-112.0,3.725,5.175000000000001,False,True,False,W,0.892857
2024_16_DET_CHI,2024,16,REG,CHI,DET,2024-12-22T18:00:00+00:00,41.862,-87.617,7.0,47.5,51.0,-110.0,7.699999999999999,20.55,True,True,False,L,-1.0
2024_16_HOU_KC,2024,16,REG,KC,HOU,2024-12-21T18:00:00+00:00,39.049,-94.484,5.0,42.5,46.0,-108.0,4.4,5.775,False,True,False,L,-1.0
2024_16_LA_NYJ,2024,16,REG,NYJ,LA,2024-12-22T18:00:00+00:00,40.813,-74.075,8.0,47.0,28.0,-110.0,10.825,14.2,True,True,False,W,0.909091
2024_16_MIN_SEA,2024,16,REG,SEA,MIN,2024-12-22T21:05:00+00:00,47.595,-122.332,5.0,43.0,51.0,-115.0,5.325,16.45,False,True,False,L,-1.0
2024_16_NE_BUF,2024,16,REG,BUF,NE,2024-12-22T21:25:00+00:00,42.774,-78.787,2.0,48.0,45.0,-110.0,2.975,5.5,False,True,False,W,0.909091
2024_16_NO_GB,2024,16,REG,GB,NO,2024-12-24T01:15:00+00:00,44.501,-88.062,12.0,44.0,34.0,-110.0,6.525,20.175,True,True,True,W,0.909091
2024_16_PHI_WAS,2024,16,REG,WAS,PHI,2024-12-22T18:00:00+00:00,38.908,-76.865,8.0,47.0,69.0,-110.0,6.675,9.625,False,True,False,L,-1.0
2024_16_PIT_BAL,2024,16,REG,BAL,PIT,2024-12-21T21:30:00+00:00,39.278,-76.623,15.0,44.5,51.0,-112.0,10.1,22.325,True,True,True,L,-1.0
2024_16_SF_MIA,2024,16,REG,MIA,SF,2024-12-22T21:25:00+00:00,25.958,-80.239,12.0,44.0,46.0,-108.0,7.025,13.775,False,True,True,L,-1.0
2024_17_ATL_WAS,2024,17,REG,WAS,ATL,2024-12-30T01:20:00+00:00,38.908,-76.865,10.0,46.5,54.0,-110.0,9.375,31.825000000000003,True,True,True,L,-1.0
2024_17_CAR_TB,2024,17,REG,TB,CAR,2024-12-29T18:00:00+00:00,27.976,-82.503,8.0,47.5,62.0,-108.0,5.85,10.075,False,True,False,L,-1.0
2024_17_DAL_PHI,2024,17,REG,PHI,DAL,2024-12-29T18:00:00+00:00,39.901,-75.168,10.0,37.5,48.0,-108.0,10.525,29.950000000000003,True,True,True,L,-1.0
2024_17_DEN_CIN,2024,17,REG,CIN,DEN,2024-12-28T21:30:00+00:00,39.096,-84.516,8.0,50.5,54.0,-110.0,4.075,8.9,False,True,False,L,-1.0
2024_17_DET_SF,2024,17,REG,SF,DET,2024-12-31T01:15:00+00:00,37.403,-121.97,,50.5,74.0,-110.0,4.375,7.325,False,True,False,L,-1.0
2024_17_IND_NYG,2024,17,REG,NYG,IND,2024-12-29T18:00:00+00:00,40.813,-74.075,0.0,40.5,78.0,-112.0,7.9,21.725,True,True,False,L,-1.0
2024_17_KC_PIT,2024,17,REG,PIT,KC,2024-12-25T18:00:00+00:00,40.447,-80.016,2.0,43.5,39.0,-110.0,3.3,4.525,False,True,False,W,0.909091
2024_17_LAC_NE,2024,17,REG,NE,LAC,2024-12-28T18:00:00+00:00,42.091,-71.264,4.0,42.0,47.0,-108.0,7.225,19.25,False,True,False,L,-1.0
2024_17_MIA_CLE,2024,17,REG,CLE,MIA,2024-12-29T21:05:00+00:00,41.506,-81.7,15.0,32.5,23.0,-112.0,8.525,30.575,True,True,True,W,0.892857
2024_17_NYJ_BUF,2024,17,REG,BUF,NYJ,2024-12-29T18:00:00+00:00,42.774,-78.787,15.0,44.5,54.0,-112.0,17.025,37.975,True,True,True,L,-1.0
2024_17_SEA_CHI,2024,17,REG,CHI,SEA,2024-12-27T01:15:00+00:00,41.862,-87.617,5.0,43.5,9.0,-112.0,5.5,15.775,False,True,False,W,0.892857
2024_17_TEN_JAX,2024,17,REG,JAX,TEN,2024-12-29T18:00:00+00:00,30.324,-81.637,16.0,38.0,33.0,-110.0,9.35,16.05,False,True,True,W,0.909091
2024_18_BUF_NE,2024,18,REG,NE,BUF,2025-01-05T18:00:00+00:00,42.091,-71.264,14.0,36.5,39.0,-108.0,14.3,28.450000000000003,True,True,True,L,-1.0
2024_18_CHI_GB,2024,18,REG,GB,CHI,2025-01-05T18:00:00+00:00,44.501,-88.062,13.0,41.5,46.0,-108.0,6.0,10.525,False,True,True,L,-1.0
2024_18_CIN_PIT,2024,18,REG,PIT,CIN,2025-01-05T01:00:00+00:00,40.447,-80.016,10.0,48.5,36.0,-112.0,7.199999999999999,21.575000000000003,True,True,True,W,0.892857
2024_18_CLE_BAL,2024,18,REG,BAL,CLE,2025-01-04T21:30:00+00:00,39.278,-76.623,16.0,42.5,45.0,-108.0,8.450000000000001,24.3,True,True,True,L,-1.0
2024_18_HOU_TEN,2024,18,REG,TEN,HOU,2025-01-05T18:00:00+00:00,36.166,-86.771,10.0,36.5,37.0,-108.0,7.5,14.925,False,True,True,L,-1.0
2024_18_KC_DEN,2024,18,REG,DEN,KC,2025-01-05T21:25:00+00:00,39.744,-105.02,5.0,40.5,38.0,-115.0,3.3000000000000003,5.875,False,True,False,W,0.869565
2024_18_MIA_NYJ,2024,18,REG,NYJ,MIA,2025-01-05T21:25:00+00:00,40.813,-74.075,10.0,39.5,52.0,-112.0,9.825,22.8,True,True,True,L,-1.0
2024_18_NO_TB,2024,18,REG,TB,NO,2025-01-05T18:00:00+00:00,27.976,-82.503,6.0,44.5,46.0,-112.0,7.575,9.9,False,True,False,L,-1.0
2024_18_NYG_PHI,2024,18,REG,PHI,NYG,2025-01-05T18:00:00+00:00,39.901,-75.168,19.0,36.5,33.0,-118.0,13.025,21.375,True,True,True,W,0.847458
2024_19_DEN_BUF,2024,19,WC,BUF,DEN,2025-01-12T18:00:00+00:00,42.774,-78.787,10.0,48.5,38.0,-102.0,8.55,13.075,False,True,True,W,0.980392
2024_19_GB_PHI,2024,19,WC,PHI,GB,2025-01-12T21:30:00+00:00,39.901,-75.168,6.0,45.5,32.0,-110.0,2.775,7.275,False,True,False,W,0.909091
2024_19_PIT_BAL,2024,19,WC,BAL,PIT,2025-01-12T01:00:00+00:00,39.278,-76.623,12.0,44.5,42.0,-108.0,6.475,26.65,True,True,True,W,0.925926
2024_19_WAS_TB,2024,19,WC,TB,WAS,2025-01-13T01:00:00+00:00,27.976,-82.503,2.0,51.5,43.0,-105.0,3.85,8.875,False,True,False,W,0.952381
2024_20_BAL_BUF,2024,20,DIV,BUF,BAL,2025-01-19T23:30:00+00:00,42.774,-78.787,4.0,51.5,52.0,-105.0,2.85,5.65,False,True,False,L,-1.0
2024_20_HOU_KC,2024,20,DIV,KC,HOU,2025-01-18T21:30:00+00:00,39.049,-94.484,17.0,41.5,37.0,-112.0,14.1,21.075000000000003,True,True,True,W,0.892857
2024_20_LA_PHI,2024,20,DIV,PHI,LA,2025-01-19T20:00:00+00:00,39.901,-75.168,8.0,43.5,50.0,-110.0,11.525,25.5,True,True,False,L,-1.0
2024_21_BUF_KC,2024,21,CON,KC,BUF,2025-01-26T23:30:00+00:00,39.049,-94.484,8.0,49.5,61.0,-115.0,4.625,10.8,False,True,False,L,-1.0
2024_21_WAS_PHI,2024,21,CON,PHI,WAS,2025-01-26T20:00:00+00:00,39.901,-75.168,11.0,46.5,78.0,-105.0,6.125,16.025,False,True,True,L,-1.0
2025_01_BAL_BUF,2025,1,REG,BUF,BAL,2025-09-08T00:20:00+00:00,42.774,-78.787,8.0,50.5,81.0,-105.0,4.125,16.549999999999997,False,True,False,L,-1.0
2025_01_CAR_JAX,2025,1,REG,JAX,CAR,2025-09-07T17:00:00+00:00,30.324,-81.637,3.0,45.5,36.0,-108.0,7.85,10.85,False,True,False,W,0.925926
2025_01_CIN_CLE,2025,1,REG,CLE,CIN,2025-09-07T17:00:00+00:00,41.506,-81.7,10.0,47.5,33.0,100.0,9.3,14.15,False,True,True,W,1.0
2025_01_DAL_PHI,2025,1,REG,PHI,DAL,2025-09-05T00:20:00+00:00,39.901,-75.168,11.0,47.5,44.0,-110.0,7.075,21.700000000000003,True,True,True,W,0.909091
2025_01_DET_GB,2025,1,REG,GB,DET,2025-09-07T20:25:00+00:00,44.501,-88.062,5.0,48.5,40.0,-115.0,4.25,8.5,False,True,False,W,0.869565
2025_01_LV_NE,2025,1,REG,NE,LV,2025-09-07T17:00:00+00:00,42.091,-71.264,4.0,44.5,33.0,-115.0,4.199999999999999,8.025,False,True,False,W,0.869565
2025_01_MIN_CHI,2025,1,REG,CHI,MIN,2025-09-09T00:15:00+00:00,41.862,-87.617,6.0,43.5,51.0,-112.0,5.6,12.475,False,True,False,L,-1.0
2025_01_NYG_WAS,2025,1,REG,WAS,NYG,2025-09-07T17:00:00+00:00,38.908,-76.865,5.0,45.5,27.0,-110.0,4.5,10.075,False,True,False,W,0.909091
2025_01_PIT_NYJ,2025,1,REG,NYJ,PIT,2025-09-07T17:00:00+00:00,40.813,-74.075,3.0,37.5,66.0,-108.0,1.3250000000000002,7.6,False,True,False,L,-1.0
2025_01_SF_SEA,2025,1,REG,SEA,SF,2025-09-07T20:05:00+00:00,47.595,-122.332,6.0,43.5,30.0,-112.0,4.825,8.0,False,True,False,W,0.892857
2025_01_TEN_DEN,2025,1,REG,DEN,TEN,2025-09-07T20:05:00+00:00,39.744,-105.02,6.0,42.5,32.0,-108.0,6.3,12.275,False,True,False,W,0.925926
2025_02_BUF_NYJ,2025,2,REG,NYJ,BUF,2025-09-14T17:00:00+00:00,40.813,-74.075,3.0,47.5,40.0,-110.0,3.35,6.9,False,True,False,W,0.909091
2025_02_CLE_BAL,2025,2,REG,BAL,CLE,2025-09-14T17:00:00+00:00,39.278,-76.623,3.0,46.5,58.0,-110.0,6.2,8.649999999999999,False,True,False,L,-1.0
2025_02_JAX_CIN,2025,2,REG,CIN,JAX,2025-09-14T17:00:00+00:00,39.096,-84.516,3.0,49.5,58.0,-115.0,3.5,5.6,False,True,False,L,-1.0
2025_02_LA_TEN,2025,2,REG,TEN,LA,2025-09-14T17:00:00+00:00,36.166,-86.771,3.0,41.5,52.0,-112.0,3.325,4.8,False,True,False,L,-1.0
2025_02_NE_MIA,2025,2,REG,MIA,NE,2025-09-14T17:00:00+00:00,25.958,-80.239,4.0,43.5,60.0,-115.0,4.025,6.45,False,True,False,L,-1.0
2025_02_PHI_KC,2025,2,REG,KC,PHI,2025-09-14T20:25:00+00:00,39.049,-94.484,12.0,46.5,37.0,-102.0,6.775,13.6,False,True,True,W,0.980392
2025_02_SEA_PIT,2025,2,REG,PIT,SEA,2025-09-14T17:00:00+00:00,40.447,-80.016,5.0,40.5,48.0,-108.0,6.45,7.500000000000001,False,True,False,L,-1.0
2025_02_WAS_GB,2025,2,REG,GB,WAS,2025-09-12T00:15:00+00:00,44.501,-88.062,7.0,48.5,45.0,-105.0,2.875,5.475,False,True,False,W,0.952381
2025_03_ARI_SF,2025,3,REG,SF,ARI,2025-09-21T20:25:00+00:00,37.403,-121.97,7.0,44.5,31.0,-112.0,9.95,11.25,False,True,False,W,0.892857
2025_03_ATL_CAR,2025,3,REG,CAR,ATL,2025-09-21T17:00:00+00:00,35.226,-80.853,5.0,44.5,30.0,-115.0,5.4,6.875,False,True,False,W,0.869565
2025_03_DAL_CHI,2025,3,REG,CHI,DAL,2025-09-21T20:25:00+00:00,41.862,-87.617,4.0,49.5,45.0,100.0,8.75,12.2,False,True,False,W,1.0
2025_03_DET_BAL,2025,3,REG,BAL,DET,2025-09-23T00:15:00+00:00,39.278,-76.623,7.0,53.5,68.0,-105.0,3.1,11.125,False,True,False,L,-1.0
2025_03_GB_CLE,2025,3,REG,CLE,GB,2025-09-21T17:00:00+00:00,41.506,-81.7,10.0,41.5,23.0,-115.0,4.8,9.375,False,True,True,W,0.869565
2025_03_HOU_JAX,2025,3,REG,JAX,HOU,2025-09-21T17:00:00+00:00,30.324,-81.637,11.0,43.5,27.0,-115.0,12.25,16.125,True,True,True,W,0.869565
2025_03_IND_TEN,2025,3,REG,TEN,IND,2025-09-21T17:00:00+00:00,36.166,-86.771,8.0,43.5,61.0,-115.0,2.575,6.525,False,True,False,L,-1.0
2025_03_KC_NYG,2025,3,REG,NYG,KC,2025-09-22T00:20:00+00:00,40.813,-74.075,5.0,44.5,31.0,-105.0,2.75,8.175,False,True,False,W,0.952381
2025_03_LA_PHI,2025,3,REG,PHI,LA,2025-09-21T17:00:00+00:00,39.901,-75.168,9.0,45.5,59.0,-108.0,7.225,8.100000000000001,False,True,False,L,-1.0
2025_03_LV_WAS,2025,3,REG,WAS,LV,2025-09-21T17:00:00+00:00,38.908,-76.865,6.0,43.5,65.0,-110.0,5.874999999999999,6.825,False,True,False,L,-1.0
2025_03_MIA_BUF,2025,3,REG,BUF,MIA,2025-09-19T00:15:00+00:00,42.774,-78.787,7.0,50.5,52.0,-112.0,6.125,12.75,False,True,False,L,-1.0
2025_03_NO_SEA,2025,3,REG,SEA,NO,2025-09-21T20:05:00+00:00,47.595,-122.332,3.0,41.5,57.0,-108.0,4.9,6.175,False,True,False,L,-1.0
2025_03_NYJ_TB,2025,3,REG,TB,NYJ,2025-09-21T17:00:00+00:00,27.976,-82.503,5.0,43.5,56.0,-115.0,6.9,8.6,False,True,False,L,-1.0
2025_03_PIT_NE,2025,3,REG,NE,PIT,2025-09-21T17:00:00+00:00,42.091,-71.264,5.0,44.5,35.0,-112.0,5.35,7.275,False,True,False,W,0.892857
2025_04_BAL_KC,2025,4,REG,KC,BAL,2025-09-28T20:25:00+00:00,39.049,-94.484,10.0,48.5,57.0,100.0,5.9,7.700000000000001,False,True,True,L,-1.0
2025_04_CAR_NE,2025,4,REG,NE,CAR,2025-09-28T17:00:00+00:00,42.091,-71.264,7.0,42.5,55.0,-108.0,7.025,13.425,False,True,False,L,-1.0
2025_04_CIN_DEN,2025,4,REG,DEN,CIN,2025-09-30T00:15:00+00:00,39.744,-105.02,12.0,44.5,31.0,-115.0,5.550000000000001,12.4,False,True,True,W,0.869565
2025_04_JAX_SF,2025,4,REG,SF,JAX,2025-09-28T20:05:00+00:00,37.403,-121.97,7.0,45.5,47.0,-108.0,7.425000000000001,14.8,False,True,False,L,-1.0
2025_04_LAC_NYG,2025,4,REG,NYG,LAC,2025-09-28T17:00:00+00:00,40.813,-74.075,4.0,43.5,39.0,-115.0,3.575,6.825,False,True,False,W,0.869565
2025_04_MIN_PIT,2025,4,REG,PIT,MIN,2025-09-28T13:30:00+00:00,40.447,-80.016,5.0,41.5,45.0,-115.0,1.725,4.925000000000001,False,True,False,L,-1.0
2025_04_NO_BUF,2025,4,REG,BUF,NO,2025-09-28T17:00:00+00:00,42.774,-78.787,7.0,48.5,50.0,-115.0,6.075,7.65,False,True,False,L,-1.0
2025_04_NYJ_MIA,2025,4,REG,MIA,NYJ,2025-09-29T23:15:00+00:00,25.958,-80.239,17.0,44.5,48.0,-120.0,7.95,19.475,False,True,True,L,-1.0
2025_04_PHI_TB,2025,4,REG,TB,PHI,2025-09-28T17:00:00+00:00,27.976,-82.503,6.0,44.5,56.0,-118.0,4.675,6.074999999999999,False,True,False,L,-1.0
2025_05_DAL_NYJ,2025,5,REG,NYJ,DAL,2025-10-05T17:00:00+00:00,40.813,-74.075,3.0,48.5,59.0,-110.0,3.275,5.1,False,True,False,L,-1.0
2025_05_DEN_PHI,2025,5,REG,PHI,DEN,2025-10-05T17:00:00+00:00,39.901,-75.168,6.0,44.5,38.0,-115.0,3.875,5.75,False,True,False,W,0.869565
2025_05_DET_CIN,2025,5,REG,CIN,DET,2025-10-05T20:25:00+00:00,39.096,-84.516,7.0,49.5,61.0,-112.0,4.500000000000001,9.375,False,True,False,L,-1.0
2025_05_HOU_BAL,2025,5,REG,BAL,HOU,2025-10-05T17:00:00+00:00,39.278,-76.623,2.0,41.5,54.0,-115.0,8.05,9.075,False,True,False,L,-1.0
2025_05_KC_JAX,2025,5,REG,JAX,KC,2025-10-07T00:15:00+00:00,30.324,-81.637,12.0,45.5,59.0,-108.0,6.0,19.475,False,True,True,L,-1.0
2025_05_MIA_CAR,2025,5,REG,CAR,MIA,2025-10-05T17:00:00+00:00,35.226,-80.853,8.0,44.5,51.0,-105.0,5.9750000000000005,10.2,False,True,False,L,-1.0
2025_05_MIN_CLE,2025,5,REG,CLE,MIN,2025-10-05T13:30:00+00:00,41.506,-81.7,14.0,35.5,38.0,-112.0,5.15,9.525,False,True,True,L,-1.0
2025_05_NE_BUF,2025,5,REG,BUF,NE,2025-10-06T00:20:00+00:00,42.774,-78.787,3.0,49.5,43.0,-108.0,5.025,5.824999999999999,False,True,False,W,0.925926
2025_05_TB_SEA,2025,5,REG,SEA,TB,2025-10-05T20:05:00+00:00,47.595,-122.332,8.0,44.5,73.0,-110.0,5.824999999999999,7.6,False,True,False,L,-1.0
2025_06_CHI_WAS,2025,6,REG,WAS,CHI,2025-10-14T00:15:00+00:00,38.908,-76.865,12.0,49.5,49.0,-105.0,9.825,27.45,True,True,True,W,0.952381
2025_06_CIN_GB,2025,6,REG,GB,CIN,2025-10-12T20:25:00+00:00,44.501,-88.062,14.0,44.5,45.0,-110.0,9.2,16.2,False,True,True,L,-1.0
2025_06_CLE_PIT,2025,6,REG,PIT,CLE,2025-10-12T17:00:00+00:00,40.447,-80.016,8.0,37.5,32.0,100.0,6.449999999999999,14.325,False,True,False,W,1.0
2025_06_DAL_CAR,2025,6,REG,CAR,DAL,2025-10-12T17:00:00+00:00,35.226,-80.853,15.0,47.5,57.0,-105.0,11.7,24.5,True,True,True,L,-1.0
2025_06_DEN_NYJ,2025,6,REG,NYJ,DEN,2025-10-12T13:30:00+00:00,40.813,-74.075,6.0,43.5,24.0,-112.0,14.3,30.125000000000004,True,True,False,W,0.892857
2025_06_DET_KC,2025,6,REG,KC,DET,2025-10-13T00:20:00+00:00,39.049,-94.484,13.0,51.5,47.0,-105.0,10.45,22.6,True,True,True,W,0.952381
2025_06_LAC_MIA,2025,6,REG,MIA,LAC,2025-10-12T17:00:00+00:00,25.958,-80.239,4.0,45.5,56.0,-115.0,3.05,5.15,False,True,False,L,-1.0
2025_06_LA_BAL,2025,6,REG,BAL,LA,2025-10-12T17:00:00+00:00,39.278,-76.623,15.0,43.5,20.0,-108.0,12.325,27.95,True,True,True,W,0.925926
2025_06_PHI_NYG,2025,6,REG,NYG,PHI,2025-10-10T00:15:00+00:00,40.813,-74.075,3.0,40.5,51.0,-105.0,3.325,8.875,False,True,False,L,-1.0
2025_06_SEA_JAX,2025,6,REG,JAX,SEA,2025-10-12T17:00:00+00:00,30.324,-81.637,8.0,47.5,32.0,-115.0,7.775,11.2,False,True,False,W,0.869565
2025_06_SF_TB,2025,6,REG,TB,SF,2025-10-12T20:25:00+00:00,27.976,-82.503,10.0,46.5,49.0,-105.0,6.375,10.425,False,True,True,L,-1.0
2025_07_ATL_SF,2025,7,REG,SF,ATL,2025-10-20T00:20:00+00:00,37.403,-121.97,5.0,46.5,30.0,-112.0,7.075000000000001,11.65,False,True,False,W,0.892857
2025_07_CAR_NYJ,2025,7,REG,NYJ,CAR,2025-10-19T17:00:00+00:00,40.813,-74.075,13.0,39.5,19.0,-102.0,15.45,24.85,True,True,True,W,0.980392
2025_07_HOU_SEA,2025,7,REG,SEA,HOU,2025-10-21T02:00:00+00:00,47.595,-122.332,5.0,41.5,46.0,-110.0,2.2,5.275,False,True,False,L,-1.0
2025_07_LA_JAX,2025,7,REG,JAX,LA,2025-10-19T13:30:00+00:00,30.324,-81.637,9.0,44.5,42.0,-105.0,9.475,17.55,False,True,False,W,0.952381
2025_07_LV_KC,2025,7,REG,KC,LV,2025-10-19T17:00:00+00:00,39.049,-94.484,9.0,44.5,31.0,-115.0,10.4,18.8,True,True,False,W,0.869565
2025_07_MIA_CLE,2025,7,REG,CLE,MIA,2025-10-19T17:00:00+00:00,41.506,-81.7,17.0,34.5,37.0,-112.0,11.15,24.275,True,True,True,L,-1.0
2025_07_NE_TEN,2025,7,REG,TEN,NE,2025-10-19T17:00:00+00:00,36.166,-86.771,18.0,40.5,44.0,-108.0,12.7,27.050000000000004,True,True,True,L,-1.0
2025_07_NO_CHI,2025,7,REG,CHI,NO,2025-10-19T17:00:00+00:00,41.862,-87.617,8.0,43.5,40.0,-110.0,12.2,27.575,True,True,False,W,0.909091
2025_07_NYG_DEN,2025,7,REG,DEN,NYG,2025-10-19T20:05:00+00:00,39.744,-105.02,3.0,39.5,65.0,-105.0,4.825,10.75,False,True,False,L,-1.0
2025_07_PIT_CIN,2025,7,REG,CIN,PIT,2025-10-17T00:15:00+00:00,39.096,-84.516,5.0,45.5,64.0,-115.0,1.9000000000000004,2.55,False,True,False,L,-1.0
2025_08_BUF_CAR,2025,8,REG,CAR,BUF,2025-10-26T17:00:00+00:00,35.226,-80.853,9.0,47.5,49.0,-108.0,5.749999999999999,7.675,False,True,False,L,-1.0
2025_08_CHI_BAL,2025,8,REG,BAL,CHI,2025-10-26T17:00:00+00:00,39.278,-76.623,2.0,45.5,46.0,-112.0,2.825,8.05,False,True,False,L,-1.0
2025_08_CLE_NE,2025,8,REG,NE,CLE,2025-10-26T17:00:00+00:00,42.091,-71.264,7.0,40.5,45.0,-115.0,9.775,15.85,False,True,False,L,-1.0
2025_08_DAL_DEN,2025,8,REG,DEN,DAL,2025-10-26T20:25:00+00:00,39.744,-105.02,4.0,51.5,68.0,-110.0,6.6,10.7,False,True,False,L,-1.0
2025_08_GB_PIT,2025,8,REG,PIT,GB,2025-10-27T00:20:00+00:00,40.447,-80.016,5.0,46.5,60.0,-115.0,1.775,5.375,False,True,False,L,-1.0
2025_08_NYG_PHI,2025,8,REG,PHI,NYG,2025-10-26T17:00:00+00:00,39.901,-75.168,4.0,43.5,58.0,-108.0,3.375,6.875,False,True,False,L,-1.0
2025_08_NYJ_CIN,2025,8,REG,CIN,NYJ,2025-10-26T17:00:00+00:00,39.096,-84.516,8.0,43.5,77.0,-102.0,7.749999999999999,11.125,False,True,False,L,-1.0
2025_08_WAS_KC,2025,8,REG,KC,WAS,2025-10-28T00:15:00+00:00,39.049,-94.484,8.0,48.5,35.0,-115.0,4.25,10.75,False,True,False,W,0.869565
2025_09_ATL_NE,2025,9,REG,NE,ATL,2025-11-02T18:00:00+00:00,42.091,-71.264,7.0,45.5,47.0,-112.0,9.275,16.1,False,True,False,L,-1.0
2025_09_BAL_MIA,2025,9,REG,MIA,BAL,2025-10-31T00:15:00+00:00,25.958,-80.239,5.0,51.5,34.0,-110.0,6.475,16.55,False,True,False,W,0.909091
2025_09_CAR_GB,2025,9,REG,GB,CAR,2025-11-02T18:00:00+00:00,44.501,-88.062,15.0,43.5,29.0,-115.0,12.375,26.375,True,True,True,W,0.869565
2025_09_CHI_CIN,2025,9,REG,CIN,CHI,2025-11-02T18:00:00+00:00,39.096,-84.516,6.0,51.5,89.0,-108.0,2.05,3.925,False,True,False,L,-1.0
2025_09_IND_PIT,2025,9,REG,PIT,IND,2025-11-02T18:00:00+00:00,40.447,-80.016,2.0,51.5,47.0,-105.0,3.875,9.9,False,True,False,W,0.952381
2025_09_KC_BUF,2025,9,REG,BUF,KC,2025-11-02T21:25:00+00:00,42.774,-78.787,6.0,53.5,49.0,-115.0,4.5,8.775,False,True,False,W,0.869565
2025_09_LAC_TEN,2025,9,REG,TEN,LAC,2025-11-02T18:00:00+00:00,36.166,-86.771,5.0,44.5,47.0,-110.0,3.0,4.5,False,True,False,L,-1.0
2025_09_SEA_WAS,2025,9,REG,WAS,SEA,2025-11-03T01:20:00+00:00,38.908,-76.865,3.0,47.5,52.0,-115.0,3.95,7.2,False,True,False,L,-1.0
2025_09_SF_NYG,2025,9,REG,NYG,SF,2025-11-02T18:00:00+00:00,40.813,-74.075,5.0,47.5,58.0,-108.0,6.95,12.75,False,True,False,L,-1.0
2025_10_ARI_SEA,2025,10,REG,SEA,ARI,2025-11-09T21:05:00+00:00,47.595,-122.332,5.0,44.5,66.0,-102.0,3.3,8.85,False,True,False,L,-1.0
2025_10_BUF_MIA,2025,10,REG,MIA,BUF,2025-11-09T18:00:00+00:00,25.958,-80.239,6.0,50.5,43.0,-115.0,6.375,8.925,False,True,False,W,0.869565
2025_10_CLE_NYJ,2025,10,REG,NYJ,CLE,2025-11-09T18:00:00+00:00,40.813,-74.075,12.0,37.5,47.0,-115.0,8.925,19.35,False,True,True,L,-1.0
2025_10_DET_WAS,2025,10,REG,WAS,DET,2025-11-09T21:25:00+00:00,38.908,-76.865,9.0,49.5,66.0,-112.0,3.3,7.325000000000001,False,True,False,L,-1.0
2025_10_LA_SF,2025,10,REG,SF,LA,2025-11-09T21:25:00+00:00,37.403,-121.97,3.0,49.5,68.0,-110.0,4.9750000000000005,6.925000000000001,False,True,False,L,-1.0
2025_10_LV_DEN,2025,10,REG,DEN,LV,2025-11-07T01:15:00+00:00,39.744,-105.02,10.0,42.5,17.0,-110.0,3.475,6.374999999999999,False,True,True,W,0.909091
2025_10_NE_TB,2025,10,REG,TB,NE,2025-11-09T18:00:00+00:00,27.976,-82.503,11.0,48.5,51.0,-105.0,7.5,12.325,False,True,True,L,-1.0
2025_10_NO_CAR,2025,10,REG,CAR,NO,2025-11-09T18:00:00+00:00,35.226,-80.853,15.0,38.5,24.0,-105.0,12.3,24.4,True,True,True,W,0.952381
2025_10_NYG_CHI,2025,10,REG,CHI,NYG,2025-11-09T18:00:00+00:00,41.862,-87.617,10.0,45.5,44.0,-112.0,14.475,24.275,True,True,True,W,0.892857
2025_10_PHI_GB,2025,10,REG,GB,PHI,2025-11-11T01:15:00+00:00,44.501,-88.062,9.0,45.5,17.0,-108.0,6.1000000000000005,18.725,False,True,False,W,0.925926
2025_11_BAL_CLE,2025,11,REG,CLE,BAL,2025-11-16T21:25:00+00:00,41.506,-81.7,20.0,37.5,39.0,-105.0,20.625,28.475,True,True,True,L,-1.0
2025_11_CIN_PIT,2025,11,REG,PIT,CIN,2025-11-16T18:00:00+00:00,40.447,-80.016,17.0,48.5,46.0,-110.0,15.275,27.950000000000003,True,True,True,W,0.909091
2025_11_DET_PHI,2025,11,REG,PHI,DET,2025-11-17T01:20:00+00:00,39.901,-75.168,15.0,46.5,25.0,-108.0,13.325,32.725,True,True,True,W,0.925926
2025_11_GB_NYG,2025,11,REG,NYG,GB,2025-11-16T18:00:00+00:00,40.813,-74.075,17.0,41.5,47.0,-110.0,18.65,33.5,True,True,True,L,-1.0
2025_11_HOU_TEN,2025,11,REG,TEN,HOU,2025-11-16T18:00:00+00:00,36.166,-86.771,8.0,37.5,29.0,-118.0,8.725,18.4,False,True,False,W,0.847458
2025_11_KC_DEN,2025,11,REG,DEN,KC,2025-11-16T21:25:00+00:00,39.744,-105.02,6.0,44.5,41.0,-110.0,6.75,12.7,False,True,False,W,0.909091
2025_11_LAC_JAX,2025,11,REG,JAX,LAC,2025-11-16T18:00:00+00:00,30.324,-81.637,9.0,43.5,41.0,-110.0,12.375,19.275,True,True,False,W,0.909091
2025_11_NYJ_NE,2025,11,REG,NE,NYJ,2025-11-14T01:15:00+00:00,42.091,-71.264,9.0,43.5,41.0,-115.0,7.425000000000001,18.5,False,True,False,W,0.869565
2025_11_TB_BUF,2025,11,REG,BUF,TB,2025-11-16T18:00:00+00:00,42.774,-78.787,20.0,46.5,76.0,-112.0,16.3,31.450000000000003,True,True,True,L,-1.0
2025_11_WAS_MIA,2025,11,REG,MIA,WAS,2025-11-16T14:30:00+00:00,25.958,-80.239,,47.5,29.0,-110.0,4.550000000000001,7.475,False,True,False,W,0.909091
2025_12_CAR_SF,2025,12,REG,SF,CAR,2025-11-25T01:15:00+00:00,37.403,-121.97,3.0,48.5,29.0,-105.0,2.0,3.625,False,True,False,W,0.952381
2025_12_IND_KC,2025,12,REG,KC,IND,2025-11-23T18:00:00+00:00,39.049,-94.484,,50.5,43.0,-112.0,5.15,6.475,False,True,False,W,0.892857
2025_12_MIN_GB,2025,12,REG,GB,MIN,2025-11-23T18:00:00+00:00,44.501,-88.062,10.0,41.5,29.0,-112.0,6.625,16.725,False,True,True,W,0.892857
2025_12_NE_CIN,2025,12,REG,CIN,NE,2025-11-23T18:00:00+00:00,39.096,-84.516,7.0,50.5,46.0,-102.0,4.175,7.05,False,True,False,W,0.980392
2025_12_NYJ_BAL,2025,12,REG,BAL,NYJ,2025-11-23T18:00:00+00:00,39.278,-76.623,3.0,44.5,33.0,-102.0,9.625,23.825,True,True,False,W,0.980392
2025_12_PIT_CHI,2025,12,REG,CHI,PIT,2025-11-23T18:00:00+00:00,41.862,-87.617,3.0,46.5,59.0,-108.0,2.1,7.125,False,True,False,L,-1.0
2025_12_SEA_TEN,2025,12,REG,TEN,SEA,2025-11-23T18:00:00+00:00,36.166,-86.771,1.0,41.5,54.0,-110.0,1.2999999999999998,1.725,False,True,False,L,-1.0
2025_13_ARI_TB,2025,13,REG,TB,ARI,2025-11-30T18:00:00+00:00,27.976,-82.503,8.0,44.5,37.0,-108.0,6.075,8.225,False,True,False,W,0.925926
2025_13_ATL_NYJ,2025,13,REG,NYJ,ATL,2025-11-30T18:00:00+00:00,40.813,-74.075,8.0,38.5,51.0,-105.0,6.075,18.35,False,True,False,L,-1.0
2025_13_BUF_PIT,2025,13,REG,PIT,BUF,2025-11-30T21:25:00+00:00,40.447,-80.016,16.0,44.5,33.0,-112.0,12.400000000000002,24.675,True,True,True,W,0.892857
2025_13_CHI_PHI,2025,13,REG,PHI,CHI,2025-11-28T20:00:00+00:00,39.901,-75.168,18.0,43.5,39.0,-115.0,14.075,27.575000000000003,True,True,True,W,0.869565
2025_13_CIN_BAL,2025,13,REG,BAL,CIN,2025-11-28T01:20:00+00:00,39.278,-76.623,11.0,52.5,46.0,-115.0,10.175,26.575,True,True,True,W,0.869565
2025_13_DEN_WAS,2025,13,REG,WAS,DEN,2025-12-01T01:20:00+00:00,38.908,-76.865,13.0,43.5,53.0,-112.0,3.975,15.15,False,True,True,L,-1.0
2025_13_JAX_TEN,2025,13,REG,TEN,JAX,2025-11-30T18:00:00+00:00,36.166,-86.771,7.0,42.5,28.0,-105.0,7.399999999999999,10.575,False,True,False,W,0.952381
2025_13_LA_CAR,2025,13,REG,CAR,LA,2025-11-30T18:00:00+00:00,35.226,-80.853,3.0,44.5,59.0,-105.0,2.125,8.625,False,True,False,L,-1.0
2025_13_MIN_SEA,2025,13,REG,SEA,MIN,2025-11-30T21:05:00+00:00,47.595,-122.332,2.0,42.5,26.0,-110.0,2.775,4.1,False,True,False,W,0.909091
2025_13_NO_MIA,2025,13,REG,MIA,NO,2025-11-30T18:00:00+00:00,25.958,-80.239,10.0,41.5,38.0,-105.0,7.475,14.325,False,True,True,W,0.952381
2025_13_NYG_NE,2025,13,REG,NE,NYG,2025-12-02T01:15:00+00:00,42.091,-71.264,5.0,46.5,48.0,-105.0,3.975,8.0,False,True,False,L,-1.0
2025_13_SF_CLE,2025,13,REG,CLE,SF,2025-11-30T18:00:00+00:00,41.506,-81.7,20.0,35.5,34.0,-112.0,20.725,32.474999999999994,True,True,True,W,0.892857
2025_14_CHI_GB,2025,14,REG,GB,CHI,2025-12-07T21:25:00+00:00,44.501,-88.062,9.0,44.5,49.0,-115.0,4.125,8.825000000000001,False,True,False,L,-1.0
2025_14_CIN_BUF,2025,14,REG,BUF,CIN,2025-12-07T18:00:00+00:00,42.774,-78.787,12.0,54.5,73.0,-108.0,9.05,20.05,True,True,True,L,-1.0
2025_14_HOU_KC,2025,14,REG,KC,HOU,2025-12-08T01:20:00+00:00,39.049,-94.484,8.0,41.5,30.0,-110.0,4.725,6.949999999999999,False,True,False,W,0.909091
2025_14_IND_JAX,2025,14,REG,JAX,IND,2025-12-07T18:00:00+00:00,30.324,-81.637,7.0,44.5,55.0,-105.0,6.325,9.125,False,True,False,L,-1.0
2025_14_MIA_NYJ,2025,14,REG,NYJ,MIA,2025-12-07T18:00:00+00:00,40.813,-74.075,6.0,41.5,44.0,-112.0,7.35,14.975,False,True,False,L,-1.0
2025_14_NO_TB,2025,14,REG,TB,NO,2025-12-07T18:00:00+00:00,27.976,-82.503,6.0,41.5,44.0,-105.0,5.2,10.825,False,True,False,L,-1.0
2025_14_PIT_BAL,2025,14,REG,BAL,PIT,2025-12-07T18:00:00+00:00,39.278,-76.623,6.0,43.5,49.0,-105.0,5.825,10.7,False,True,False,L,-1.0
2025_14_TEN_CLE,2025,14,REG,CLE,TEN,2025-12-07T18:00:00+00:00,41.506,-81.7,6.0,33.5,60.0,-105.0,6.275,10.625,False,True,False,L,-1.0
2025_15_ATL_TB,2025,15,REG,TB,ATL,2025-12-12T01:15:00+00:00,27.976,-82.503,5.0,43.5,57.0,-110.0,2.475,5.95,False,True,False,L,-1.0
2025_15_BAL_CIN,2025,15,REG,CIN,BAL,2025-12-14T18:00:00+00:00,39.096,-84.516,7.0,51.5,24.0,-110.0,7.425,13.825,False,True,False,W,0.909091
2025_15_BUF_NE,2025,15,REG,NE,BUF,2025-12-14T18:00:00+00:00,42.091,-71.264,6.0,49.5,66.0,-105.0,11.325,22.825,True,True,False,L,-1.0
2025_15_CLE_CHI,2025,15,REG,CHI,CLE,2025-12-14T18:00:00+00:00,41.862,-87.617,6.0,38.5,34.0,-115.0,7.75,10.375,False,True,False,W,0.869565
2025_15_GB_DEN,2025,15,REG,DEN,GB,2025-12-14T21:25:00+00:00,39.744,-105.02,3.0,42.5,60.0,-115.0,4.4,6.775,False,True,False,L,-1.0
2025_15_IND_SEA,2025,15,REG,SEA,IND,2025-12-14T21:25:00+00:00,47.595,-122.332,9.0,41.5,34.0,-108.0,6.2,20.025,True,True,False,W,0.925926
2025_15_LAC_KC,2025,15,REG,KC,LAC,2025-12-14T18:00:00+00:00,39.049,-94.484,,41.5,29.0,-108.0,3.125,3.5250000000000004,False,True,False,W,0.925926
2025_15_LV_PHI,2025,15,REG,PHI,LV,2025-12-14T18:00:00+00:00,39.901,-75.168,20.0,37.5,31.0,-118.0,14.225,26.525,True,True,True,W,0.847458
2025_15_MIA_PIT,2025,15,REG,PIT,MIA,2025-12-16T01:15:00+00:00,40.447,-80.016,7.0,42.5,43.0,-105.0,3.075,8.9,False,True,False,L,-1.0
2025_15_NYJ_JAX,2025,15,REG,JAX,NYJ,2025-12-14T18:00:00+00:00,30.324,-81.637,11.0,40.5,68.0,-115.0,12.275,19.85,True,True,True,L,-1.0
2025_15_TEN_SF,2025,15,REG,SF,TEN,2025-12-14T21:25:00+00:00,37.403,-121.97,4.0,44.5,61.0,-112.0,2.05,2.625,False,True,False,L,-1.0
2025_15_WAS_NYG,2025,15,REG,NYG,WAS,2025-12-14T18:00:00+00:00,40.813,-74.075,13.0,46.5,50.0,-115.0,13.55,24.125,True,True,True,L,-1.0
2025_16_BUF_CLE,2025,16,REG,CLE,BUF,2025-12-21T18:00:00+00:00,41.506,-81.7,16.0,41.5,43.0,-118.0,13.925,17.275000000000002,True,True,True,L,-1.0
2025_16_CIN_MIA,2025,16,REG,MIA,CIN,2025-12-21T18:00:00+00:00,25.958,-80.239,7.0,48.5,66.0,-112.0,8.025,9.725,False,True,False,L,-1.0
2025_16_GB_CHI,2025,16,REG,CHI,GB,2025-12-21T01:20:00+00:00,41.862,-87.617,6.0,45.5,38.0,-115.0,13.125,34.575,True,True,False,W,0.869565
2025_16_JAX_DEN,2025,16,REG,DEN,JAX,2025-12-21T21:05:00+00:00,39.744,-105.02,3.0,46.5,54.0,-108.0,3.025,7.775,False,True,False,L,-1.0
2025_16_KC_TEN,2025,16,REG,TEN,KC,2025-12-21T18:00:00+00:00,36.166,-86.771,8.0,37.5,35.0,-110.0,9.15,13.8,False,True,False,W,0.909091
2025_16_LA_SEA,2025,16,REG,SEA,LA,2025-12-19T01:15:00+00:00,47.595,-122.332,17.0,42.5,75.0,-105.0,14.125,35.5,True,True,True,L,-1.0
2025_16_MIN_NYG,2025,16,REG,NYG,MIN,2025-12-21T18:00:00+00:00,40.813,-74.075,20.0,41.5,29.0,-115.0,16.75,28.65,True,True,True,W,0.869565
2025_16_NE_BAL,2025,16,REG,BAL,NE,2025-12-22T01:20:00+00:00,39.278,-76.623,2.0,48.5,52.0,-112.0,2.1,10.8,False,True,False,L,-1.0
2025_16_PHI_WAS,2025,16,REG,WAS,PHI,2025-12-20T22:00:00+00:00,38.908,-76.865,7.0,43.5,47.0,-110.0,4.475,12.15,False,True,False,L,-1.0
2025_16_TB_CAR,2025,16,REG,CAR,TB,2025-12-21T18:00:00+00:00,35.226,-80.853,8.0,44.5,43.0,-108.0,7.975,12.575,False,True,False,W,0.925926
2025_17_ARI_CIN,2025,17,REG,CIN,ARI,2025-12-28T18:00:00+00:00,39.096,-84.516,9.0,52.5,51.0,-105.0,14.9,35.3,True,True,False,W,0.952381
2025_17_BAL_GB,2025,17,REG,GB,BAL,2025-12-28T01:00:00+00:00,44.501,-88.062,10.0,38.5,65.0,-115.0,7.475,21.6,True,True,True,L,-1.0
2025_17_CHI_SF,2025,17,REG,SF,CHI,2025-12-29T01:20:00+00:00,37.403,-121.97,5.0,51.5,80.0,-112.0,9.45,13.2,False,True,False,L,-1.0
2025_17_DAL_WAS,2025,17,REG,WAS,DAL,2025-12-25T18:00:00+00:00,38.908,-76.865,7.0,50.5,53.0,-108.0,8.875,22.475,True,True,False,L,-1.0
2025_17_DEN_KC,2025,17,REG,KC,DEN,2025-12-26T01:15:00+00:00,39.049,-94.484,,37.5,33.0,100.0,8.45,18.35,False,True,False,W,1.0
2025_17_NE_NYJ,2025,17,REG,NYJ,NE,2025-12-28T18:00:00+00:00,40.813,-74.075,4.0,42.5,52.0,-112.0,4.45,13.3,False,True,False,L,-1.0
2025_17_NO_TEN,2025,17,REG,TEN,NO,2025-12-28T18:00:00+00:00,36.166,-86.771,14.0,39.5,60.0,-118.0,15.075,29.575000000000003,True,True,True,L,-1.0
2025_17_PHI_BUF,2025,17,REG,BUF,PHI,2025-12-28T21:25:00+00:00,42.774,-78.787,6.0,45.5,25.0,-115.0,5.75,10.625,False,True,False,W,0.869565
2025_17_PIT_CLE,2025,17,REG,CLE,PIT,2025-12-28T18:00:00+00:00,41.506,-81.7,14.0,35.5,19.0,-112.0,10.325,21.6,True,True,True,W,0.892857
2025_17_SEA_CAR,2025,17,REG,CAR,SEA,2025-12-28T18:00:00+00:00,35.226,-80.853,2.0,42.5,37.0,-110.0,1.975,3.9,False,True,False,W,0.909091
2025_17_TB_MIA,2025,17,REG,MIA,TB,2025-12-28T18:00:00+00:00,25.958,-80.239,3.0,44.5,37.0,-118.0,5.15,6.275,False,True,False,W,0.847458
2025_18_BAL_PIT,2025,18,REG,PIT,BAL,2026-01-05T01:20:00+00:00,40.447,-80.016,3.0,41.5,50.0,-110.0,2.425,5.025,False,True,False,L,-1.0
2025_18_CAR_TB,2025,18,REG,TB,CAR,2026-01-03T21:30:00+00:00,27.976,-82.503,11.0,43.5,30.0,-118.0,5.55,15.724999999999998,False,True,True,W,0.847458
2025_18_CLE_CIN,2025,18,REG,CIN,CLE,2026-01-04T18:00:00+00:00,39.096,-84.516,0.0,47.5,38.0,-118.0,1.825,4.175000000000001,False,True,False,W,0.847458
2025_18_DAL_NYG,2025,18,REG,NYG,DAL,2026-01-04T18:00:00+00:00,40.813,-74.075,7.0,50.5,51.0,-115.0,9.925,13.75,False,True,False,L,-1.0
2025_18_DET_CHI,2025,18,REG,CHI,DET,2026-01-04T21:25:00+00:00,41.862,-87.617,4.0,51.5,35.0,-115.0,6.15,12.925,False,True,False,W,0.869565
2025_18_LAC_DEN,2025,18,REG,DEN,LAC,2026-01-04T21:25:00+00:00,39.744,-105.02,8.0,37.5,22.0,-105.0,9.55,20.8,True,True,False,W,0.952381
2025_18_MIA_NE,2025,18,REG,NE,MIA,2026-01-04T21:25:00+00:00,42.091,-71.264,6.0,44.5,48.0,-112.0,4.525,15.1,False,True,False,L,-1.0
2025_18_NYJ_BUF,2025,18,REG,BUF,NYJ,2026-01-04T21:25:00+00:00,42.774,-78.787,13.0,39.5,43.0,-115.0,11.125,21.325,True,True,True,L,-1.0
2025_18_SEA_SF,2025,18,REG,SF,SEA,2026-01-04T01:00:00+00:00,37.403,-121.97,8.0,47.5,16.0,-105.0,8.5,18.575,False,True,False,W,0.952381
2025_18_TEN_JAX,2025,18,REG,JAX,TEN,2026-01-04T18:00:00+00:00,30.324,-81.637,8.0,46.5,48.0,-112.0,6.775,9.325,False,True,False,L,-1.0
2025_18_WAS_PHI,2025,18,REG,PHI,WAS,2026-01-04T21:25:00+00:00,39.901,-75.168,9.0,38.5,41.0,-108.0,7.0,14.825,False,True,False,L,-1.0
2025_19_BUF_JAX,2025,19,WC,JAX,BUF,2026-01-11T18:00:00+00:00,30.324,-81.637,6.0,51.5,51.0,-112.0,11.275,18.875,True,True,False,W,0.892857
2025_19_GB_CHI,2025,19,WC,CHI,GB,2026-01-11T01:00:00+00:00,41.862,-87.617,6.0,45.5,58.0,-115.0,11.125,23.925,True,True,False,L,-1.0
2025_19_HOU_PIT,2025,19,WC,PIT,HOU,2026-01-13T01:00:00+00:00,40.447,-80.016,9.0,38.5,36.0,-115.0,2.875,15.025000000000002,False,True,False,W,0.869565
2025_19_LAC_NE,2025,19,WC,NE,LAC,2026-01-12T01:00:00+00:00,42.091,-71.264,10.0,45.5,19.0,-108.0,13.575,34.375,True,True,True,W,0.925926
2025_19_LA_CAR,2025,19,WC,CAR,LA,2026-01-10T21:30:00+00:00,35.226,-80.853,16.0,44.5,65.0,-108.0,12.825,30.325,True,True,True,L,-1.0
2025_19_SF_PHI,2025,19,WC,PHI,SF,2026-01-11T21:30:00+00:00,39.901,-75.168,22.0,44.5,42.0,-115.0,16.375,33.5,True,True,True,W,0.869565
2025_20_BUF_DEN,2025,20,DIV,DEN,BUF,2026-01-17T21:30:00+00:00,39.744,-105.02,5.0,45.5,63.0,-112.0,3.2,7.275,False,True,False,L,-1.0
2025_20_HOU_NE,2025,20,DIV,NE,HOU,2026-01-18T20:00:00+00:00,42.091,-71.264,2.0,40.5,44.0,-105.0,3.45,8.6,False,True,False,L,-1.0
2025_20_LA_CHI,2025,20,DIV,CHI,LA,2026-01-18T23:30:00+00:00,41.862,-87.617,6.0,49.5,37.0,-110.0,10.1,23.025,True,True,False,W,0.909091
2025_20_SF_SEA,2025,20,DIV,SEA,SF,2026-01-18T01:00:00+00:00,47.595,-122.332,5.0,44.5,47.0,-118.0,3.075,11.25,False,True,False,L,-1.0
2025_21_LA_SEA,2025,21,CON,SEA,LA,2026-01-25T23:30:00+00:00,47.595,-122.332,2.0,45.5,58.0,-105.0,2.625,3.925,False,True,False,L,-1.0
2025_21_NE_DEN,2025,21,CON,DEN,NE,2026-01-25T20:00:00+00:00,39.744,-105.02,10.0,43.5,17.0,-118.0,13.8,21.3,True,True,True,W,0.847458
2025_22_SEA_NE,2025,22,SB,NE,SEA,2026-02-08T23:30:00+00:00,37.403,-121.97,7.0,45.5,42.0,-115.0,10.225,17.0,True,True,False,W,0.869565
2026_01_ATL_PIT,2026,1,REG,PIT,ATL,2026-09-13T17:00:00+00:00,40.447,-80.016,4.0,40.5,33.0,-108.0,4.9,9.75,False,True,False,W,0.925926
2026_01_CHI_CAR,2026,1,REG,CAR,CHI,2026-09-13T17:00:00+00:00,35.226,-80.853,2.0,47.5,96.0,-115.0,2.15,5.65,False,True,False,L,-1.0
2026_01_CLE_JAX,2026,1,REG,JAX,CLE,2026-09-13T17:00:00+00:00,30.324,-81.637,3.0,40.5,44.0,-118.0,5.5,7.424999999999999,False,True,False,L,-1.0
2026_01_DAL_NYG,2026,1,REG,NYG,DAL,2026-09-14T00:20:00+00:00,40.813,-74.075,7.0,47.5,48.0,-105.0,2.075,4.1,False,True,False,L,-1.0
2026_01_DEN_KC,2026,1,REG,KC,DEN,2026-09-15T00:15:00+00:00,39.049,-94.484,13.0,42.5,41.0,-110.0,11.8,22.8,True,True,True,W,0.909091
2026_01_NE_SEA,2026,1,REG,SEA,NE,2026-09-10T00:20:00+00:00,47.595,-122.332,6.0,44.5,23.0,-112.0,3.875,6.9750000000000005,False,True,False,W,0.892857
2026_01_NYJ_TEN,2026,1,REG,TEN,NYJ,2026-09-13T17:00:00+00:00,36.166,-86.771,2.0,39.5,33.0,-110.0,3.275,6.999999999999999,False,True,False,W,0.909091
2026_01_TB_CIN,2026,1,REG,CIN,TB,2026-09-13T17:00:00+00:00,39.096,-84.516,7.0,50.5,60.0,-112.0,8.024999999999999,15.225,False,True,False,L,-1.0
2026_01_WAS_PHI,2026,1,REG,PHI,WAS,2026-09-13T20:25:00+00:00,39.901,-75.168,7.0,43.5,46.0,-105.0,2.45,8.625,False,True,False,L,-1.0
2026_02_CLE_TB,2026,2,REG,TB,CLE,2026-09-20T17:00:00+00:00,27.976,-82.503,4.0,41.5,42.0,-112.0,2.5,3.6000000000000005,False,True,False,L,-1.0
2026_02_DET_BUF,2026,2,REG,BUF,DET,2026-09-18T00:15:00+00:00,42.775,-78.786,4.0,54.5,72.0,-102.0,2.175,4.35,False,True,False,L,-1.0
2026_02_GB_NYJ,2026,2,REG,NYJ,GB,2026-09-20T17:00:00+00:00,40.813,-74.075,7.0,44.5,37.0,-110.0,5.8500000000000005,18.225,False,True,False,W,0.909091
2026_02_IND_KC,2026,2,REG,KC,IND,2026-09-21T00:20:00+00:00,39.049,-94.484,10.0,46.5,63.0,-118.0,5.5,12.525,False,True,True,L,-1.0
2026_02_JAX_DEN,2026,2,REG,DEN,JAX,2026-09-20T20:05:00+00:00,39.744,-105.02,12.0,45.5,33.0,-110.0,6.299999999999999,8.924999999999999,False,True,True,W,0.909091
2026_02_MIA_SF,2026,2,REG,SF,MIA,2026-09-20T20:25:00+00:00,37.403,-121.97,5.0,44.5,48.0,-105.0,8.45,8.75,False,True,False,L,-1.0
2026_02_MIN_CHI,2026,2,REG,CHI,MIN,2026-09-20T17:00:00+00:00,41.862,-87.617,8.0,46.5,12.0,-105.0,8.575,15.825,False,True,False,W,0.952381
2026_02_NO_BAL,2026,2,REG,BAL,NO,2026-09-20T17:00:00+00:00,39.278,-76.623,10.0,45.5,41.0,-115.0,4.550000000000001,11.525,False,True,True,W,0.869565
2026_02_PHI_TEN,2026,2,REG,TEN,PHI,2026-09-20T17:00:00+00:00,36.166,-86.771,5.0,39.5,44.0,-108.0,4.55,10.175,False,True,False,L,-1.0
2026_02_PIT_NE,2026,2,REG,NE,PIT,2026-09-20T17:00:00+00:00,42.091,-71.264,7.0,41.5,23.0,-115.0,5.975,14.1,False,True,False,W,0.869565
2026_03_ARI_SF,2026,3,REG,SF,ARI,2026-09-27T20:05:00+00:00,37.403,-121.97,4.0,48.5,66.0,-108.0,12.65,14.7,True,True,False,L,-1.0
2026_03_ATL_GB,2026,3,REG,GB,ATL,2026-09-25T00:15:00+00:00,44.501,-88.062,5.0,43.5,49.0,-118.0,1.725,4.975,False,True,False,L,-1.0
2026_03_BAL_DAL,2026,3,REG,DAL,BAL,2026-09-27T20:25:00+00:00,-22.912,-43.23,7.0,53.5,65.0,100.0,4.55,13.875,False,True,False,L,-1.0
2026_03_CAR_CLE,2026,3,REG,CLE,CAR,2026-09-27T17:00:00+00:00,41.506,-81.7,12.0,41.5,39.0,-105.0,10.8,16.224999999999998,True,True,True,W,0.952381
2026_03_CIN_PIT,2026,3,REG,PIT,CIN,2026-09-27T17:00:00+00:00,40.447,-80.016,12.0,42.5,57.0,-108.0,11.425,20.325,True,True,True,L,-1.0
2026_03_KC_MIA,2026,3,REG,MIA,KC,2026-09-27T17:00:00+00:00,25.958,-80.239,5.0,45.5,34.0,-115.0,3.575,6.025,False,True,False,W,0.869565
2026_03_LAC_BUF,2026,3,REG,BUF,LAC,2026-09-27T17:00:00+00:00,42.775,-78.786,12.0,50.5,40.0,-115.0,11.5,18.725,True,True,True,W,0.869565
2026_03_LA_DEN,2026,3,REG,DEN,LA,2026-09-28T00:20:00+00:00,39.744,-105.02,10.0,43.5,56.0,-105.0,5.4,9.625000000000002,False,True,True,L,-1.0
2026_03_MIN_TB,2026,3,REG,TB,MIN,2026-09-27T20:05:00+00:00,27.976,-82.503,7.0,42.5,39.0,-108.0,5.325,8.125,False,True,False,W,0.925926
2026_03_NE_JAX,2026,3,REG,JAX,NE,2026-09-27T17:00:00+00:00,30.324,-81.637,7.0,46.5,41.0,-110.0,5.475,8.775,False,True,False,W,0.909091
2026_03_PHI_CHI,2026,3,REG,CHI,PHI,2026-09-29T00:15:00+00:00,41.862,-87.617,3.0,42.5,34.0,-112.0,2.25,4.425,False,True,False,W,0.892857
2026_03_SEA_WAS,2026,3,REG,WAS,SEA,2026-09-27T17:00:00+00:00,38.908,-76.865,13.0,40.5,64.0,-112.0,11.9,31.025,True,True,True,L,-1.0
2026_03_TEN_NYG,2026,3,REG,NYG,TEN,2026-09-27T17:00:00+00:00,40.813,-74.075,10.0,37.5,19.0,-108.0,12.275,29.175,True,True,True,W,0.925926
2026_04_ARI_NYG,2026,4,REG,NYG,ARI,2026-10-04T17:00:00+00:00,40.813,-74.075,9.0,44.5,60.0,-115.0,6.675,11.675,False,True,False,L,-1.0
2026_04_DEN_SF,2026,4,REG,SF,DEN,2026-10-04T20:25:00+00:00,37.403,-121.97,4.0,48.5,38.0,-115.0,9.425,11.675,False,True,False,W,0.869565
2026_04_DET_CAR,2026,4,REG,CAR,DET,2026-10-05T00:20:00+00:00,35.226,-80.853,2.0,52.5,58.0,-115.0,0.75,2.4,False,True,False,L,-1.0
2026_04_GB_TB,2026,4,REG,TB,GB,2026-10-04T17:00:00+00:00,27.976,-82.503,3.0,38.5,31.0,-105.0,1.2000000000000002,5.15,False,True,False,W,0.952381
2026_04_IND_WAS,2026,4,REG,WAS,IND,2026-10-04T13:30:00+00:00,51.604,-0.066,7.0,46.5,43.0,-112.0,5.425000000000001,12.2,False,True,False,W,0.892857
2026_04_JAX_CIN,2026,4,REG,CIN,JAX,2026-10-04T17:00:00+00:00,39.096,-84.516,4.0,51.5,39.0,-110.0,2.55,5.1,False,True,False,W,0.909091
2026_04_LAC_SEA,2026,4,REG,SEA,LAC,2026-10-04T20:25:00+00:00,47.595,-122.332,3.0,42.5,53.0,-102.0,2.85,6.7250000000000005,False,True,False,L,-1.0
2026_04_LA_PHI,2026,4,REG,PHI,LA,2026-10-04T17:00:00+00:00,39.901,-75.168,9.0,42.5,44.0,100.0,8.95,16.45,False,True,False,L,-1.0
2026_04_NE_BUF,2026,4,REG,BUF,NE,2026-10-04T17:00:00+00:00,42.775,-78.786,11.0,49.5,55.0,-112.0,11.6,17.400000000000002,True,True,True,L,-1.0
2026_04_NYJ_CHI,2026,4,REG,CHI,NYJ,2026-10-04T17:00:00+00:00,41.862,-87.617,3.0,43.5,35.0,-110.0,7.775,13.1,False,True,False,W,0.909091
2026_04_PIT_CLE,2026,4,REG,CLE,PIT,2026-10-02T00:15:00+00:00,41.506,-81.7,11.0,38.5,51.0,-115.0,10.925,24.9,True,True,True,L,-1.0
2026_04_TEN_BAL,2026,4,REG,BAL,TEN,2026-10-04T17:00:00+00:00,39.278,-76.623,6.0,42.5,42.0,-115.0,4.35,9.65,False,True,False,W,0.869565
